idiom,variant_id,prefix,status,alpha_factor,sample_i,continuation,label
up in the air,1,"After the meeting, everyone agreed the launch date was still up in the air",DRAFT-needs-2nd-annotator-validation,-4.78,0," and the meeting should be held every month.
This meeting was held on 17th September, 2018. We had three members in attendance: David, Daniel and myself. We talked about the different ideas that we had for the website and decided",FIGURATIVE
up in the air,1,"After the meeting, everyone agreed the launch date was still up in the air",DRAFT-needs-2nd-annotator-validation,-4.78,1,", but the target launch date was still October 5. There was one issue that needed to be solved before then, the issue of the control board. The control board is the computer that controls the launch. It’s been programmed by the computer company",FIGURATIVE
up in the air,1,"After the meeting, everyone agreed the launch date was still up in the air",DRAFT-needs-2nd-annotator-validation,-4.78,2,", and that they had to wait for more information about the location. This was because they had to be sure the location was safe for the launch. They also needed to be sure the location was high enough for the rocket to reach space.
After the",LITERAL
up in the air,1,"After the meeting, everyone agreed the launch date was still up in the air",DRAFT-needs-2nd-annotator-validation,-4.78,3,", but that we would like to have it as soon as possible. We all agreed that we would like to have it for the 3rd of May. The next meeting is on the 16th of April, and we will be working on",FIGURATIVE
up in the air,1,"After the meeting, everyone agreed the launch date was still up in the air",DRAFT-needs-2nd-annotator-validation,-4.78,4,", but the location was now confirmed. The new launch location is in the middle of the town, right outside of the bank building. The bank building is the only building in the middle of town. The building is not yet finished. It is still",FIGURATIVE
up in the air,1,"After the meeting, everyone agreed the launch date was still up in the air",DRAFT-needs-2nd-annotator-validation,-3.59,0,". The last person to leave was the old man, who was on the floor looking at the ceiling. He was holding a large bottle of rum in his hand. He then turned to face the room, and said in a low voice, ""I",LITERAL
up in the air,1,"After the meeting, everyone agreed the launch date was still up in the air",DRAFT-needs-2nd-annotator-validation,-3.59,1,", and we’d like to thank everyone who came. If you missed it, we’ll be having another one in January, and we’ll post more info on that soon.
If you’re interested in being on the launch team, or would like to",UNPARSEABLE
up in the air,1,"After the meeting, everyone agreed the launch date was still up in the air",DRAFT-needs-2nd-annotator-validation,-3.59,2,". This was not good news for the boys. The older ones, who were the ones responsible for the launch, were very upset that the date was not set. They were still in the process of building the launch pad. It was very important that",FIGURATIVE
up in the air,1,"After the meeting, everyone agreed the launch date was still up in the air",DRAFT-needs-2nd-annotator-validation,-3.59,3,", and they would keep working on it. The date was set for the 18th of June. They also decided that they would get some other people from the club to help with the launch.
At the next meeting, the club had a guest",FIGURATIVE
up in the air,1,"After the meeting, everyone agreed the launch date was still up in the air",DRAFT-needs-2nd-annotator-validation,-3.59,4,", but the 4th of July was a good date to set.
After the meeting, everyone agreed the launch date was still up in the air, but the 4th of July was a good date to set. After the meeting, everyone",LITERAL
up in the air,1,"After the meeting, everyone agreed the launch date was still up in the air",DRAFT-needs-2nd-annotator-validation,-2.39,0,. The launch was on schedule. The launch was on schedule. The launch was on schedule. The launch was on schedule. The launch was on schedule. The launch was on schedule. The launch was on schedule. The launch was on schedule. The,INCOHERENT
up in the air,1,"After the meeting, everyone agreed the launch date was still up in the air",DRAFT-needs-2nd-annotator-validation,-2.39,1,", but the main reason for the delay was because of the current state of the economy. They were also considering the fact that the government had passed a bill that would allow for more money to be spent on advertising. This was something that the company had",FIGURATIVE
up in the air,1,"After the meeting, everyone agreed the launch date was still up in the air",DRAFT-needs-2nd-annotator-validation,-2.39,2,. But they agreed that it would be a good idea to move forward and make the launch date concrete. They decided to set a date of 10/24/14. They also agreed that they would have to get the boat in the water before,FIGURATIVE
up in the air,1,"After the meeting, everyone agreed the launch date was still up in the air",DRAFT-needs-2nd-annotator-validation,-2.39,3,", but that the event would be hosted at the 2010 Winter Olympic Games in Vancouver. The 2010 Winter Olympics will be held in Vancouver, British Columbia, Canada. The first ever Winter Olympics were held in Chamonix, France,",LITERAL
up in the air,1,"After the meeting, everyone agreed the launch date was still up in the air",DRAFT-needs-2nd-annotator-validation,-2.39,4,". We’ll see what happens. It’s a bit of a tight schedule. It’s a little bit of a problem, but I’m looking forward to it. We’ll have to see what happens.",FIGURATIVE
up in the air,1,"After the meeting, everyone agreed the launch date was still up in the air",DRAFT-needs-2nd-annotator-validation,-1.2,0,", so they decided to leave it for another day, and return to the discussion the next day.
When they returned to the discussion, they had already agreed on the launch date, so they decided to leave it for another day, and return to the",FIGURATIVE
up in the air,1,"After the meeting, everyone agreed the launch date was still up in the air",DRAFT-needs-2nd-annotator-validation,-1.2,1,. The only thing we could all agree on was that it had to be soon. And then everyone went home.,FIGURATIVE
up in the air,1,"After the meeting, everyone agreed the launch date was still up in the air",DRAFT-needs-2nd-annotator-validation,-1.2,2,". It was decided that the meeting would be held at 10 a.m. the following Monday, which would be the day of the launch. The group agreed that the meeting would be held at the same place, and everyone had to be there by",FIGURATIVE
up in the air,1,"After the meeting, everyone agreed the launch date was still up in the air",DRAFT-needs-2nd-annotator-validation,-1.2,3,. The next meeting was scheduled for the 15th of September. The first meeting of the new group was held at the start of September. The group discussed the issues they had in the previous meeting. They also discussed how to make the next meeting,FIGURATIVE
up in the air,1,"After the meeting, everyone agreed the launch date was still up in the air",DRAFT-needs-2nd-annotator-validation,-1.2,4,". I am so excited to share this new design with you all! I will keep you updated on the launch date, as well as all the details.",FIGURATIVE
up in the air,1,"After the meeting, everyone agreed the launch date was still up in the air",DRAFT-needs-2nd-annotator-validation,0.0,0,", but they wanted to get moving. So they set a date to meet again in a week. Then, they made a list of tasks and responsibilities.
The group agreed that they would all work together to accomplish the tasks. Each person would be responsible",FIGURATIVE
up in the air,1,"After the meeting, everyone agreed the launch date was still up in the air",DRAFT-needs-2nd-annotator-validation,0.0,1,". It was still too early to tell. As a result, the group agreed to meet again in a couple of weeks.
They talked about some other issues, but as the meeting was winding down, I started to think about something that had happened earlier",FIGURATIVE
up in the air,1,"After the meeting, everyone agreed the launch date was still up in the air",DRAFT-needs-2nd-annotator-validation,0.0,2,", but they all wanted to know more. So we gave them a link to our new site and told them to check back in a few weeks. And that was it.
Until the next day, when we got a call from a reporter for a",FIGURATIVE
up in the air,1,"After the meeting, everyone agreed the launch date was still up in the air",DRAFT-needs-2nd-annotator-validation,0.0,3,".
""Can we launch on the 18th?"" asked one of the scientists.
""Of course not,"" said the CEO, ""that's a Friday. We can't launch on a Friday.""
""Can we launch on the 19th?""",FIGURATIVE
up in the air,1,"After the meeting, everyone agreed the launch date was still up in the air",DRAFT-needs-2nd-annotator-validation,0.0,4,". The first thing we needed to do was to find out what the minimum requirements for the launch were. If the minimum requirements were met, we would set the launch date. If the minimum requirements were not met, we would set a new date.
",FIGURATIVE
up in the air,1,"After the meeting, everyone agreed the launch date was still up in the air",DRAFT-needs-2nd-annotator-validation,1.2,0,". The next meeting would be on March 9th. I guess I'll be getting back to the drawing board.
And I'm out of here.",FIGURATIVE
up in the air,1,"After the meeting, everyone agreed the launch date was still up in the air",DRAFT-needs-2nd-annotator-validation,1.2,1,".
But now, the team has a plan.
""We're going to go to the launch site,"" said Mike Hildebrand, vice president of space systems for the company.
Hildebrand said the team is also working on the payload.
It will",FIGURATIVE
up in the air,1,"After the meeting, everyone agreed the launch date was still up in the air",DRAFT-needs-2nd-annotator-validation,1.2,2,". As of now, the launch date is still unknown. We will continue to update everyone as soon as we have more information.
We also want to remind everyone that we will be having our annual meeting on Sunday, June 5th at 2",FIGURATIVE
up in the air,1,"After the meeting, everyone agreed the launch date was still up in the air",DRAFT-needs-2nd-annotator-validation,1.2,3,". The only thing that was certain was that the launch date would be announced no later than the next meeting, which was scheduled for the end of March. In the meantime, the members of the group agreed to continue to meet every two weeks. This",FIGURATIVE
up in the air,1,"After the meeting, everyone agreed the launch date was still up in the air",DRAFT-needs-2nd-annotator-validation,1.2,4,". We didn’t get a lot of time to talk about it, but it seemed that the general idea was that we’d try and get it done in December. But, the question of what to do about the website was raised. We discussed it",FIGURATIVE
up in the air,1,"After the meeting, everyone agreed the launch date was still up in the air",DRAFT-needs-2nd-annotator-validation,2.39,0,". As we all know, the date for the launch of the iPhone 5 is still unknown. The launch of the iPhone 5 is rumored to take place on September 12th. This is the date that the Apple launch event will be held",FIGURATIVE
up in the air,1,"After the meeting, everyone agreed the launch date was still up in the air",DRAFT-needs-2nd-annotator-validation,2.39,1,", and that there was no reason to wait. So they went on to discuss the next step: the design. There were a few options on the table, but the consensus was that the new design should be simple, clean, and modern. It",FIGURATIVE
up in the air,1,"After the meeting, everyone agreed the launch date was still up in the air",DRAFT-needs-2nd-annotator-validation,2.39,2,", and we left the meeting with a lot of information and a few unanswered questions. I called my friend and colleague who was on the launch team and we went through everything together. She said she would call me back later in the day with answers to",FIGURATIVE
up in the air,1,"After the meeting, everyone agreed the launch date was still up in the air",DRAFT-needs-2nd-annotator-validation,2.39,3,". They all agreed that it was important to keep it secret from the public until the day of the launch.
The next meeting was held on 6th March 2008 at 7:30pm in the meeting room at the Old Library.
",LITERAL
up in the air,1,"After the meeting, everyone agreed the launch date was still up in the air",DRAFT-needs-2nd-annotator-validation,2.39,4,", but that it would be a while before the final decision was made.
The meeting concluded with a vote on the bylaws, which were passed unanimously. The board was tasked with drafting a bylaws amendment that would clarify that the board would consist of",FIGURATIVE
up in the air,1,"After the meeting, everyone agreed the launch date was still up in the air",DRAFT-needs-2nd-annotator-validation,3.59,0,". It was only a few days before the launch, and they had no idea if the launch would even go through. The engineers were still working hard to get the satellite ready for launch. The last thing they wanted to do was to let everyone down",FIGURATIVE
up in the air,1,"After the meeting, everyone agreed the launch date was still up in the air",DRAFT-needs-2nd-annotator-validation,3.59,1,", and no one was sure if it would be launched this year or next year. Everyone was waiting for the new CEO of SpaceX to make a decision on this.
I know, right? I’m so excited about the future of SpaceX. I’m",FIGURATIVE
up in the air,1,"After the meeting, everyone agreed the launch date was still up in the air",DRAFT-needs-2nd-annotator-validation,3.59,2,". I was feeling the pressure, and I was also feeling the excitement. I was nervous about what the future would hold for me and my company. Would I be able to make it happen? Would I be able to make it happen on time?",LITERAL
up in the air,1,"After the meeting, everyone agreed the launch date was still up in the air",DRAFT-needs-2nd-annotator-validation,3.59,3,". The last minute changes to the event schedule and the time constraints would make it impossible to complete the event on time.
The meeting concluded with everyone agreeing to meet the following week to go over the final details of the event.",FIGURATIVE
up in the air,1,"After the meeting, everyone agreed the launch date was still up in the air",DRAFT-needs-2nd-annotator-validation,3.59,4,". I have to say, the way the team worked together was great. I am looking forward to seeing how things progress in the future.",FIGURATIVE
up in the air,1,"After the meeting, everyone agreed the launch date was still up in the air",DRAFT-needs-2nd-annotator-validation,4.78,0,". In the meantime, the team needed to get the website ready for the big day.
With the help of our friends at The Web Design Company, we set about getting the website ready for launch. The first thing to do was to make sure the",LITERAL
up in the air,1,"After the meeting, everyone agreed the launch date was still up in the air",DRAFT-needs-2nd-annotator-validation,4.78,1,", and they’d be ready in a few months. A few weeks later, the CEO of the company called a meeting with the heads of the sales and marketing departments. He told them that the launch was being pushed back six months. The sales department",LITERAL
up in the air,1,"After the meeting, everyone agreed the launch date was still up in the air",DRAFT-needs-2nd-annotator-validation,4.78,2,", but we were all pretty much in agreement that it had to be before the end of the month. I was on the phone with my boss at the time, and she had a few questions about the project and what the launch would entail. I",FIGURATIVE
up in the air,1,"After the meeting, everyone agreed the launch date was still up in the air",DRAFT-needs-2nd-annotator-validation,4.78,3,. The company had to make some more decisions before they could finalize the launch date. The company had to decide on the size of the team that would be working on the product and whether they would use external contractors or hire new employees. The company also,FIGURATIVE
up in the air,1,"After the meeting, everyone agreed the launch date was still up in the air",DRAFT-needs-2nd-annotator-validation,4.78,4,". The launch of the product is scheduled for mid-September. The next meeting will be held in mid-August, and the team will discuss the final details of the launch plan and the marketing strategy.",FIGURATIVE
up in the air,2,"Following the storm, the old kite got caught and stayed up in the air",DRAFT-needs-2nd-annotator-validation,-4.78,0," tower. A few days later, it was still up there. So I flew a new one. The first time I flew it, it got caught in the same tree. But this time it was just a little too heavy and couldn’t get up",LITERAL
up in the air,2,"Following the storm, the old kite got caught and stayed up in the air",DRAFT-needs-2nd-annotator-validation,-4.78,1," tree. The new kite is a lot smaller than the old one. It is a good kite to fly on windy days. It does not fly as well in still air, so if you want to fly it in still air you can use it as",FIGURATIVE
up in the air,2,"Following the storm, the old kite got caught and stayed up in the air",DRAFT-needs-2nd-annotator-validation,-4.78,2," of the tree for several days. The kite is made of a stiff cardboard tube and a few strips of paper.
We are in the process of moving to a new house, and we are taking with us a lot of the stuff we collected over the",LITERAL
up in the air,2,"Following the storm, the old kite got caught and stayed up in the air",DRAFT-needs-2nd-annotator-validation,-4.78,3," tree for days. I found it one day while I was walking the dog. The old kite was a constant reminder that the storm had come and gone. The storm was over, but it had left its mark.",FIGURATIVE
up in the air,2,"Following the storm, the old kite got caught and stayed up in the air",DRAFT-needs-2nd-annotator-validation,-4.78,4, tree. My mother was upset because the kite was her birthday present and it was ruined. My father was upset because the kite was his favorite and it was ruined. I was upset because the kite was my favorite and it was ruined. The kite was,FIGURATIVE
up in the air,2,"Following the storm, the old kite got caught and stayed up in the air",DRAFT-needs-2nd-annotator-validation,-3.59,0," tree for a few days. It was a bit of a worry for a while, but it was never going to come down. It was too big, and the tree was too strong. I was always going to win.
The new kite was also",LITERAL
up in the air,2,"Following the storm, the old kite got caught and stayed up in the air",DRAFT-needs-2nd-annotator-validation,-3.59,1, tree. I got it down and put it back in the kite box. I had to clean the windows. It was a nice day. I went to the store and bought some fruit for the birds and the cat. I also got some food for,LITERAL
up in the air,2,"Following the storm, the old kite got caught and stayed up in the air",DRAFT-needs-2nd-annotator-validation,-3.59,2," in the tree for weeks. Finally it came down when the tree broke. The kite flew in the house and all over the garden.
We had a storm last night. The wind blew hard and the rain came down. In the morning the sky was",FIGURATIVE
up in the air,2,"Following the storm, the old kite got caught and stayed up in the air",DRAFT-needs-2nd-annotator-validation,-3.59,3," tree.
The kite was lost and the child cried for it.
The kite was gone and the child cried.
The kite was not found and the child cried.
The kite was gone and the child cried for it.
The kite was gone and the child",LITERAL
up in the air,2,"Following the storm, the old kite got caught and stayed up in the air",DRAFT-needs-2nd-annotator-validation,-3.59,4," tree. I was able to get the kite out of the tree, but I was too late to save the kite.
I had a kite that I had made in my 4th grade class. It was a simple, 3 color, triangle",LITERAL
up in the air,2,"Following the storm, the old kite got caught and stayed up in the air",DRAFT-needs-2nd-annotator-validation,-2.39,0," for about a week. I was able to take some pictures of it. The photos are not great, but it's the only evidence I have of this amazing kite.",FIGURATIVE
up in the air,2,"Following the storm, the old kite got caught and stayed up in the air",DRAFT-needs-2nd-annotator-validation,-2.39,1,", making the wind blow through it. The kite became a kite maker and made more kites. The kite maker then flew one of the kites and the kite maker became a kite maker. The kite maker flew one of the kites and the",INCOHERENT
up in the air,2,"Following the storm, the old kite got caught and stayed up in the air",DRAFT-needs-2nd-annotator-validation,-2.39,2,". The new kite is in the photo with the old kite in the background.
The kite is made from a piece of balsa wood and a piece of cardboard. It is attached to the string with a piece of tape. The string is tied to",LITERAL
up in the air,2,"Following the storm, the old kite got caught and stayed up in the air",DRAFT-needs-2nd-annotator-validation,-2.39,3," for a few days. Then the wind died down and the kite fell down. It fell down on the ground. The kite had a long tail, so it couldn't get up again. The kite was a big mess.
The kite looked like this",LITERAL
up in the air,2,"Following the storm, the old kite got caught and stayed up in the air",DRAFT-needs-2nd-annotator-validation,-2.39,4," for a while, and then it came down and flew around the yard.
It is amazing to see the strength of the wind and the power of the storm.
When the storm is over, the sky is clear, the sun is shining and everything is",FIGURATIVE
up in the air,2,"Following the storm, the old kite got caught and stayed up in the air",DRAFT-needs-2nd-annotator-validation,-1.2,0,", and the kite flew away.
A. true
B. false
Answer: B",FIGURATIVE
up in the air,2,"Following the storm, the old kite got caught and stayed up in the air",DRAFT-needs-2nd-annotator-validation,-1.2,1," for a while. It’s not the same kite anymore.
Previous PostPrevious You will find me in the mountains.
Next PostNext I’m not a girl, I’m a woman.",FIGURATIVE
up in the air,2,"Following the storm, the old kite got caught and stayed up in the air",DRAFT-needs-2nd-annotator-validation,-1.2,2," for a long time. The old kite was the kite that my parents got for me when I was a kid. I remember when it got caught in the wind, I was so excited to get it down and play with it again. The old kite",LITERAL
up in the air,2,"Following the storm, the old kite got caught and stayed up in the air",DRAFT-needs-2nd-annotator-validation,-1.2,3," for a while. The kite was tied to the trees, but the trees were not strong enough to hold it. So, the kite fell down to the ground. The kite was very sad and upset. The kite was hurt and scared.
The kite",LITERAL
up in the air,2,"Following the storm, the old kite got caught and stayed up in the air",DRAFT-needs-2nd-annotator-validation,-1.2,4,". So I made a new one and it's stronger and can fly even in the wind.
I know it looks like a fish but it's a bird.",LITERAL
up in the air,2,"Following the storm, the old kite got caught and stayed up in the air",DRAFT-needs-2nd-annotator-validation,0.0,0," for three days. It looked like it was just flying around in circles, but the old kite knew better. It knew that it was flying in a perfect circle, the same circle it had flown many times before. The old kite knew that its true",LITERAL
up in the air,2,"Following the storm, the old kite got caught and stayed up in the air",DRAFT-needs-2nd-annotator-validation,0.0,1, for a long time. It is a rare sight to see a kite flying high in the sky for a long time. The kite is a symbol of a child’s dream. The kite is also a symbol of the hope of the old kite. The,FIGURATIVE
up in the air,2,"Following the storm, the old kite got caught and stayed up in the air",DRAFT-needs-2nd-annotator-validation,0.0,2," for two days. It was a little bit of a problem, but it was a good one. I was going to have to fix it anyway.
I did manage to get a picture of the kite before it flew away.",LITERAL
up in the air,2,"Following the storm, the old kite got caught and stayed up in the air",DRAFT-needs-2nd-annotator-validation,0.0,3,". The kite flew away from the beach and eventually ended up in the sky.
The kite flew away from the beach and eventually ended up in the sky.
Following the storm, the old kite got caught and stayed up in the air. The kite flew",FIGURATIVE
up in the air,2,"Following the storm, the old kite got caught and stayed up in the air",DRAFT-needs-2nd-annotator-validation,0.0,4," for several days. When the kite finally came down, I noticed that the string was frayed. This is a picture of what the string looked like before the kite went up. I was amazed that the kite stayed up in the air for 4",LITERAL
up in the air,2,"Following the storm, the old kite got caught and stayed up in the air",DRAFT-needs-2nd-annotator-validation,1.2,0,. It was a good kite and we are sad to see it go. But we will get another one soon and make it a new year kite.,LITERAL
up in the air,2,"Following the storm, the old kite got caught and stayed up in the air",DRAFT-needs-2nd-annotator-validation,1.2,1," for days. The kite was a little tattered, but it was still a great kite. My kite is a little battered, but it’s still my favorite kite. I was lucky that it was not completely destroyed.
My kite is a little battered",FIGURATIVE
up in the air,2,"Following the storm, the old kite got caught and stayed up in the air",DRAFT-needs-2nd-annotator-validation,1.2,2,".
As I was working on a kite project at the local youth centre, I was looking up on the ceiling and saw the old kite hanging from the ceiling. It was not the first time that I saw the kite flying high up in the air.
",LITERAL
up in the air,2,"Following the storm, the old kite got caught and stayed up in the air",DRAFT-needs-2nd-annotator-validation,1.2,3,".
On the way to work, I passed a house that had been hit hard by the storm. The house had a number of large trees down, and the entire roof was missing. I thought the house was vacant, but I later found out that",INCOHERENT
up in the air,2,"Following the storm, the old kite got caught and stayed up in the air",DRAFT-needs-2nd-annotator-validation,1.2,4," for 2 weeks. It was a windy storm, but not so windy that the kite was able to fly by itself. I was able to watch the kite for a week or two, but then it was gone. The kite is now back in",LITERAL
up in the air,2,"Following the storm, the old kite got caught and stayed up in the air",DRAFT-needs-2nd-annotator-validation,2.39,0," for the next two months, until it finally broke loose and came back down to earth, in one piece. I thought that would be the end of it, but it wasn’t. It seems that the old kite is still flying around the sky,",LITERAL
up in the air,2,"Following the storm, the old kite got caught and stayed up in the air",DRAFT-needs-2nd-annotator-validation,2.39,1,. It's been there for two years. It's like a kite monument.,FIGURATIVE
up in the air,2,"Following the storm, the old kite got caught and stayed up in the air",DRAFT-needs-2nd-annotator-validation,2.39,2,". I was able to rescue it by climbing the tree. The kite was damaged and had to be replaced. I had been practicing with a new kite and decided to test it out in the wind. The kite flew really well, and I enjoyed the",LITERAL
up in the air,2,"Following the storm, the old kite got caught and stayed up in the air",DRAFT-needs-2nd-annotator-validation,2.39,3,". The new kite was launched and it was a good flight. The old kite came down and was not damaged. It is still flying.
A kite is a flying object made to move in the air. It is made by attaching string or wire to",LITERAL
up in the air,2,"Following the storm, the old kite got caught and stayed up in the air",DRAFT-needs-2nd-annotator-validation,2.39,4,". The kite is now a piece of art, a symbol of hope and a reminder of the strength of the community. It is now on permanent display in the school's new library.",FIGURATIVE
up in the air,2,"Following the storm, the old kite got caught and stayed up in the air",DRAFT-needs-2nd-annotator-validation,3.59,0,". It was almost like a kite that flew for itself. In the beginning it was a dark gray, but over time it became more and more white. The wind and rain washed it out. The kite could have been thrown away, but it was",FIGURATIVE
up in the air,2,"Following the storm, the old kite got caught and stayed up in the air",DRAFT-needs-2nd-annotator-validation,3.59,1," for a while. It was a bit of a surprise to find it in the front yard one morning. I guess I should be glad it didn’t get taken over by the neighborhood squirrels.
I just love the colors on this one. I also",FIGURATIVE
up in the air,2,"Following the storm, the old kite got caught and stayed up in the air",DRAFT-needs-2nd-annotator-validation,3.59,2,". We tried to fly it several times, but it was too heavy. We thought it would be fun to make a lighter version. We started with a piece of old plastic bag. We added a little bit of the old kite. We made a",INCOHERENT
up in the air,2,"Following the storm, the old kite got caught and stayed up in the air",DRAFT-needs-2nd-annotator-validation,3.59,3,". So the old kite had to stay up and was a bit of a nuisance. Then the old kite got stuck up in the tree and was a bit of a pain.
The old kite was a bit of a nuisance. So the old kite got",FIGURATIVE
up in the air,2,"Following the storm, the old kite got caught and stayed up in the air",DRAFT-needs-2nd-annotator-validation,3.59,4,". I thought about it, and decided to keep it there. It was just a little too beautiful to take down. It was the first kite I made, and it had seen a lot of weather. It was still flying strong, even if it",FIGURATIVE
up in the air,2,"Following the storm, the old kite got caught and stayed up in the air",DRAFT-needs-2nd-annotator-validation,4.78,0,". So I figured it might be a good time to share some pictures of it. It’s a little battered, but it’s still flying.
This entry was posted in Kites and tagged kite, storm. Bookmark the permalink.",FIGURATIVE
up in the air,2,"Following the storm, the old kite got caught and stayed up in the air",DRAFT-needs-2nd-annotator-validation,4.78,1,". It was a good kite, and I knew that it could have been a lot worse. I had just gone to the trouble of sewing it back together after the last storm, so I knew that it was probably going to be a while before I",LITERAL
up in the air,2,"Following the storm, the old kite got caught and stayed up in the air",DRAFT-needs-2nd-annotator-validation,4.78,2,", but I had to take it down. The storm that night was strong and the kite was too close to the house. I was concerned that it would come down and hit the house, and I didn't want to take the chance.
The kite",LITERAL
up in the air,2,"Following the storm, the old kite got caught and stayed up in the air",DRAFT-needs-2nd-annotator-validation,4.78,3,". The kite had been flying for a while, and the winds were strong, so it took some time to get it down. It was a big kite, and the storm had caused a lot of damage, so I was a little nervous about what",LITERAL
up in the air,2,"Following the storm, the old kite got caught and stayed up in the air",DRAFT-needs-2nd-annotator-validation,4.78,4,". I didn’t have time to repair it and it was a few years old. The new kite was a little more exciting. I was excited to see how it would fly. It was a little lighter than the old one, so it was a",LITERAL
in hot water,1,"After missing the deadline twice, Marco knew he was in hot water",DRAFT-needs-2nd-annotator-validation,-4.78,0," and he would have to find a way to get out of it.
In this episode, we get to know Marco and his story. He talks about how he went from being a criminal to being a successful business owner. He explains what he did to",LITERAL
in hot water,1,"After missing the deadline twice, Marco knew he was in hot water",DRAFT-needs-2nd-annotator-validation,-4.78,1," and had to move fast. He was going to have to get some answers and fast. He had to know what was going on. What was going on with his life, his job, and his relationship? He knew he had to find out and",FIGURATIVE
in hot water,1,"After missing the deadline twice, Marco knew he was in hot water",DRAFT-needs-2nd-annotator-validation,-4.78,2," and had to make a decision. He was a good student, and had a good GPA. He was an excellent athlete, and was captain of his basketball team. He was a good son, and helped take care of his family when he could.",FIGURATIVE
in hot water,1,"After missing the deadline twice, Marco knew he was in hot water",DRAFT-needs-2nd-annotator-validation,-4.78,3," with his teacher, but he didn’t care. He had spent hours and hours on the project and was determined to finish it. He felt the deadline was unfair, but he had to finish the project. Marco’s parents had a talk with him and",FIGURATIVE
in hot water,1,"After missing the deadline twice, Marco knew he was in hot water",DRAFT-needs-2nd-annotator-validation,-4.78,4,", so he rushed to get the project done. But he was still late.
When Marco turned in the project, his professor was very angry.
""Marco, I told you to finish the project by the end of the last week, and you didn",FIGURATIVE
in hot water,1,"After missing the deadline twice, Marco knew he was in hot water",DRAFT-needs-2nd-annotator-validation,-3.59,0,". He called the court and they told him that they would not accept his payment until the day before the hearing. He tried to get his employer to pay for the hearing, but they refused to pay. So, he paid the money the day before",FIGURATIVE
in hot water,1,"After missing the deadline twice, Marco knew he was in hot water",DRAFT-needs-2nd-annotator-validation,-3.59,1," to get his report in on time. After all, he had a big test coming up, and he had to study for it. He was hoping his report would be ready for his teacher to read. He knew he had to put in the effort",FIGURATIVE
in hot water,1,"After missing the deadline twice, Marco knew he was in hot water",DRAFT-needs-2nd-annotator-validation,-3.59,2,". He had to get to the top of the mountain as fast as possible. He had to make it up the 300 steps in 10 minutes. He had 10 minutes to get to the top of the mountain.
Marco knew that his time",FIGURATIVE
in hot water,1,"After missing the deadline twice, Marco knew he was in hot water",DRAFT-needs-2nd-annotator-validation,-3.59,3," and had to quickly get the job done. Marco had a few choices. He could have waited for the deadline to pass and hope for the best, or he could have made a few changes and resubmitted the document. The second option seemed like",FIGURATIVE
in hot water,1,"After missing the deadline twice, Marco knew he was in hot water",DRAFT-needs-2nd-annotator-validation,-3.59,4, with the boss. It was his second chance to get his assignment done. He was in a hurry and didn’t want to waste any time. He sat down and started to work. He finished the first part of the assignment in 45 minutes.,FIGURATIVE
in hot water,1,"After missing the deadline twice, Marco knew he was in hot water",DRAFT-needs-2nd-annotator-validation,-2.39,0,". He had to go to the store to get some things and his mom had to go to work. Marco was not happy with his situation, and he was sure that his parents were not either. Marco was angry and he was scared.
Marco’s",LITERAL
in hot water,1,"After missing the deadline twice, Marco knew he was in hot water",DRAFT-needs-2nd-annotator-validation,-2.39,1,". He called his friend and asked for a loan of $50,000. Marco has a good credit history and a good job, so the bank agreed to lend him the money. But Marco had to pay back the loan in one year. He",LITERAL
in hot water,1,"After missing the deadline twice, Marco knew he was in hot water",DRAFT-needs-2nd-annotator-validation,-2.39,2,". He decided to run a mile to cool down. He ran as fast as he could, but the water caught up with him. He was not going to make it to the finish line. He tried to run faster, but he was exhausted.",FIGURATIVE
in hot water,1,"After missing the deadline twice, Marco knew he was in hot water",DRAFT-needs-2nd-annotator-validation,-2.39,3,. He was going to be kicked out of school. He had no idea what he would do. He had never done anything wrong. He was just a little slow. His teacher always said he was smart. But he was always late to class.,FIGURATIVE
in hot water,1,"After missing the deadline twice, Marco knew he was in hot water",DRAFT-needs-2nd-annotator-validation,-2.39,4,". He took a deep breath, took a pen in hand and started writing.
He looked at his watch. It was 6:00 p.m. He was still 10 minutes late. He had to hurry up. The deadline was at ",FIGURATIVE
in hot water,1,"After missing the deadline twice, Marco knew he was in hot water",DRAFT-needs-2nd-annotator-validation,-1.2,0,".
He tried to give the excuse that he was in the hospital, but the judge wasn't buying it.
""Did you not see the notice of the deadline?"" asked the judge.
""No, I didn't,"" Marco answered. ""I was in",LITERAL
in hot water,1,"After missing the deadline twice, Marco knew he was in hot water",DRAFT-needs-2nd-annotator-validation,-1.2,1,".
In the summer of 2016, Marco, a 21-year-old student, had to choose between a job and his studies. He was so determined to complete his degree that he chose to work in the kitchen of a local restaurant in order",FIGURATIVE
in hot water,1,"After missing the deadline twice, Marco knew he was in hot water",DRAFT-needs-2nd-annotator-validation,-1.2,2,". He had to complete the assignment by the end of the month. He was sure he would fail the class because of his procrastination.
His teacher gave him the assignment in the middle of the month. He was in the middle of studying for his",FIGURATIVE
in hot water,1,"After missing the deadline twice, Marco knew he was in hot water",DRAFT-needs-2nd-annotator-validation,-1.2,3,". He had to find a way to get out of this mess.
He had promised to get his friend to the airport on time, but when he realized he would be late, he tried to get his friend to cancel the trip. Unfortunately, his",FIGURATIVE
in hot water,1,"After missing the deadline twice, Marco knew he was in hot water",DRAFT-needs-2nd-annotator-validation,-1.2,4,". He was sure he had everything, but somehow the files were lost. The next day he received a letter from the IRS. The letter said that he owed $100,000 in back taxes, and that he had 21 days to pay the",LITERAL
in hot water,1,"After missing the deadline twice, Marco knew he was in hot water",DRAFT-needs-2nd-annotator-validation,0.0,0,". He had to make up for lost time. He didn’t want to miss his chance to get a promotion, but he knew he had to do something to get out of the hole he was in. He had been working for the company for years",FIGURATIVE
in hot water,1,"After missing the deadline twice, Marco knew he was in hot water",DRAFT-needs-2nd-annotator-validation,0.0,1,". He decided to approach his boss and ask for a third time. He walked into his boss’s office, and his boss looked at him and said, “I don’t know what you are trying to do, but it is not working. You",LITERAL
in hot water,1,"After missing the deadline twice, Marco knew he was in hot water",DRAFT-needs-2nd-annotator-validation,0.0,2," with the boss. He decided to call a meeting with his manager to make things right.
When he walked into the office, he could see his manager at his desk. He could tell by the look on his face that he was not in a good",LITERAL
in hot water,1,"After missing the deadline twice, Marco knew he was in hot water",DRAFT-needs-2nd-annotator-validation,0.0,3,". The due date for his tax return was coming up, and he was still working on it. He knew he would get a late fee if he didn’t file on time, but he didn’t care. He had a lot on his plate and",LITERAL
in hot water,1,"After missing the deadline twice, Marco knew he was in hot water",DRAFT-needs-2nd-annotator-validation,0.0,4,". But he didn't let that stop him from turning in a last-minute proposal for the job of his dreams. After all, he was in the running for the only thing that mattered to him: a chance to make his mark in the music industry",LITERAL
in hot water,1,"After missing the deadline twice, Marco knew he was in hot water",DRAFT-needs-2nd-annotator-validation,1.2,0,". He’d been waiting for a call from the bank for weeks, and he was beginning to wonder if he’d ever hear from them. Finally, the phone rang, and Marco’s heart skipped a beat. It was the bank. “Hi,",FIGURATIVE
in hot water,1,"After missing the deadline twice, Marco knew he was in hot water",DRAFT-needs-2nd-annotator-validation,1.2,1,. He was in the process of selling his house and he missed the deadline to file his taxes. The result? He had to pay a late filing fee. He was also stuck with a higher tax bill. It wasn’t the best situation. He,LITERAL
in hot water,1,"After missing the deadline twice, Marco knew he was in hot water",DRAFT-needs-2nd-annotator-validation,1.2,2,". He was a senior partner at the firm and was supposed to have a significant role in the audit of a major client. He knew he had been neglecting his work for the last few months, and he knew that he needed to get back on",FIGURATIVE
in hot water,1,"After missing the deadline twice, Marco knew he was in hot water",DRAFT-needs-2nd-annotator-validation,1.2,3,". He had to get his book submitted by a certain date, or he’d be in big trouble. He’d done everything he could think of, but nothing seemed to work. He tried to write the whole book in one day, but that was",LITERAL
in hot water,1,"After missing the deadline twice, Marco knew he was in hot water",DRAFT-needs-2nd-annotator-validation,1.2,4,. He was up for a promotion at work and needed a good reference letter. He had been working on it for days and finally had it all written out. He was excited and felt confident that he would be getting the promotion. But then he got,FIGURATIVE
in hot water,1,"After missing the deadline twice, Marco knew he was in hot water",DRAFT-needs-2nd-annotator-validation,2.39,0,". He knew he had to make it to the airport on time. After all, he was flying to the Philippines to be with his wife and kids for the holidays. He was also taking his 5-year-old son to his first trip abroad.
",LITERAL
in hot water,1,"After missing the deadline twice, Marco knew he was in hot water",DRAFT-needs-2nd-annotator-validation,2.39,1,".
He had to take a job that would not only support his family, but also his dream of building his own business. He wanted to be able to provide a better life for his family, but he was not sure where to begin.
As he",FIGURATIVE
in hot water,1,"After missing the deadline twice, Marco knew he was in hot water",DRAFT-needs-2nd-annotator-validation,2.39,2,". His team had worked hard to get this project done on time. He knew his boss was going to be mad, and he knew he would have to go back to the drawing board. He took a deep breath and told himself that this was a",LITERAL
in hot water,1,"After missing the deadline twice, Marco knew he was in hot water",DRAFT-needs-2nd-annotator-validation,2.39,3,". His first deadline was on the 15th of June, but he forgot to send it in, so he sent it in on the 21st. When the editor rejected it, Marco thought it was a joke, but it wasn’t.",FIGURATIVE
in hot water,1,"After missing the deadline twice, Marco knew he was in hot water",DRAFT-needs-2nd-annotator-validation,2.39,4,". He’d be late on his rent, and his landlord would be calling the cops. He knew he had to get out of there. Marco was an undocumented immigrant and lived in fear. When he called his family in Mexico, he found out they",FIGURATIVE
in hot water,1,"After missing the deadline twice, Marco knew he was in hot water",DRAFT-needs-2nd-annotator-validation,3.59,0,". He was 6 months late on his rent. He’d been late before, but he’d never been this late.
He’d been late on his rent, late on his car payments, late on his phone bill. He’d been late on",LITERAL
in hot water,1,"After missing the deadline twice, Marco knew he was in hot water",DRAFT-needs-2nd-annotator-validation,3.59,1,. He had to come up with a plan to get his work done. He started out by creating a to-do list for each day of the week. He knew that this would help him keep track of what needed to be done and what had been,FIGURATIVE
in hot water,1,"After missing the deadline twice, Marco knew he was in hot water",DRAFT-needs-2nd-annotator-validation,3.59,2,". He knew he had to get his tax return in on time. He didn’t have the money to pay the tax professional, but he did have a little time. He had just one day to get everything in order. Marco had been procrastinating",FIGURATIVE
in hot water,1,"After missing the deadline twice, Marco knew he was in hot water",DRAFT-needs-2nd-annotator-validation,3.59,3," and he was getting nervous. He had already spent the last week of his vacation taking care of business, and he still had a full day of travel to get home. He could only hope that he would make it home in time to see his wife",FIGURATIVE
in hot water,1,"After missing the deadline twice, Marco knew he was in hot water",DRAFT-needs-2nd-annotator-validation,3.59,4,". He was worried he would be fired from his job, but he didn't want to do anything to jeopardize his wife's job either. He was at his wit's end. What should he do?
He decided to talk to his boss.",FIGURATIVE
in hot water,1,"After missing the deadline twice, Marco knew he was in hot water",DRAFT-needs-2nd-annotator-validation,4.78,0,". He had to take care of his son and his wife, and he had no idea how he would do it. He had been working at the same job for years, but he had no idea what to do next. He had no idea how",FIGURATIVE
in hot water,1,"After missing the deadline twice, Marco knew he was in hot water",DRAFT-needs-2nd-annotator-validation,4.78,1,". He was already on the list of people who were supposed to pay for their car insurance before the end of April, but he had a big surprise waiting for him.
He received a call from his insurance company saying that his car had been stolen,",LITERAL
in hot water,1,"After missing the deadline twice, Marco knew he was in hot water",DRAFT-needs-2nd-annotator-validation,4.78,2,". He was ready to give up. After all, he had already been trying to get in contact with the right people for months. But he was determined to get it right this time.
Marco is a first-generation immigrant who came to the United States",FIGURATIVE
in hot water,1,"After missing the deadline twice, Marco knew he was in hot water",DRAFT-needs-2nd-annotator-validation,4.78,3,". He was a college student in his second year of a four year course, and he was behind on his assignments. He’d missed a few deadlines in the first year, but he’d made up for it this year by missing his first assignment on",FIGURATIVE
in hot water,1,"After missing the deadline twice, Marco knew he was in hot water",DRAFT-needs-2nd-annotator-validation,4.78,4,". He needed to find a way to raise the cash needed to cover the outstanding amount. He had no choice but to approach his parents.
He had a meeting scheduled with them for the following week. He was nervous. He knew his parents were well",FIGURATIVE
in hot water,2,"The chef dropped the lobster straight into the pot, in hot water",DRAFT-needs-2nd-annotator-validation,-4.78,0," soup stock, and let it simmer for about 30 minutes. ""I do it with lobsters, too,"" he said. ""It's a good way to cook them."" He then took out the lobster, cut it into pieces, and added",FIGURATIVE
in hot water,2,"The chef dropped the lobster straight into the pot, in hot water",DRAFT-needs-2nd-annotator-validation,-4.78,1," oil. The lobster didn’t even jump. It just started to boil and float. After a few seconds, it was cooked. The chef then pulled out the lobster and put it on the plate. The lobster was still alive. The chef then took",LITERAL
in hot water,2,"The chef dropped the lobster straight into the pot, in hot water",DRAFT-needs-2nd-annotator-validation,-4.78,2,"-salt water, and the lobster began to boil. The chef began to boil the lobster with water and salt. The chef dropped the lobster straight into the pot, in hot water-salt water, and the lobster began to boil. The chef began",FIGURATIVE
in hot water,2,"The chef dropped the lobster straight into the pot, in hot water",DRAFT-needs-2nd-annotator-validation,-4.78,3," soup. He didn't even bother to cut it. He just threw it in.
The chef then dropped the lobster in the pot of boiling water.
The lobster didn't even flinch. He just lay there, soaking in the boiling water.
The",LITERAL
in hot water,2,"The chef dropped the lobster straight into the pot, in hot water",DRAFT-needs-2nd-annotator-validation,-4.78,4," water, and the shell exploded in a spectacular show of steam and smoke. The chef dropped the lobster straight into the pot, in hot water, and the shell exploded in a spectacular show of steam and smoke.
The chef dropped the lobster straight into the",FIGURATIVE
in hot water,2,"The chef dropped the lobster straight into the pot, in hot water",DRAFT-needs-2nd-annotator-validation,-3.59,0," with ice, and the lobster was done in 2 minutes. The lobster meat was so tender and sweet. It was so delicious! I just couldn’t stop eating it.
I had to ask the chef to cook some more lobster for me. The",LITERAL
in hot water,2,"The chef dropped the lobster straight into the pot, in hot water",DRAFT-needs-2nd-annotator-validation,-3.59,1,", and within seconds it turned bright red. The lobster was cooked in about 90 seconds.
I don't know why it turned bright red, but I thought it was interesting.",FIGURATIVE
in hot water,2,"The chef dropped the lobster straight into the pot, in hot water",DRAFT-needs-2nd-annotator-validation,-3.59,2,"less water. It looked like the lobster was going to boil, but no water boiled. The chef then added the garlic, ginger, shallots, and mushrooms to the pot. When the lobster was ready, he added the sauce and the noodles.",FIGURATIVE
in hot water,2,"The chef dropped the lobster straight into the pot, in hot water",DRAFT-needs-2nd-annotator-validation,-3.59,3," and oil, and covered it with a lid. The chef also added a generous amount of salt, pepper, and a little bit of butter to the pot. The lobster cooked for about 5 minutes, until it was fully cooked and the water had",LITERAL
in hot water,2,"The chef dropped the lobster straight into the pot, in hot water",DRAFT-needs-2nd-annotator-validation,-3.59,4,", and the lobster instantly turned into a pile of goo. I don't know what the hell happened, but it was pretty bad. I'm not sure if it was the water temperature or if the lobster was overcooked. I really didn't expect",LITERAL
in hot water,2,"The chef dropped the lobster straight into the pot, in hot water",DRAFT-needs-2nd-annotator-validation,-2.39,0,". It’s a bit of a funny story, but that’s how he likes to cook it, and that’s how I like to eat it.
I’ve been looking forward to this for the last few days. My wife and I have been planning",FIGURATIVE
in hot water,2,"The chef dropped the lobster straight into the pot, in hot water",DRAFT-needs-2nd-annotator-validation,-2.39,1,". The lobster began to boil and bubble. The chef added the butter, the wine, the garlic, the spices and the onions. Then he threw in a few drops of hot sauce. The lobster was cooking in a spicy broth. He stirred it",LITERAL
in hot water,2,"The chef dropped the lobster straight into the pot, in hot water",DRAFT-needs-2nd-annotator-validation,-2.39,2,", and the lobster was cooked within 5 minutes.  The lobster is served with butter, garlic, lemon, parsley, and red pepper flakes.  It was very good.
This was the second time I have had lobster in a restaurant",LITERAL
in hot water,2,"The chef dropped the lobster straight into the pot, in hot water",DRAFT-needs-2nd-annotator-validation,-2.39,3," and a little bit of butter. The lobster was boiled for 4 minutes. The chef dropped the lobster straight into the pot, in hot water and a little bit of butter. The lobster was boiled for 4 minutes.
The chef dropped the lobster",FIGURATIVE
in hot water,2,"The chef dropped the lobster straight into the pot, in hot water",DRAFT-needs-2nd-annotator-validation,-2.39,4,. It was cooked in a minute. The lobster is the best I’ve ever had. I can’t wait to go back and try the other dishes.,LITERAL
in hot water,2,"The chef dropped the lobster straight into the pot, in hot water",DRAFT-needs-2nd-annotator-validation,-1.2,0,". After a few minutes, he took the lobster out of the pot and set it on a dish.
Next, he dropped the lobster into the boiling water. After a few minutes, he took the lobster out of the pot and set it on a",LITERAL
in hot water,2,"The chef dropped the lobster straight into the pot, in hot water",DRAFT-needs-2nd-annotator-validation,-1.2,1, and it immediately went into a boil. He then threw in some salt and pepper. This was the first time I had ever seen a lobster boil in a pot. It was a sight to behold. The lobster was boiling away in a pot of boiling,LITERAL
in hot water,2,"The chef dropped the lobster straight into the pot, in hot water",DRAFT-needs-2nd-annotator-validation,-1.2,2,". The lobster is cooked when the flesh turns red and the legs curl. When the lobster is cooked, remove it from the water and put it on a plate. The lobster can be served whole, or cut in half with the shell on.",LITERAL
in hot water,2,"The chef dropped the lobster straight into the pot, in hot water",DRAFT-needs-2nd-annotator-validation,-1.2,3,", and started the timer. The lobster is cooked when the meat is bright orange and the shell is firm to the touch. The lobster is cooked when the meat is bright orange and the shell is firm to the touch. A: Lobster is done",LITERAL
in hot water,2,"The chef dropped the lobster straight into the pot, in hot water",DRAFT-needs-2nd-annotator-validation,-1.2,4,". He watched it for a few minutes, then took it out. He started to peel the lobster. The chef peeled the lobster, and the lobster was dead.
The chef dropped the lobster straight into the pot, in hot water. He watched it",FIGURATIVE
in hot water,2,"The chef dropped the lobster straight into the pot, in hot water",DRAFT-needs-2nd-annotator-validation,0.0,0,", with some garlic, and in a few minutes it was done.
I took a fork and the lobster just fell off the shell, it was cooked so perfectly.
The chef sliced it open, and the lobster was so sweet, the meat was juicy",FIGURATIVE
in hot water,2,"The chef dropped the lobster straight into the pot, in hot water",DRAFT-needs-2nd-annotator-validation,0.0,1,".
The lobster boiled for a minute or two.
Then he pulled it out of the pot.
The lobster was cooked, but still alive.
The chef grabbed a knife and cut the lobster in half.
The lobster was still alive.
The chef then grabbed",FIGURATIVE
in hot water,2,"The chef dropped the lobster straight into the pot, in hot water",DRAFT-needs-2nd-annotator-validation,0.0,2,", and covered it with a lid. The chef stirred the lobster and added some salt and pepper. The chef let the lobster cook for 5 minutes, and then turned off the heat and left the pot covered.
After 5 minutes, the chef",LITERAL
in hot water,2,"The chef dropped the lobster straight into the pot, in hot water",DRAFT-needs-2nd-annotator-validation,0.0,3,", and watched it boil for a couple of minutes. Once it was done, the lobster was removed, and the head was removed and discarded. The chef then cracked the shell with a hammer and removed the lobster meat. The lobster meat was then placed",LITERAL
in hot water,2,"The chef dropped the lobster straight into the pot, in hot water",DRAFT-needs-2nd-annotator-validation,0.0,4," and salt. After 10 minutes, the lobster was ready. He pulled it out of the pot and started cleaning the meat.
While cleaning the meat, he started thinking about what he would make for dinner. He had already decided to make lobster bis",LITERAL
in hot water,2,"The chef dropped the lobster straight into the pot, in hot water",DRAFT-needs-2nd-annotator-validation,1.2,0,", and started stirring. He said, ""I'll cook the lobster and you tell me what it is.""
The chef cooked the lobster, then turned to the woman and asked, ""Well, what is it?""
She replied, ""It's a",FIGURATIVE
in hot water,2,"The chef dropped the lobster straight into the pot, in hot water",DRAFT-needs-2nd-annotator-validation,1.2,1,", and stirred it around for a minute or so. It was a quick and simple way to cook the lobster, and the meat was perfectly cooked. It was just like the lobster I had in the restaurant the night before, but with much less effort",LITERAL
in hot water,2,"The chef dropped the lobster straight into the pot, in hot water",DRAFT-needs-2nd-annotator-validation,1.2,2,", and cooked it until the meat was pink and the shells were bright orange. He removed it from the pot with a pair of tongs, placed it on a plate and began to peel away the shell.
The chef dropped the lobster straight into the",LITERAL
in hot water,2,"The chef dropped the lobster straight into the pot, in hot water",DRAFT-needs-2nd-annotator-validation,1.2,3,". After a few seconds, the lobster was fully submerged, the steam rising from its shell. The chef checked the lobster’s color, and then poured the water into a colander. The lobster was cooked to perfection. It was done.
Lob",LITERAL
in hot water,2,"The chef dropped the lobster straight into the pot, in hot water",DRAFT-needs-2nd-annotator-validation,1.2,4,", and left it for 2 minutes. He then took the lobster out of the pot, let it cool for 2 minutes, and then served it to his customer.
What happens if you cook a lobster alive?
Can you cook a live lobster",LITERAL
in hot water,2,"The chef dropped the lobster straight into the pot, in hot water",DRAFT-needs-2nd-annotator-validation,2.39,0,". It was a good decision. The lobster, a bit confused, looked around. The pot was boiling, so it jumped in. It was a good decision. The lobster looked around again, and saw that there was nothing to grab onto. The",FIGURATIVE
in hot water,2,"The chef dropped the lobster straight into the pot, in hot water",DRAFT-needs-2nd-annotator-validation,2.39,1,". It was a moment of spontaneous cooking.
“Lobster is one of the most beautiful foods in the world,” he said.
The chef dropped the lobster straight into the pot, in hot water. It was a moment of spontaneous cooking. “",FIGURATIVE
in hot water,2,"The chef dropped the lobster straight into the pot, in hot water",DRAFT-needs-2nd-annotator-validation,2.39,2,".
As if the lobster was a hot potato.
I'm a bit of a lobster aficionado, and I know that they can be pretty tough to cook properly, so I was a little nervous. I decided to try the chef's method, which",FIGURATIVE
in hot water,2,"The chef dropped the lobster straight into the pot, in hot water",DRAFT-needs-2nd-annotator-validation,2.39,3,. The lobsters were cooked in 4 minutes and served with a lemon butter sauce. The chef then showed the audience how to remove the meat from the lobster shell and how to cook the meat.,LITERAL
in hot water,2,"The chef dropped the lobster straight into the pot, in hot water",DRAFT-needs-2nd-annotator-validation,2.39,4,". I was in a hurry, and had not noticed the two large rocks that lay in the middle of the fire. These rocks were the cause of the chef’s unfortunate demise, and the reason why my lobster turned out so badly. My lobster was",FIGURATIVE
in hot water,2,"The chef dropped the lobster straight into the pot, in hot water",DRAFT-needs-2nd-annotator-validation,3.59,0,". I could only watch in awe as the lobster was steamed and cooked to perfection. The lobster was seasoned with salt, pepper, and butter and served with fresh vegetables and a small portion of rice. The lobster was tender and succulent, and",LITERAL
in hot water,2,"The chef dropped the lobster straight into the pot, in hot water",DRAFT-needs-2nd-annotator-validation,3.59,1,". As it hit the water, the lobster let out a loud scream. It was a loud enough scream to get the attention of every single person in the restaurant.
The chef didn't notice, so he just continued to cook. The lobster screamed and",FIGURATIVE
in hot water,2,"The chef dropped the lobster straight into the pot, in hot water",DRAFT-needs-2nd-annotator-validation,3.59,2,".
The chef dropped the lobster straight into the pot, in hot water.
The chef dropped the lobster straight into the pot, in hot water. The lobster was dead before it hit the bottom of the pot. The chef dropped the lobster straight into the",LITERAL
in hot water,2,"The chef dropped the lobster straight into the pot, in hot water",DRAFT-needs-2nd-annotator-validation,3.59,3,". And that was it. It was so easy, the chef didn’t even bother to stir it. And the lobster was so delicious, it was a shame to eat it, but the chef did. The chef was so full of the lobster,",LITERAL
in hot water,2,"The chef dropped the lobster straight into the pot, in hot water",DRAFT-needs-2nd-annotator-validation,3.59,4,". But he knew it was going to be a disaster.
The chef was preparing for a party and wanted to serve lobster tails. He didn’t want to buy them already cooked, so he decided to cook them himself. He bought some live lobsters",FIGURATIVE
in hot water,2,"The chef dropped the lobster straight into the pot, in hot water",DRAFT-needs-2nd-annotator-validation,4.78,0,", and the lobster was done in about 2-3 minutes. You can also use a lobster pot, but this pot is not for lobster. The recipe is simple to follow, and the results are impressive. The lobster meat is tender and sweet",LITERAL
in hot water,2,"The chef dropped the lobster straight into the pot, in hot water",DRAFT-needs-2nd-annotator-validation,4.78,1,".
Lobsters are notoriously difficult to prepare, as they require a delicate touch and a fair amount of time. But what if you could cook a lobster in less than two minutes? That’s exactly what chef Adam Sachs did on the latest episode of",LITERAL
in hot water,2,"The chef dropped the lobster straight into the pot, in hot water",DRAFT-needs-2nd-annotator-validation,4.78,2,". I think that was a bit of a mistake.
There were some very interesting people there, all interested in the same thing: food. It was a wonderful experience, and I'm already thinking about going back next year.
The food was great.",LITERAL
in hot water,2,"The chef dropped the lobster straight into the pot, in hot water",DRAFT-needs-2nd-annotator-validation,4.78,3,". A few minutes later, he pulled it out and tossed it into a bowl of ice water to cool down.
Then he brought the pot back to a boil and added a pound of medium shrimp, a pound of large shrimp, a pound of frozen",LITERAL
in hot water,2,"The chef dropped the lobster straight into the pot, in hot water",DRAFT-needs-2nd-annotator-validation,4.78,4,". The lobster was cooked to perfection in less than five minutes, and the chef was able to serve the lobster to the customer within 10 minutes. It was a huge success.",LITERAL
out of the blue,1,Nobody expected the phone call; it came completely out of the blue,DRAFT-needs-2nd-annotator-validation,-4.78,0," hole.
There was no warning, no hint of what was to come.
But when the call finally came, it was like a bolt of lightning.
It was from a complete stranger, who wanted to tell me something.
He had been in the phone",FIGURATIVE
out of the blue,1,Nobody expected the phone call; it came completely out of the blue,DRAFT-needs-2nd-annotator-validation,-4.78,1," of the blue. The woman was in her late 20s and had a beautiful voice. She was calling from the Netherlands. “I just want to say thank you,” she said. “You saved my life.”
I had no idea what she",LITERAL
out of the blue,1,Nobody expected the phone call; it came completely out of the blue,DRAFT-needs-2nd-annotator-validation,-4.78,2," of the blue. “We have a problem,” said the voice at the other end of the phone. “We have a problem,” I repeated, but it sounded more like a question. “Yes, we have a problem. We are stuck in",FIGURATIVE
out of the blue,1,Nobody expected the phone call; it came completely out of the blue,DRAFT-needs-2nd-annotator-validation,-4.78,3,"box.
The man who had called was a friend, a close friend. He was a man who had been close to my mother in life and had been close to me after her death.
He had called to tell me that my mother was dead.
",LITERAL
out of the blue,1,Nobody expected the phone call; it came completely out of the blue,DRAFT-needs-2nd-annotator-validation,-4.78,4," of the blue. It was a call from a man claiming to be a relative of a deceased person, who had left a message for the deceased’s family. The caller claimed to have received a call from the deceased, who told him that he had",LITERAL
out of the blue,1,Nobody expected the phone call; it came completely out of the blue,DRAFT-needs-2nd-annotator-validation,-3.59,0,". The man on the other end of the line was very polite, and I could tell he was a very important person. He asked me to come to his office in Washington, D.C. and to bring my passport. I didn’t know what",LITERAL
out of the blue,1,Nobody expected the phone call; it came completely out of the blue,DRAFT-needs-2nd-annotator-validation,-3.59,1," of the blue. But, it was a call that the person on the other side of the line had been waiting for for years. “I have a message for you,” the voice said. “I’m sorry, but I can’t tell you",FIGURATIVE
out of the blue,1,Nobody expected the phone call; it came completely out of the blue,DRAFT-needs-2nd-annotator-validation,-3.59,2," of a blue sky. It was a Sunday evening, and the phone rang. A friend of mine who lives in the south of France, and who is an experienced sailor, called me up and said that he was about to sail to Corsica with",LITERAL
out of the blue,1,Nobody expected the phone call; it came completely out of the blue,DRAFT-needs-2nd-annotator-validation,-3.59,3,", and I could only hear a few words of it.
“… and he’s… he’s been in a terrible accident and… he’s been… he’s been in a terrible accident… he’s in a coma… I’m sorry, I",LITERAL
out of the blue,1,Nobody expected the phone call; it came completely out of the blue,DRAFT-needs-2nd-annotator-validation,-3.59,4,". The person who called me was a stranger, and he had no way of knowing that I was working on a project with a similar name, which is why he called me. I immediately knew it was a scam, and that the call was not",LITERAL
out of the blue,1,Nobody expected the phone call; it came completely out of the blue,DRAFT-needs-2nd-annotator-validation,-2.39,0,"; a little white envelope with no return address. The phone rang and the person on the other end spoke in a very deep and serious voice. “I have your daughter’s body in my car, I am going to kill her, and then I",FIGURATIVE
out of the blue,1,Nobody expected the phone call; it came completely out of the blue,DRAFT-needs-2nd-annotator-validation,-2.39,1,".
I was in my office at the time, and I was just getting ready to go out for lunch. The call came in, and it was from a number I didn't recognize. I didn't answer, and I didn't pick up either",LITERAL
out of the blue,1,Nobody expected the phone call; it came completely out of the blue,DRAFT-needs-2nd-annotator-validation,-2.39,2,".
It was a Sunday afternoon in the middle of summer, and the sun was beating down on the lawn of the family house. My sister, who was home from college, was lying on the grass, reading a book. It was her day off",FIGURATIVE
out of the blue,1,Nobody expected the phone call; it came completely out of the blue,DRAFT-needs-2nd-annotator-validation,-2.39,3,", and nobody expected the caller. It was a man’s voice, speaking softly. He said he was calling from the “office” of the “president.” He said he was calling to offer a job to the family of a man who had",LITERAL
out of the blue,1,Nobody expected the phone call; it came completely out of the blue,DRAFT-needs-2nd-annotator-validation,-2.39,4,". I was on the way to work when it rang. I glanced at the caller ID and saw that it was a local number. I answered the phone and heard the voice of a young man on the other end.
“Hi, this is John",LITERAL
out of the blue,1,Nobody expected the phone call; it came completely out of the blue,DRAFT-needs-2nd-annotator-validation,-1.2,0,". “You are the one,” the man on the other end of the line said. “We want you to join us.” It was the 1960s. I was 14 years old. I had just been expelled from high school.",LITERAL
out of the blue,1,Nobody expected the phone call; it came completely out of the blue,DRAFT-needs-2nd-annotator-validation,-1.2,1,".
The woman on the other end of the line was calm, collected and articulate, yet her voice was shaky and quivering with emotion. She was a young mother of two boys. Her name was Nafisa.
She was calling to tell me",LITERAL
out of the blue,1,Nobody expected the phone call; it came completely out of the blue,DRAFT-needs-2nd-annotator-validation,-1.2,2,". When it came, I was in my home office, working on a project, when the phone rang. I picked it up and heard a voice on the other end say, “This is the IRS.”
I froze. This was not the IRS",LITERAL
out of the blue,1,Nobody expected the phone call; it came completely out of the blue,DRAFT-needs-2nd-annotator-validation,-1.2,3,". It was the first time we had heard from the man who was our friend, but whose identity we did not know.
He had been in our lives for a long time. We had never seen his face, but we knew his voice. He",LITERAL
out of the blue,1,Nobody expected the phone call; it came completely out of the blue,DRAFT-needs-2nd-annotator-validation,-1.2,4,". It was late at night, and the caller didn’t even introduce himself. All he said was: “We have a lot of trouble in the country. We have a lot of trouble. And I’m sorry, but I don’t have time",LITERAL
out of the blue,1,Nobody expected the phone call; it came completely out of the blue,DRAFT-needs-2nd-annotator-validation,0.0,0,". And it changed everything.
I was driving home from work, and my phone rang. The caller ID said “Unknown.” I answered it, and a male voice said, “I’m calling about your application for a position at [our company].",LITERAL
out of the blue,1,Nobody expected the phone call; it came completely out of the blue,DRAFT-needs-2nd-annotator-validation,0.0,1,".
A few months earlier, the company had sent out a mass email to all the staff, offering to match every donation that was made to the company’s charity of the year, the charity which raised the most funds would be given a £5000",FIGURATIVE
out of the blue,1,Nobody expected the phone call; it came completely out of the blue,DRAFT-needs-2nd-annotator-validation,0.0,2,". The caller was a representative of the local police department who said he had a warrant for the arrest of the 18-year-old son of a couple he knew.
The warrant was for a traffic ticket, but the officer said the boy had not paid",FIGURATIVE
out of the blue,1,Nobody expected the phone call; it came completely out of the blue,DRAFT-needs-2nd-annotator-validation,0.0,3,". It was a phone call from the head of the National Office of the United Auto Workers, the union that represents 350,000 autoworkers at GM, Ford and Chrysler, which said the union was going to recommend to its members that",LITERAL
out of the blue,1,Nobody expected the phone call; it came completely out of the blue,DRAFT-needs-2nd-annotator-validation,0.0,4,". But it came, and it was from a familiar number. I’d known this person for years, and I’d known her husband for much longer. We were all good friends, and I was happy to hear from her.
She said her husband",UNPARSEABLE
out of the blue,1,Nobody expected the phone call; it came completely out of the blue,DRAFT-needs-2nd-annotator-validation,1.2,0,". It was about 11.30am, and I had been at the office for a couple of hours when my secretary, who is always first to know if there’s anything out of the ordinary, came in and told me that the phone had",LITERAL
out of the blue,1,Nobody expected the phone call; it came completely out of the blue,DRAFT-needs-2nd-annotator-validation,1.2,1,". It was a voice message on my phone from a number I didn’t recognize. It was a brief message left by an unknown caller, and it said that my husband was dead.
My heart stopped. I couldn’t breathe. I didn’t know",LITERAL
out of the blue,1,Nobody expected the phone call; it came completely out of the blue,DRAFT-needs-2nd-annotator-validation,1.2,2,". It was one of those calls where you can’t believe that it’s actually happening.
But it was happening, and it was happening with a team of journalists from the BBC.
I was in a small room with three journalists. Two were sitting at",FIGURATIVE
out of the blue,1,Nobody expected the phone call; it came completely out of the blue,DRAFT-needs-2nd-annotator-validation,1.2,3,". The phone call that would change the course of history.
The phone call was from a man named Khaled. He called me from the country of Syria. I was at my desk, working on a story for my newspaper, when the phone rang",LITERAL
out of the blue,1,Nobody expected the phone call; it came completely out of the blue,DRAFT-needs-2nd-annotator-validation,1.2,4,". But it was a call from the top of the organization, and the message was clear: the company had a new strategy, and it needed a new leader.
The company’s new leader was to come from outside, someone who could bring fresh ideas",FIGURATIVE
out of the blue,1,Nobody expected the phone call; it came completely out of the blue,DRAFT-needs-2nd-annotator-validation,2.39,0,". When they answered the phone, it was an unexpected voice, the voice of a young girl who had just come home from school. She was in tears and could barely speak.
“I was driving by the house and saw the fire trucks,” she said",LITERAL
out of the blue,1,Nobody expected the phone call; it came completely out of the blue,DRAFT-needs-2nd-annotator-validation,2.39,1,". But the call came nonetheless, and the caller, a former colleague, had an interesting proposition. The caller, who was working for a major international media organisation at the time, had just been assigned to cover a story in the Middle East, and",FIGURATIVE
out of the blue,1,Nobody expected the phone call; it came completely out of the blue,DRAFT-needs-2nd-annotator-validation,2.39,2,".
The first hint was a few days earlier when the 17-year-old girl, who had been dating a 19-year-old boy for about a year, went to the doctor with symptoms of a possible sexually transmitted disease. The doctor told her to",FIGURATIVE
out of the blue,1,Nobody expected the phone call; it came completely out of the blue,DRAFT-needs-2nd-annotator-validation,2.39,3,". A few weeks ago, I was working on my computer when my phone rang. I picked up the phone and heard a familiar voice. “Hi, this is your mom,” she said.
I was stunned. I had no idea what to say",FIGURATIVE
out of the blue,1,Nobody expected the phone call; it came completely out of the blue,DRAFT-needs-2nd-annotator-validation,2.39,4,". The phone rang, I picked it up and it was an unknown number. A female voice said “Hi, this is the police station. There’s been a break-in at your house and we’ve got your son.” I was in shock.",LITERAL
out of the blue,1,Nobody expected the phone call; it came completely out of the blue,DRAFT-needs-2nd-annotator-validation,3.59,0,". After a month of silence, the wife of a friend called. It was a cold call; she wanted to know if we were looking to buy a house in 2016.
She was surprised when we said yes. The house we were looking",LITERAL
out of the blue,1,Nobody expected the phone call; it came completely out of the blue,DRAFT-needs-2nd-annotator-validation,3.59,1,". A former friend who worked as an investigator for the federal government had tracked down the whereabouts of a woman whose name had been on the list of the missing. She was alive, and in the Philippines. It was 1994, and the trail",FIGURATIVE
out of the blue,1,Nobody expected the phone call; it came completely out of the blue,DRAFT-needs-2nd-annotator-validation,3.59,2,". The caller identified himself as a man named David. He said he was an investigator for the Department of Homeland Security and he had some very disturbing information about my husband, the pastor of our church.
I was in the kitchen making lunch for the kids",LITERAL
out of the blue,1,Nobody expected the phone call; it came completely out of the blue,DRAFT-needs-2nd-annotator-validation,3.59,3,. The first time I ever heard the name of my new baby brother was over the phone. I was eight years old and my mother was talking to someone about a “little boy” they had adopted. I was confused. I thought my parents had,LITERAL
out of the blue,1,Nobody expected the phone call; it came completely out of the blue,DRAFT-needs-2nd-annotator-validation,3.59,4,".
“I’ve just been told that I’ve got cancer. I’m 24 years old,” she told me.
I didn’t know what to say. I had to take a moment to think.
I had just finished a week of training in the",UNPARSEABLE
out of the blue,1,Nobody expected the phone call; it came completely out of the blue,DRAFT-needs-2nd-annotator-validation,4.78,0,". The woman on the other end of the line, a former client, was in tears. She was in a hospital bed, a victim of a car accident, and her husband was in the hospital too. Her husband had been in a coma for",LITERAL
out of the blue,1,Nobody expected the phone call; it came completely out of the blue,DRAFT-needs-2nd-annotator-validation,4.78,1,". They were the type of people that had never even been on a call with the police department. But they got a call one day from someone they did not know, asking for information about a missing person. The call came from someone who knew that",LITERAL
out of the blue,1,Nobody expected the phone call; it came completely out of the blue,DRAFT-needs-2nd-annotator-validation,4.78,2,". The first time it happened, it took me by surprise and I didn’t know what to do. I was in the middle of a meeting with a client, and the call was coming from an unknown number. I didn’t know who it was",LITERAL
out of the blue,1,Nobody expected the phone call; it came completely out of the blue,DRAFT-needs-2nd-annotator-validation,4.78,3,". The day before, the entire office had been buzzing with the news that the CEO had been given a prestigious award and would be receiving it the following day. The phone call was from the CEO’s secretary, who wanted to know if anyone else from",LITERAL
out of the blue,1,Nobody expected the phone call; it came completely out of the blue,DRAFT-needs-2nd-annotator-validation,4.78,4,", and it certainly came out of left field.
“I’m calling to let you know that the first draft of the book is complete,” the publisher said. “The book will be out in August.”
The book? The book that we’d been working",FIGURATIVE
out of the blue,2,The pilot said the storm cloud appeared out of the blue,DRAFT-needs-2nd-annotator-validation,-4.78,0," tree tops as he was flying to the airport. He looked at it and thought it looked like a small tornado. He decided to turn around and head back to the airport. As he was flying back, he could see the storm cloud approaching him.",FIGURATIVE
out of the blue,2,The pilot said the storm cloud appeared out of the blue,DRAFT-needs-2nd-annotator-validation,-4.78,1," on the left side of the aircraft and moved across the aircraft to the right side and disappeared.
The aircraft was on approach to landing when the pilot noticed a large dark cloud on the left side of the aircraft. The pilot said the storm cloud appeared out",LITERAL
out of the blue,2,The pilot said the storm cloud appeared out of the blue,DRAFT-needs-2nd-annotator-validation,-4.78,2," sky, but it was actually a 50-foot-wide hole that had been drilled into the side of the mountain, according to the report.
The pilot said the storm cloud appeared out of the sky, but it was actually a 50-foot-wide hole",LITERAL
out of the blue,2,The pilot said the storm cloud appeared out of the blue,DRAFT-needs-2nd-annotator-validation,-4.78,3," shafts of sunlight, and that he had been following it for a long time. He said he was 2 miles away from the house and had been flying in a wide circle when he noticed the cloud, which was a “very dark grey”",LITERAL
out of the blue,2,The pilot said the storm cloud appeared out of the blue,DRAFT-needs-2nd-annotator-validation,-4.78,4," tower, but it didn't move. He was about to go back to the airport, but the cloud was still there, so he decided to go to the airfield.
When the plane landed, the cloud was still there. He was a little",FIGURATIVE
out of the blue,2,The pilot said the storm cloud appeared out of the blue,DRAFT-needs-2nd-annotator-validation,-3.59,0," shadow of a mountain. He saw a flash of lightning. Then a bright flash of light. Then a huge explosion. He saw a ball of fire, a huge fireball. He saw the plane explode in mid-air. He saw a huge fire",LITERAL
out of the blue,2,The pilot said the storm cloud appeared out of the blue,DRAFT-needs-2nd-annotator-validation,-3.59,1," layer, so he did not see it, and then the plane suddenly fell into the clouds. At this time, the plane is still in the air, and the pilot does not know that the plane is in the clouds. The plane is flying out",LITERAL
out of the blue,2,The pilot said the storm cloud appeared out of the blue,DRAFT-needs-2nd-annotator-validation,-3.59,2," and the plane had to make an emergency landing. (Photo: Reuters)
 The pilot said the storm cloud appeared out of the blue and the plane had to make an emergency landing. (Photo: Reuters)
Tokyo : A Japan Airlines Boeing ",FIGURATIVE
out of the blue,2,The pilot said the storm cloud appeared out of the blue,DRAFT-needs-2nd-annotator-validation,-3.59,3," on his right side, and it was coming straight at him. He tried to avoid it, but it was too late. The plane hit the cloud, and it flipped over. The pilot was killed instantly, and the plane crashed into a lake.",FIGURATIVE
out of the blue,2,The pilot said the storm cloud appeared out of the blue,DRAFT-needs-2nd-annotator-validation,-3.59,4," stream and was approaching at a high rate of speed. The pilot pulled back on the stick to gain altitude, but the cloud was too close and the airplane was struck.
PROBABLE CAUSE: ""Inadequate time to assess and react to",LITERAL
out of the blue,2,The pilot said the storm cloud appeared out of the blue,DRAFT-needs-2nd-annotator-validation,-2.39,0," and he was unable to avoid it, the report said.
A pilot with a small plane was killed in a crash at the New Jersey airport where he was based when the aircraft slammed into a storm cloud, authorities said.
The plane, a Cirrus",FIGURATIVE
out of the blue,2,The pilot said the storm cloud appeared out of the blue,DRAFT-needs-2nd-annotator-validation,-2.39,1," haze on the horizon. It was the only sign of the hurricane that was approaching. The crew watched as the cloud grew, became a wall of rain, and finally enveloped the ship. They tried to escape, but they were trapped.
The ship",FIGURATIVE
out of the blue,2,The pilot said the storm cloud appeared out of the blue,DRAFT-needs-2nd-annotator-validation,-2.39,2," bank and the plane was hit. A piece of the wing broke off and fell into the water. The plane went down.
The pilot said the storm cloud appeared out of the blue bank and the plane was hit. A piece of the wing broke off",LITERAL
out of the blue,2,The pilot said the storm cloud appeared out of the blue,DRAFT-needs-2nd-annotator-validation,-2.39,3," above the ship’s starboard side. The ship was flying at 200 knots. It had just made a left turn at 5,000 feet when the pilot noticed the cloud was moving faster than the plane. The pilot said the cloud was moving",FIGURATIVE
out of the blue,2,The pilot said the storm cloud appeared out of the blue,DRAFT-needs-2nd-annotator-validation,-2.39,4," on the right side of the airplane. He attempted to avoid it by making a left turn, but the plane hit the storm cloud. The pilot and his passengers died.
The airplane hit the storm cloud at an altitude of 1,000 feet and",LITERAL
out of the blue,2,The pilot said the storm cloud appeared out of the blue,DRAFT-needs-2nd-annotator-validation,-1.2,0," sky, and the plane was hit by a bolt of lightning and crashed in the sea.
The pilot said the storm cloud appeared out of the blue sky, and the plane was hit by a bolt of lightning and crashed in the sea.
The pilot said",FIGURATIVE
out of the blue,2,The pilot said the storm cloud appeared out of the blue,DRAFT-needs-2nd-annotator-validation,-1.2,1," sky and he was unable to avoid it, the FAA said.
The pilot said the storm cloud appeared out of the blue sky and he was unable to avoid it, the FAA said.
The pilot said the storm cloud appeared out of the blue sky and",FIGURATIVE
out of the blue,2,The pilot said the storm cloud appeared out of the blue,DRAFT-needs-2nd-annotator-validation,-1.2,2," sky and was heading straight for the plane. He told the crew to get the passengers ready to evacuate. The pilot then tried to make a decision on whether to take the plane to a nearby airport or land at the beach, but the decision was made",FIGURATIVE
out of the blue,2,The pilot said the storm cloud appeared out of the blue,DRAFT-needs-2nd-annotator-validation,-1.2,3," sky, as if it had been there for days. But the weather had been clear for several days, he said, and the storm was not predicted. The cloud was black, and the pilot said it looked like the “perfect storm.” He said",FIGURATIVE
out of the blue,2,The pilot said the storm cloud appeared out of the blue,DRAFT-needs-2nd-annotator-validation,-1.2,4," sky and he couldn't tell the difference between the cloud and the sky. He was flying at 10,000 feet, so he couldn't see the ground. He said he wasn't sure he was in control of the plane. The pilot said",LITERAL
out of the blue,2,The pilot said the storm cloud appeared out of the blue,DRAFT-needs-2nd-annotator-validation,0.0,0,". “I was coming in from the west and suddenly a huge cloud appeared. I thought it was a cloud, but then I noticed that it was black, like a tornado. Then I saw lightning and heard thunder. I was scared. I didn",FIGURATIVE
out of the blue,2,The pilot said the storm cloud appeared out of the blue,DRAFT-needs-2nd-annotator-validation,0.0,1,", and that he was in shock and couldn't think of anything to do to avoid it.
He added that the cloud had a red centre and was much bigger than the one in the 2011 film.
The incident occurred on August 3,",FIGURATIVE
out of the blue,2,The pilot said the storm cloud appeared out of the blue,DRAFT-needs-2nd-annotator-validation,0.0,2," and he was able to avoid a collision by flying the plane to the right.
The pilot said the storm cloud appeared out of the blue and he was able to avoid a collision by flying the plane to the right.
A pilot who was flying from New",LITERAL
out of the blue,2,The pilot said the storm cloud appeared out of the blue,DRAFT-needs-2nd-annotator-validation,0.0,3,". He was flying over the English Channel in a light aircraft when he saw the huge cloud building up in the distance.
He said it was the biggest cloud he had ever seen and it looked like it was coming towards them. The pilot and his passenger",FIGURATIVE
out of the blue,2,The pilot said the storm cloud appeared out of the blue,DRAFT-needs-2nd-annotator-validation,0.0,4,"
A pilot has told how he narrowly escaped death when a storm cloud appeared out of the blue and destroyed his aircraft’s instruments.
James Begg, 40, was flying a 1979 Cessna 172 over North Wales when the cloud",LITERAL
out of the blue,2,The pilot said the storm cloud appeared out of the blue,DRAFT-needs-2nd-annotator-validation,1.2,0,".
The weather radar was clear and the pilot was looking at a nice clear sky when the storm cloud appeared out of the blue. The pilot was flying in a Cessna 172 with a student pilot. The pilot was trying to teach the student",FIGURATIVE
out of the blue,2,The pilot said the storm cloud appeared out of the blue,DRAFT-needs-2nd-annotator-validation,1.2,1," and was not expected.
The plane was a twin-engine Cessna 414A. The pilot was attempting to land at the airport in New Jersey on Saturday, when the storm cloud appeared out of the blue and was not expected.
The pilot said",FIGURATIVE
out of the blue,2,The pilot said the storm cloud appeared out of the blue,DRAFT-needs-2nd-annotator-validation,1.2,2,", and he was unable to see it before he hit the ground.
The pilot said the storm cloud appeared out of the blue, and he was unable to see it before he hit the ground.
The pilot said the storm cloud appeared out of the blue",FIGURATIVE
out of the blue,2,The pilot said the storm cloud appeared out of the blue,DRAFT-needs-2nd-annotator-validation,1.2,3,". It was about 11:30 a.m. on May 27, 2004, and the flight crew of a chartered jet was approaching the San Diego International Airport. The 10 passengers aboard the Learjet 35 were members of",FIGURATIVE
out of the blue,2,The pilot said the storm cloud appeared out of the blue,DRAFT-needs-2nd-annotator-validation,1.2,4,".
“Suddenly, I saw a very large cloud of rain and hail moving towards us. I was trying to figure out what was going on,” he said.
The pilot was flying in the 1996 Learjet 35A, which can reach",LITERAL
out of the blue,2,The pilot said the storm cloud appeared out of the blue,DRAFT-needs-2nd-annotator-validation,2.39,0,", but he thought it was a UFO at first.
A pilot who claimed to have spotted a UFO over the Atlantic Ocean has revealed what he actually saw in a video.
Captain Mark Richards of the Royal Navy was flying over the Atlantic Ocean when he saw",LITERAL
out of the blue,2,The pilot said the storm cloud appeared out of the blue,DRAFT-needs-2nd-annotator-validation,2.39,1,".
The pilot said the storm cloud appeared out of the blue. A cloud of smoke, a pillar of fire, and a voice from heaven, and a few thousand people were dead. And what about the 2,000 people who were not killed",LITERAL
out of the blue,2,The pilot said the storm cloud appeared out of the blue,DRAFT-needs-2nd-annotator-validation,2.39,2,", but the plane was not struck by lightning. The pilot was not injured.
The pilot said the storm cloud appeared out of the blue, but the plane was not struck by lightning. The pilot was not injured.
A small plane with three people on",FIGURATIVE
out of the blue,2,The pilot said the storm cloud appeared out of the blue,DRAFT-needs-2nd-annotator-validation,2.39,3,", but the fact is that they were in the right place at the right time. The storm cloud was very bright and intense and it was the only storm cloud in the area. It appeared to be a very intense and powerful storm, and the pilot",FIGURATIVE
out of the blue,2,The pilot said the storm cloud appeared out of the blue,DRAFT-needs-2nd-annotator-validation,2.39,4,".
But it's hard to say whether the storm cloud was a figment of his imagination.
He said that the storm cloud was in the distance, and he could see it coming.
He was surprised to see the storm cloud in the distance.
He",FIGURATIVE
out of the blue,2,The pilot said the storm cloud appeared out of the blue,DRAFT-needs-2nd-annotator-validation,3.59,0,", and the first thing that came to mind was a tornado.
As he looked at it more closely, though, the cloud was actually a cloud-to-ground lightning strike, he said.
That's when the pilot, who was flying a single-engine Piper",LITERAL
out of the blue,2,The pilot said the storm cloud appeared out of the blue,DRAFT-needs-2nd-annotator-validation,3.59,1,". He had been flying at 10,000 feet in the rain when he looked up and saw a dark cloud that appeared to be moving toward him. The storm cloud seemed to be moving so quickly that the pilot couldn’t see where it was coming",FIGURATIVE
out of the blue,2,The pilot said the storm cloud appeared out of the blue,DRAFT-needs-2nd-annotator-validation,3.59,2,". The pilots had been in the air for about two hours. The plane was flying at 20,000 feet. The pilot said he was not sure of the plane’s altitude. The pilot said he could see the storm cloud, which was in",FIGURATIVE
out of the blue,2,The pilot said the storm cloud appeared out of the blue,DRAFT-needs-2nd-annotator-validation,3.59,3,".
The pilot said the storm cloud appeared out of the blue.
The pilot said the storm cloud appeared out of the blue.
The pilot said the storm cloud appeared out of the blue.
The pilot said the storm cloud appeared out of the blue.
The",INCOHERENT
out of the blue,2,The pilot said the storm cloud appeared out of the blue,DRAFT-needs-2nd-annotator-validation,3.59,4,".
He was flying over the Gulf of Mexico, about 200 miles south of New Orleans, on his way to pick up a load of fuel when he spotted the cloud.
He radioed his pilot and crew that there was a storm about to form",FIGURATIVE
out of the blue,2,The pilot said the storm cloud appeared out of the blue,DRAFT-needs-2nd-annotator-validation,4.78,0,".
A pilot flying from New York to Los Angeles on Sunday night claimed a huge storm cloud caused a series of problems with his plane, forcing him to turn back.
The plane was flying at 33,000 feet when the pilot noticed the storm cloud",LITERAL
out of the blue,2,The pilot said the storm cloud appeared out of the blue,DRAFT-needs-2nd-annotator-validation,4.78,1,", but what did he really see?
What is the best way to determine the probability of a plane crash?
The pilot said the storm cloud appeared out of the blue, but what did he really see?
The pilot said the storm cloud appeared out of",FIGURATIVE
out of the blue,2,The pilot said the storm cloud appeared out of the blue,DRAFT-needs-2nd-annotator-validation,4.78,2,". The plane was cruising along at 13,000 feet when the pilot spotted the massive cloud. It was 3:15 p.m. on a Wednesday afternoon. The pilot had been flying for 13 years, and this was the first time",FIGURATIVE
out of the blue,2,The pilot said the storm cloud appeared out of the blue,DRAFT-needs-2nd-annotator-validation,4.78,3,", but the actual reason for the crash remains unknown.
The pilot of a Cessna 182, on a flight from Los Angeles to San Jose, reported that he was being struck by lightning and was forced to make an emergency landing in a field",FIGURATIVE
out of the blue,2,The pilot said the storm cloud appeared out of the blue,DRAFT-needs-2nd-annotator-validation,4.78,4,".
The pilot said the storm cloud appeared out of the blue.
On 9 November 2011, the pilot of a helicopter was flying along the coast of New Zealand when he suddenly spotted a storm cloud that had appeared out of the blue. The",LITERAL
break the ice,1,"At the awkward reunion, Dana finally decided to break the ice",DRAFT-needs-2nd-annotator-validation,-4.78,0," apart, but her sister refused to do so and was dragged off by the police. The next day, Dana was charged with assault and resisting arrest. Dana was sentenced to a year of probation and 30 hours of community service.
In 2014",LITERAL
break the ice,1,"At the awkward reunion, Dana finally decided to break the ice",DRAFT-needs-2nd-annotator-validation,-4.78,1," glass, and we learned that the guy she fell for in high school was actually a girl. And then we were treated to an extended montage of Dana and her friends reuniting with their old high school friends and realizing that the girls they were jealous",FIGURATIVE
break the ice,1,"At the awkward reunion, Dana finally decided to break the ice",DRAFT-needs-2nd-annotator-validation,-4.78,2," bar to ask her father why he left, but he ignored her. However, he asked Dana why she didn’t want to be his wife. Dana replied that she was only sixteen when he left her, so she didn’t know how to be a",LITERAL
break the ice,1,"At the awkward reunion, Dana finally decided to break the ice",DRAFT-needs-2nd-annotator-validation,-4.78,3," rod. Then, she went out of the room to find a new one. The second time, she also tried to break the fishing rod, but she couldn’t. Dana is very excited and surprised. She finally broke the fishing rod. The third",INCOHERENT
break the ice,1,"At the awkward reunion, Dana finally decided to break the ice",DRAFT-needs-2nd-annotator-validation,-4.78,4," and throw it at him. I know that’s not what you meant, but you are a man of the world and I’m sure you understand. This is a great example of the power of a good product, and how it can be used to",FIGURATIVE
break the ice,1,"At the awkward reunion, Dana finally decided to break the ice",DRAFT-needs-2nd-annotator-validation,-3.59,0," that connected her and her ex-boyfriend, who had been a bit of a jerk to her back in the day. After they broke up, she had moved on to a guy named Sean, who was much nicer and more considerate than her ex",LITERAL
break the ice,1,"At the awkward reunion, Dana finally decided to break the ice",DRAFT-needs-2nd-annotator-validation,-3.59,1," in half and toss it into the water. As the water rushed over the broken pieces, she felt something strange. She had an overwhelming feeling that the ghost of the little boy had returned to the water. She looked around the beach and saw the little",LITERAL
break the ice,1,"At the awkward reunion, Dana finally decided to break the ice",DRAFT-needs-2nd-annotator-validation,-3.59,2," from her neck, and the first thing that came to mind was the words of the protagonist of the novel ""The Great Gatsby"", ""the truth is always the truth."" This is not a lie, but it is a truth that has been covered",FIGURATIVE
break the ice,1,"At the awkward reunion, Dana finally decided to break the ice",DRAFT-needs-2nd-annotator-validation,-3.59,3," from the door, and the two men were about to walk to the front door. But at this moment, the two men saw a girl in a white dress in the distance, and they were taken aback. The girl was very beautiful, with",FIGURATIVE
break the ice,1,"At the awkward reunion, Dana finally decided to break the ice",DRAFT-needs-2nd-annotator-validation,-3.59,4," that separated her from her father. In the next scene, she and her father are finally reunited. Her father then gives her a gift, a necklace, which he made. The necklace is a symbol of their reunion. It is an important symbol because",FIGURATIVE
break the ice,1,"At the awkward reunion, Dana finally decided to break the ice",DRAFT-needs-2nd-annotator-validation,-2.39,0,". The ice was a little bit thick, but she still wanted to do it. She was happy that her parents didn’t notice that she had changed her hair. After a long time, she finally went to see her mother. Her mother was also",FIGURATIVE
break the ice,1,"At the awkward reunion, Dana finally decided to break the ice",DRAFT-needs-2nd-annotator-validation,-2.39,1," and start a conversation with him. “I’m sorry for what happened to you, I didn’t know what was going on. I was only following orders. I didn’t know what was going on,” he said to him. Dana then continued,",LITERAL
break the ice,1,"At the awkward reunion, Dana finally decided to break the ice",DRAFT-needs-2nd-annotator-validation,-2.39,2," ice baby. She gave her old friends a nice piece of her mind, and let them know she was no longer their little buddy. They tried to deny it, but there was no way around it. She was the one who had always been the",UNPARSEABLE
break the ice,1,"At the awkward reunion, Dana finally decided to break the ice",DRAFT-needs-2nd-annotator-validation,-2.39,3," in the middle of the night. I thought she was going to cry. I felt sorry for her.
The next day, she came to me and said, “I want to tell you something.” She told me she had a boyfriend. I felt",FIGURATIVE
break the ice,1,"At the awkward reunion, Dana finally decided to break the ice",DRAFT-needs-2nd-annotator-validation,-2.39,4,", but she was interrupted by the arrival of another group of friends, which included her ex-boyfriend, Ryan. Dana was forced to explain that she was not with the group, and that she was looking for her son. After a brief conversation with",FIGURATIVE
break the ice,1,"At the awkward reunion, Dana finally decided to break the ice",DRAFT-needs-2nd-annotator-validation,-1.2,0,". She looked at her sister and said: ""You are my sister, but I don't like you."" ""I'm your sister, but I don't like you either."" ""Really? "" Dana was surprised, and said, ""What's",FIGURATIVE
break the ice,1,"At the awkward reunion, Dana finally decided to break the ice",DRAFT-needs-2nd-annotator-validation,-1.2,1," by saying, “Hi, I’m Dana.”
At the awkward reunion, Dana finally decided to break the ice by saying, “Hi, I’m Dana.” It was a good start. But then, as the conversation continued, Dana realized she was",UNPARSEABLE
break the ice,1,"At the awkward reunion, Dana finally decided to break the ice",DRAFT-needs-2nd-annotator-validation,-1.2,2,". “How’s the new job?” She asked.
“Really? You don’t look it. You look like you’re in your mid-20’s. I’m really impressed.”
“Thanks. It’s a great job. I love it.",FIGURATIVE
break the ice,1,"At the awkward reunion, Dana finally decided to break the ice",DRAFT-needs-2nd-annotator-validation,-1.2,3," and talk to her friend. He was a little surprised when she did this, but he was glad that she had.
“Hi, Dave. It’s been a long time.”
“Hi, Dana. I’m sorry it’s taken so long for",FIGURATIVE
break the ice,1,"At the awkward reunion, Dana finally decided to break the ice",DRAFT-needs-2nd-annotator-validation,-1.2,4,". ""I'm really sorry for all this. I'm sorry for being a bitch to you. I'm sorry for being an asshole to you. I'm sorry for all the shit I've done to you. I'm sorry for the way I",FIGURATIVE
break the ice,1,"At the awkward reunion, Dana finally decided to break the ice",DRAFT-needs-2nd-annotator-validation,0.0,0," with her old flame and asked him if he had ever been to a bar called the 'Driftwood Bar'. ""No, I don't go to bars. I prefer the beach."" Dana was so shocked by this response that she had to turn",FIGURATIVE
break the ice,1,"At the awkward reunion, Dana finally decided to break the ice",DRAFT-needs-2nd-annotator-validation,0.0,1, by asking if anyone knew anything about her dad. But the moment was ruined when she realized that the guy she’d been staring at for the last half hour was actually her father. She felt her face redden as she realized that she’d been og,UNPARSEABLE
break the ice,1,"At the awkward reunion, Dana finally decided to break the ice",DRAFT-needs-2nd-annotator-validation,0.0,2,". She went up to the guy and started to talk. He was surprised to see her, and said that he hadn't seen her in a while. Dana was happy to see him, and they talked about the old days. The guy was impressed",FIGURATIVE
break the ice,1,"At the awkward reunion, Dana finally decided to break the ice",DRAFT-needs-2nd-annotator-validation,0.0,3," by making an inappropriate joke about how much she was enjoying the moment. The group all laughed and, while it was probably a little bit awkward, it definitely made the moment more enjoyable. If you’re ever in a situation where you need to break the",FIGURATIVE
break the ice,1,"At the awkward reunion, Dana finally decided to break the ice",DRAFT-needs-2nd-annotator-validation,0.0,4," by asking her friend about her plans. “I’m going to get a job at the local department store,” said Lizzie. “That sounds boring,” said Dana. “Yeah,” said Lizzie, “but it’s better than being a teacher",FIGURATIVE
break the ice,1,"At the awkward reunion, Dana finally decided to break the ice",DRAFT-needs-2nd-annotator-validation,1.2,0," and come clean to her mom about her sexual orientation. ""I am gay,"" she said. ""I think I always knew."" But her mom's response was far from what Dana expected. ""I'm not mad,"" she said. ""I'm",LITERAL
break the ice,1,"At the awkward reunion, Dana finally decided to break the ice",DRAFT-needs-2nd-annotator-validation,1.2,1," and told her friend that she was actually a lesbian. But when she told her parents, they weren’t as shocked as she was. “My mom was like, ‘Oh my gosh, that’s so great! I’m so happy for you",FIGURATIVE
break the ice,1,"At the awkward reunion, Dana finally decided to break the ice",DRAFT-needs-2nd-annotator-validation,1.2,2," and tell the truth to her ex-lover, but when she got to the party, she was told that he had been murdered and his body was found in a dumpster. The killer was never found. She was shocked by the news and the investigation",LITERAL
break the ice,1,"At the awkward reunion, Dana finally decided to break the ice",DRAFT-needs-2nd-annotator-validation,1.2,3," with her mom and told her that she was a lesbian. Her mother was shocked, but Dana was relieved that she had finally gotten the courage to tell her mom about her sexuality. She also made a promise to herself that she would always be honest and",FIGURATIVE
break the ice,1,"At the awkward reunion, Dana finally decided to break the ice",DRAFT-needs-2nd-annotator-validation,1.2,4," with her ex-boyfriend. The man, who was the subject of a song that Dana wrote about her ex, was a little surprised by her actions. Dana then confessed that she was not the only one who had feelings for him. She was also",FIGURATIVE
break the ice,1,"At the awkward reunion, Dana finally decided to break the ice",DRAFT-needs-2nd-annotator-validation,2.39,0, and tell the truth about her actions. She told her old classmates about how she was kidnapped and that she had to kill her abductor. She also told them about the death of her parents and how she was left alone in the world. The kids,LITERAL
break the ice,1,"At the awkward reunion, Dana finally decided to break the ice",DRAFT-needs-2nd-annotator-validation,2.39,1," and tell the gang about her relationship with a married man. The gang, however, had already discovered Dana’s secret and were not taking it well. As Dana explained her situation, the gang got angry and started to insult her and her boyfriend.
“",FIGURATIVE
break the ice,1,"At the awkward reunion, Dana finally decided to break the ice",DRAFT-needs-2nd-annotator-validation,2.39,2," and tell the truth about what really happened to the guys. Dana and her friend, Ashley, are at the beach when they see two guys in the water. Ashley is shocked to see the guys because she doesn’t recognize them. Dana tells Ashley that",LITERAL
break the ice,1,"At the awkward reunion, Dana finally decided to break the ice",DRAFT-needs-2nd-annotator-validation,2.39,3,". She gave an explanation to the entire room of people who were there for her and it was all very heartwarming.
Dana decided to be honest with everyone at her awkward high school reunion and it was all very heartwarming.
Dana",FIGURATIVE
break the ice,1,"At the awkward reunion, Dana finally decided to break the ice",DRAFT-needs-2nd-annotator-validation,2.39,4, and reveal to her ex-husband that she is a lesbian. But that’s not all. She also revealed that she had been in a relationship with her ex-girlfriend. She also revealed that she had been in a relationship with her ex-girlfriend,LITERAL
break the ice,1,"At the awkward reunion, Dana finally decided to break the ice",DRAFT-needs-2nd-annotator-validation,3.59,0,. She was tired of being the last person to be friends with the others and decided to make a clean break. She told them that she was leaving and that she wouldn’t be friends with them anymore. This was the first time in their lives that,INCOHERENT
break the ice,1,"At the awkward reunion, Dana finally decided to break the ice",DRAFT-needs-2nd-annotator-validation,3.59,1," and tell her family the truth. This time, she didn’t have any doubts about what she was going to say. “I’m a lesbian,” she announced, and the family didn’t respond with a single “I love you.” Instead, her",FIGURATIVE
break the ice,1,"At the awkward reunion, Dana finally decided to break the ice",DRAFT-needs-2nd-annotator-validation,3.59,2," and confess to her friends that she was the one who called the cops on the homeless man, but when they asked her to explain herself, she refused to say anything. “I don’t want to be a part of this,” she said, before",FIGURATIVE
break the ice,1,"At the awkward reunion, Dana finally decided to break the ice",DRAFT-needs-2nd-annotator-validation,3.59,3," and confront her ex-boyfriend. The two exchanged a few words, and it was clear that they had both moved on. Dana was surprised to see that she could actually be friends with him. It was a great moment for her and for the two",FIGURATIVE
break the ice,1,"At the awkward reunion, Dana finally decided to break the ice",DRAFT-needs-2nd-annotator-validation,3.59,4," and tell the truth to her ex, who had been trying to make a go of it with Dana for a while. When Dana finally told him the truth, he was understandably upset, and he left the reunion for good. But when Dana saw him",FIGURATIVE
break the ice,1,"At the awkward reunion, Dana finally decided to break the ice",DRAFT-needs-2nd-annotator-validation,4.78,0,", and I’m glad she did. I’m not sure what I would have done if she had not. I’m still not sure what I would have done if she had not. If I had been the one to do it, I would have",FIGURATIVE
break the ice,1,"At the awkward reunion, Dana finally decided to break the ice",DRAFT-needs-2nd-annotator-validation,4.78,1,. She confessed to her family about the reason she left and how she had changed. She was able to come clean and they were able to forgive her. This is what I call an amazing family. I’m so glad that they were able to forgive,FIGURATIVE
break the ice,1,"At the awkward reunion, Dana finally decided to break the ice",DRAFT-needs-2nd-annotator-validation,4.78,2,".
And, in the process, reveal that she has a new man in her life.
Dana is currently dating a man named Joe.
Dana says that Joe has been in her life for a while, but that she's only just now decided",FIGURATIVE
break the ice,1,"At the awkward reunion, Dana finally decided to break the ice",DRAFT-needs-2nd-annotator-validation,4.78,3,", and went to the restroom to find a way to tell her mom. Unfortunately, the bathroom was occupied by her mom's friend, a woman who'd been a bridesmaid at her wedding, and who'd also been there to witness the birth of",LITERAL
break the ice,1,"At the awkward reunion, Dana finally decided to break the ice",DRAFT-needs-2nd-annotator-validation,4.78,4,", telling her parents that she was gay, and that she was in love with her girlfriend. But when she tried to explain that she wasn’t a prostitute, they didn’t believe her. Her mother even said she was “dirty, dirty” and",LITERAL
break the ice,2,The rescue crew used a heavy drill to break the ice,DRAFT-needs-2nd-annotator-validation,-4.78,0,"'s way into the tank, where they found a baby, who was then taken to the vet. The rescue crew used a heavy drill to break the tank's way into the tank, where they found a baby, who was then taken to the vet",INCOHERENT
break the ice,2,The rescue crew used a heavy drill to break the ice,DRAFT-needs-2nd-annotator-validation,-4.78,1," and the man’s body was recovered by the firefighters.
A man died in an accident in the Ural Mountains on Friday when he was trapped in a narrow tunnel. The man, who was reportedly 30 years old, was working at the site when",LITERAL
break the ice,2,The rescue crew used a heavy drill to break the ice,DRAFT-needs-2nd-annotator-validation,-4.78,2," and rescue the girl
The rescue crew used a heavy drill to break the 3.5-meter-long tree trunk that fell on a 6-year-old girl in the yard of the house in the village of Kondratyevka, M",LITERAL
break the ice,2,The rescue crew used a heavy drill to break the ice,DRAFT-needs-2nd-annotator-validation,-4.78,3," from the hole, but the drill broke. The crew used a hammer to break the tree from the hole. The crew then pulled the tree from the hole. The tree was a little damaged, but the crew was able to get it to the ground",FIGURATIVE
break the ice,2,The rescue crew used a heavy drill to break the ice,DRAFT-needs-2nd-annotator-validation,-4.78,4," on the side of the boat to get to the boy who was trapped inside the cabin.
The incident took place in the port of the city of Gdansk in northern Poland, where the ship was docked for the night.
The crew of the",LITERAL
break the ice,2,The rescue crew used a heavy drill to break the ice,DRAFT-needs-2nd-annotator-validation,-3.59,0," block and remove the girl, who was not hurt.
A 5-year-old girl is rescued from a snowdrift after she fell through an ice-covered pond in the United States.
The incident took place in the state of Michigan on Friday, when",FIGURATIVE
break the ice,2,The rescue crew used a heavy drill to break the ice,DRAFT-needs-2nd-annotator-validation,-3.59,1," beam and remove the child from the wreckage.
Rescuers in China pulled a 9-year-old boy from the rubble of a collapsed building on Sunday, three days after the three-story structure crumbled during a storm, killing at least 10 people",LITERAL
break the ice,2,The rescue crew used a heavy drill to break the ice,DRAFT-needs-2nd-annotator-validation,-3.59,2," beam, and then used a crane to lift the heavy beam and remove it from the collapsed building. The team used a mobile crane to raise the beam and place it on a flatbed truck. They then used a flatbed truck to transport the beam",LITERAL
break the ice,2,The rescue crew used a heavy drill to break the ice,DRAFT-needs-2nd-annotator-validation,-3.59,3," log and extract it from the drain.
The heavy-duty drill was used to break the ice log from the drain.
A rescue crew used a heavy-duty drill to break the ice log from the drain.
A rescue crew used a heavy-duty drill to break",FIGURATIVE
break the ice,2,The rescue crew used a heavy drill to break the ice,DRAFT-needs-2nd-annotator-validation,-3.59,4," beam, which was 10 centimeters thick and 2.3 meters long, according to the report.
The fire had begun at 7:45 a.m. on the top floor of the 21-story building, and had spread to the",LITERAL
break the ice,2,The rescue crew used a heavy drill to break the ice,DRAFT-needs-2nd-annotator-validation,-2.39,0," blockage.
The water had been flowing under the ice for two days.
The water level was 5 feet below the ice surface.
The ice had been melting for three weeks.
The rescue crew used a heavy drill to break the ice blockage.
",LITERAL
break the ice,2,The rescue crew used a heavy drill to break the ice,DRAFT-needs-2nd-annotator-validation,-2.39,1," cover of the mine shaft and a rescue worker descended the shaft to the trapped miners.
The 25 miners were working at the mine when an explosion occurred. The accident occurred in the city of Shusha, 110 km northeast of the capital B",LITERAL
break the ice,2,The rescue crew used a heavy drill to break the ice,DRAFT-needs-2nd-annotator-validation,-2.39,2," blockage in the sewerage system.
The crew also had to cut through the concrete to break through the ice blockage.
Rescuers have been working through the night to free two people trapped in an icy sewer in north London.
A man and",LITERAL
break the ice,2,The rescue crew used a heavy drill to break the ice,DRAFT-needs-2nd-annotator-validation,-2.39,3," and snow from the roof of the building.
The crew from the 1st Battalion, 10th Mountain Division, with the help of a crane, rescued two people trapped in an apartment building in the small town of St. Lawrence, Colorado.
",LITERAL
break the ice,2,The rescue crew used a heavy drill to break the ice,DRAFT-needs-2nd-annotator-validation,-2.39,4," blockage in the 6-inch pipeline, which runs from the 2,000-foot well to the plant’s water tank, said David R. Rapp, a spokesman for the company. The drilling took about 45 minutes.
The pipeline was",LITERAL
break the ice,2,The rescue crew used a heavy drill to break the ice,DRAFT-needs-2nd-annotator-validation,-1.2,0," of the boat and rescue all the 15 people trapped inside. The boat was in a shallow water of 10 feet and was sinking.
The boat had 15 people on board when it started sinking. The boat was carrying the workers of a local",LITERAL
break the ice,2,The rescue crew used a heavy drill to break the ice,DRAFT-needs-2nd-annotator-validation,-1.2,1," of the water tank.
The crew had to drill through the ice of the water tank in order to rescue the two people trapped inside.
The rescue crew had to use a heavy drill to break through the ice of the water tank in order to save the",FIGURATIVE
break the ice,2,The rescue crew used a heavy drill to break the ice,DRAFT-needs-2nd-annotator-validation,-1.2,2," and pull the man out of the water, before rushing him to the hospital
An elderly man in China was rescued from a freezing lake after he fell in and got stuck in ice, according to the China News Service.
The 80-year-old man",LITERAL
break the ice,2,The rescue crew used a heavy drill to break the ice,DRAFT-needs-2nd-annotator-validation,-1.2,3," over the man and pull him out of the lake. He was rushed to a local hospital and is reported to be in stable condition.
The 49-year-old man had been on the lake with his friends on Friday night. He fell into the water",LITERAL
break the ice,2,The rescue crew used a heavy drill to break the ice,DRAFT-needs-2nd-annotator-validation,-1.2,4," to get to the victim
The body of a woman who froze to death while she was out for a walk in the snow has been recovered by a rescue team in Russia.
A woman in her 40s was found by rescuers in the Siber",LITERAL
break the ice,2,The rescue crew used a heavy drill to break the ice,DRAFT-needs-2nd-annotator-validation,0.0,0," on the car before they could reach the driver
A driver was rescued from his car after becoming trapped under the ice in a lake in Japan.
The driver was trying to rescue a stranded dog when he became trapped under the ice in a lake in Sh",UNPARSEABLE
break the ice,2,The rescue crew used a heavy drill to break the ice,DRAFT-needs-2nd-annotator-validation,0.0,1,", and the dog was released at 2:30 a.m. local time, officials said.
The dog, a black Labrador named Lupo, was with the 10-member rescue crew and had been helping them dig out snowmobiles that had",LITERAL
break the ice,2,The rescue crew used a heavy drill to break the ice,DRAFT-needs-2nd-annotator-validation,0.0,2," that had formed around the driver's window.
A 2-year-old boy was rescued after being trapped in a car that fell through the ice on a Minnesota lake.
The rescue crew used a heavy drill to break the ice that had formed around the driver",LITERAL
break the ice,2,The rescue crew used a heavy drill to break the ice,DRAFT-needs-2nd-annotator-validation,0.0,3," and then pulled out the man, who was rescued and taken to a hospital. The crew also pulled out a second man who had fallen through the ice and was rescued by a third man. The crew was able to rescue the two men before they fell",LITERAL
break the ice,2,The rescue crew used a heavy drill to break the ice,DRAFT-needs-2nd-annotator-validation,0.0,4," and free the driver. (Photo: Khabar Agency)
A 24-year-old woman was rescued from a car submerged in the water in the Russian city of St. Petersburg. The incident happened on the evening of 30 March. The driver",LITERAL
break the ice,2,The rescue crew used a heavy drill to break the ice,DRAFT-needs-2nd-annotator-validation,1.2,0,", and the bear was able to escape into the woods.
The bear was found in a residential area in the city of Tula in southern Russia.
The bear was able to escape into the woods.
The bear was found in a residential area in the",FIGURATIVE
break the ice,2,The rescue crew used a heavy drill to break the ice,DRAFT-needs-2nd-annotator-validation,1.2,1," and then cut through the ice with a chainsaw. It took about 30 minutes for the ice to be broken and the crew was able to get the dog out of the water.
The dog was taken to the vet and is expected to make a",LITERAL
break the ice,2,The rescue crew used a heavy drill to break the ice,DRAFT-needs-2nd-annotator-validation,1.2,2,".
The crew also used a heavy drill to break the ice and remove the boat from the water.
He used a heavy drill to break the ice.
He used a heavy drill to break the ice.
The rescue crew used a heavy drill to break the",FIGURATIVE
break the ice,2,The rescue crew used a heavy drill to break the ice,DRAFT-needs-2nd-annotator-validation,1.2,3," and a hydraulic jack to lift the ice away. The rescue crew used a heavy drill to break the ice and a hydraulic jack to lift the ice away.
The ice jam at the bottom of the spillway was removed by the City of St. Cath",LITERAL
break the ice,2,The rescue crew used a heavy drill to break the ice,DRAFT-needs-2nd-annotator-validation,1.2,4,". The two men were then rescued from the ice.
It took nearly 30 minutes to rescue the men.
They were able to get out of the ice with the help of a heavy drill.
The two men were trapped in the ice for nearly ",LITERAL
break the ice,2,The rescue crew used a heavy drill to break the ice,DRAFT-needs-2nd-annotator-validation,2.39,0," and then the animal was carried out in a cage.
The rescue crew used a heavy drill to break the ice and then the animal was carried out in a cage. (Photo: B. G. S. / Twitter)
A dog was rescued from",LITERAL
break the ice,2,The rescue crew used a heavy drill to break the ice,DRAFT-needs-2nd-annotator-validation,2.39,1,". They then placed the body in a black bag and took it to the morgue. It was the body of a man. He was only 35 years old.
The man was killed by a police officer. He had been shot three times",LITERAL
break the ice,2,The rescue crew used a heavy drill to break the ice,DRAFT-needs-2nd-annotator-validation,2.39,2,", but the rescue took a long time. The drill had to be removed from the hole several times due to the pressure, and the rescue team was finally able to pull out the trapped man. The accident was caused by a heavy rainstorm, and",FIGURATIVE
break the ice,2,The rescue crew used a heavy drill to break the ice,DRAFT-needs-2nd-annotator-validation,2.39,3," and free the 13-year-old boy, who was stuck in the shaft since 12:30 p.m. on Thursday.
The rescue team of the fire department in the town of Aachen, in Germany, was able to rescue a 13",LITERAL
break the ice,2,The rescue crew used a heavy drill to break the ice,DRAFT-needs-2nd-annotator-validation,2.39,4,".
The rescue crew used a heavy drill to break the ice.
The rescue crew used a heavy drill to break the ice.
The rescue crew used a heavy drill to break the ice.
The rescue crew used a heavy drill to break the ice.
The",LITERAL
break the ice,2,The rescue crew used a heavy drill to break the ice,DRAFT-needs-2nd-annotator-validation,3.59,0," with the car, which was located in a muddy area of the river.
A car was stuck in a river in Austria, and the rescue crew used a heavy drill to break it free. The car was located in a muddy area of the river in",LITERAL
break the ice,2,The rescue crew used a heavy drill to break the ice,DRAFT-needs-2nd-annotator-validation,3.59,1,". The crew was able to free the trapped man after 45 minutes.
A man was stuck in a 3.5-metre hole in the ground in a small town in the Czech Republic. The man was stuck in the hole for about ",LITERAL
break the ice,2,The rescue crew used a heavy drill to break the ice,DRAFT-needs-2nd-annotator-validation,3.59,2," with the ice and eventually broke the ice. They were able to use the drill to break the ice into small pieces and then use the small pieces to create a makeshift ice wall to protect the remaining ice.
This is the same approach that was used to",LITERAL
break the ice,2,The rescue crew used a heavy drill to break the ice,DRAFT-needs-2nd-annotator-validation,3.59,3,", and when the water was drained out, a 16-inch-long python was discovered.
The crew said the snake was in good condition and is now being held in a special enclosure.
A snake with a 16-inch-long body has been discovered in",LITERAL
break the ice,2,The rescue crew used a heavy drill to break the ice,DRAFT-needs-2nd-annotator-validation,3.59,4,", and it took two hours to drill a hole into the body of the 4,000-year-old girl. Once the hole was made, the crew was able to remove the skull, which is now on display at the National Museum of Iran.
",FIGURATIVE
break the ice,2,The rescue crew used a heavy drill to break the ice,DRAFT-needs-2nd-annotator-validation,4.78,0,. The team was able to free the boy without further incident. The child was taken to a nearby hospital for observation and treatment of minor injuries.,LITERAL
break the ice,2,The rescue crew used a heavy drill to break the ice,DRAFT-needs-2nd-annotator-validation,4.78,1,".
The crew had to drill a hole in the concrete to get the dog out.
The dog was rescued after a crew drilled a hole in the concrete to get it out.
The crew drilled a hole in the concrete floor to rescue the dog.
The",FIGURATIVE
break the ice,2,The rescue crew used a heavy drill to break the ice,DRAFT-needs-2nd-annotator-validation,4.78,2,".
The drill was used to break the ice.
The drill was used to break the drill.
The drill was used to break the ice.
The drill was used to break the ice.
The drill was used to break the ice.
The drill was used",LITERAL
break the ice,2,The rescue crew used a heavy drill to break the ice,DRAFT-needs-2nd-annotator-validation,4.78,3,".
The rescue crew used a heavy drill to break the ice.
The rescue crew used a heavy drill to break the ice.
The rescue crew used a heavy drill to break the ice.
The rescue crew used a heavy drill to break the ice.
The",LITERAL
break the ice,2,The rescue crew used a heavy drill to break the ice,DRAFT-needs-2nd-annotator-validation,4.78,4,". It took two hours to drill a hole through the steel.
The rescue crew used a heavy drill to break the hole through the steel.
The rescue crew used a heavy drill to break the hole through the steel.
The rescue crew used a heavy drill",FIGURATIVE
behind bars,1,"After the verdict was read, the judge ordered him behind bars",DRAFT-needs-2nd-annotator-validation,-4.78,0," bars. He was taken away from the courtroom in handcuffs.
The judge, however, said he would allow a second trial, where the charges would be reduced to murder.
The prosecution had demanded the death penalty for the 27-year-old, who",FIGURATIVE
behind bars,1,"After the verdict was read, the judge ordered him behind bars",DRAFT-needs-2nd-annotator-validation,-4.78,1," bars. But the 25-year-old did not go down without a fight.
He refused to walk down the stairs of the courtroom, and had to be carried by two prison officers.
Mr. Kariuki was arrested on Tuesday, June 12",LITERAL
behind bars,1,"After the verdict was read, the judge ordered him behind bars",DRAFT-needs-2nd-annotator-validation,-4.78,2," bars for 25 years. But he did not stop there. He added 10 years more for the use of a firearm.
The judge said: “The weapon used was a shotgun and it was a high-powered shotgun. It was loaded with ",LITERAL
behind bars,1,"After the verdict was read, the judge ordered him behind bars",DRAFT-needs-2nd-annotator-validation,-4.78,3, bars for 12 years. The judge also ordered the 20-year-old to pay a fine of Rs. 2000 and to serve one year in jail for his crimes. He was also ordered to pay a fine of Rs. 2000,FIGURATIVE
behind bars,1,"After the verdict was read, the judge ordered him behind bars",DRAFT-needs-2nd-annotator-validation,-4.78,4," bars for 14 years.
A 19-year-old man who pleaded guilty to raping and murdering a teenage girl in north London has been jailed for 14 years.
The teenager, who cannot be named for legal reasons, was given the maximum sentence for",FIGURATIVE
behind bars,1,"After the verdict was read, the judge ordered him behind bars",DRAFT-needs-2nd-annotator-validation,-3.59,0," bars for a minimum of 10 years. However, he has not yet been sentenced.
The court in the city of Yekaterinburg has sentenced to 10 years in prison a man who, in July 2016, committed a murder",FIGURATIVE
behind bars,1,"After the verdict was read, the judge ordered him behind bars",DRAFT-needs-2nd-annotator-validation,-3.59,1," and the jury to be brought in.
After the verdict was read, the judge ordered him behind bars and the jury to be brought in.
The jury took about 2 1/2 hours to reach a verdict in the case.
The jury took",FIGURATIVE
behind bars,1,"After the verdict was read, the judge ordered him behind bars",DRAFT-needs-2nd-annotator-validation,-3.59,2," bars.
After the verdict was read, the judge ordered him behind bars.
After the verdict was read, the judge ordered him behind bars. He was sentenced to 10 years in prison, to be served in a maximum security prison. He is now",LITERAL
behind bars,1,"After the verdict was read, the judge ordered him behind bars",DRAFT-needs-2nd-annotator-validation,-3.59,3," bars, which he did not expect.
After being found guilty of murdering 19-year-old Sarah Everard, 34-year-old Wayne Couzens was sentenced to life in prison, with a minimum of 35 years, by the judge at the Old",FIGURATIVE
behind bars,1,"After the verdict was read, the judge ordered him behind bars",DRAFT-needs-2nd-annotator-validation,-3.59,4," bars, where he remains today. He's been in prison for over 25 years, but still manages to keep his sense of humor. And in prison, you can't be too careful about who you trust, because there are people who are willing",FIGURATIVE
behind bars,1,"After the verdict was read, the judge ordered him behind bars",DRAFT-needs-2nd-annotator-validation,-2.39,0," for the rest of his life, and the audience applauded. The judge said, “You are a cold-blooded killer and a coward.” Then the judge turned to the prosecutor and said, “Now you’ve done it. You’ve gotten yourself a",FIGURATIVE
behind bars,1,"After the verdict was read, the judge ordered him behind bars",DRAFT-needs-2nd-annotator-validation,-2.39,1,", where he will be held until his next court date.
The judge ordered the 21-year-old to be held in the county jail without bail.
The jury found the 21-year-old guilty of aggravated robbery.
The 21-year-old was found",LITERAL
behind bars,1,"After the verdict was read, the judge ordered him behind bars",DRAFT-needs-2nd-annotator-validation,-2.39,2,. I was very worried about him. The judge took a long time before he gave the verdict. The defendant was a young man of 23 years. He was charged with a crime of stealing. He was charged with a crime of stealing. He,LITERAL
behind bars,1,"After the verdict was read, the judge ordered him behind bars",DRAFT-needs-2nd-annotator-validation,-2.39,3," for 20 years. The sentence will be served concurrently with a 15-year sentence in a separate case, and the sentences will run until 2032.
The 27-year-old was arrested in May 2020 after the woman reported that she",LITERAL
behind bars,1,"After the verdict was read, the judge ordered him behind bars",DRAFT-needs-2nd-annotator-validation,-2.39,4," and sentenced him to 3 years in prison and a fine of 500,000 baht, according to the court.
The judge also ordered that the suspect be transferred to the Nonthaburi provincial prison to serve his sentence.
This is the",UNPARSEABLE
behind bars,1,"After the verdict was read, the judge ordered him behind bars",DRAFT-needs-2nd-annotator-validation,-1.2,0,". And then the judge asked the prosecutor to give his opinion on the case. The prosecutor said, “The man is guilty and deserves to be punished.” The judge said, “I have read the entire case and have come to a different conclusion.",FIGURATIVE
behind bars,1,"After the verdict was read, the judge ordered him behind bars",DRAFT-needs-2nd-annotator-validation,-1.2,1,". In the US, we have the right to trial by jury. A jury of 12 people can hear the evidence and decide whether to convict or acquit the defendant. But there is no such thing in China.
In the past, the people",INCOHERENT
behind bars,1,"After the verdict was read, the judge ordered him behind bars",DRAFT-needs-2nd-annotator-validation,-1.2,2,", he was taken to jail.
On May 3, 2018, the judge ordered him to be in jail, he was taken to jail.
On May 9, 2018, the judge ordered him to be in jail, he",UNPARSEABLE
behind bars,1,"After the verdict was read, the judge ordered him behind bars",DRAFT-needs-2nd-annotator-validation,-1.2,3,", and he was taken to the county jail. He is facing charges of assault, battery and criminal mischief.
The jury deliberated for about an hour before returning the verdict.
The judge said he will issue a written order about the sentencing.",FIGURATIVE
behind bars,1,"After the verdict was read, the judge ordered him behind bars",DRAFT-needs-2nd-annotator-validation,-1.2,4,".
The judge sentenced the 24-year-old to 10 years in prison. He will serve 4 years and 9 months before he is eligible for parole. He will also have to pay $500 in fines and $150 in fees.
The",LITERAL
behind bars,1,"After the verdict was read, the judge ordered him behind bars",DRAFT-needs-2nd-annotator-validation,0.0,0," for a minimum of 7 years.
This is the verdict of a 31-year-old man in the United States for a murder he committed when he was 18 years old. The man was sentenced to 7 years in prison. The verdict was",FIGURATIVE
behind bars,1,"After the verdict was read, the judge ordered him behind bars",DRAFT-needs-2nd-annotator-validation,0.0,1,", and a week later, he was sent to a maximum-security prison. There, he met a young inmate named James “Whitey” Bulger, a notorious Boston gangster. The two became fast friends, and Bulger became a mentor to",FIGURATIVE
behind bars,1,"After the verdict was read, the judge ordered him behind bars",DRAFT-needs-2nd-annotator-validation,0.0,2,". The sentence of 14 years is a bit of a shocker, as he was only found guilty of one count of aggravated assault with a deadly weapon. His lawyer was not happy, but had no choice but to accept the sentence.
The lawyer",FIGURATIVE
behind bars,1,"After the verdict was read, the judge ordered him behind bars",DRAFT-needs-2nd-annotator-validation,0.0,3," for the rest of his life. The jury took less than two hours to convict the man of first-degree murder. After he was found guilty, the judge ordered him to remain in jail until sentencing. The jury took less than two hours to convict the",LITERAL
behind bars,1,"After the verdict was read, the judge ordered him behind bars",DRAFT-needs-2nd-annotator-validation,0.0,4,", to be held without bail.
""Thank you for being here,"" said Judge James W. McDaniel. ""I hope that you will take this as a learning experience and not an opportunity to be vindictive toward anyone. You have been found",UNPARSEABLE
behind bars,1,"After the verdict was read, the judge ordered him behind bars",DRAFT-needs-2nd-annotator-validation,1.2,0,". He’s been in prison since 2006. He will now be released on parole in 2018.
The verdict was a shock to the community. Many residents have known the defendant for years. He has lived in the neighborhood his whole life",UNPARSEABLE
behind bars,1,"After the verdict was read, the judge ordered him behind bars",DRAFT-needs-2nd-annotator-validation,1.2,1,". But he's not in jail. Instead, he's sitting in a holding cell at the police station, surrounded by a handful of detectives.
The detective in charge of the investigation, a man named Mark S. Stoltz, is the first",FIGURATIVE
behind bars,1,"After the verdict was read, the judge ordered him behind bars",DRAFT-needs-2nd-annotator-validation,1.2,2," for 15 years. The judge also ordered that he be placed on the sex offender registry. The jury deliberated for a little over two hours before delivering the verdict.
The 34-year-old defendant was charged with one count of rape, one count",LITERAL
behind bars,1,"After the verdict was read, the judge ordered him behind bars",DRAFT-needs-2nd-annotator-validation,1.2,3," for a long time. A jury of his peers found him guilty of two counts of murder and two counts of attempted murder.
The jury deliberated for about three hours. It took them just over three hours to come to a decision.
A jury of",LITERAL
behind bars,1,"After the verdict was read, the judge ordered him behind bars",DRAFT-needs-2nd-annotator-validation,1.2,4,", where he belongs.
I'm not a fan of the death penalty, but in this case it was the only thing that made sense.
The Judge should have sentenced him to life in prison without parole, but he didn't.
I believe in the",FIGURATIVE
behind bars,1,"After the verdict was read, the judge ordered him behind bars",DRAFT-needs-2nd-annotator-validation,2.39,0,".
He was to serve 15 years in prison.
But it was more than that.
He was ordered to pay $750,000 in restitution.
And he was given a $100,000 fine.
The fine was to go to the victim's",LITERAL
behind bars,1,"After the verdict was read, the judge ordered him behind bars",DRAFT-needs-2nd-annotator-validation,2.39,1,", sentencing him to 17 years in prison. But that's not all, he also must pay a $15,000 fine. Judge James Kehoe also ordered the defendant to pay restitution of $1,000 to each of the victims.
",LITERAL
behind bars,1,"After the verdict was read, the judge ordered him behind bars",DRAFT-needs-2nd-annotator-validation,2.39,2,", and sentenced him to 10 years in prison, 10 years probation, and $5,000 in fines.
As he was led away, the defendant said, ""I didn't think I would get the maximum, but I'm not surprised",FIGURATIVE
behind bars,1,"After the verdict was read, the judge ordered him behind bars",DRAFT-needs-2nd-annotator-validation,2.39,3,". He was given 5 years for the 1st count of assault, 4 years for the 2nd count of assault, 2 years for the 3rd count of assault, 5 years for the 1st count of",FIGURATIVE
behind bars,1,"After the verdict was read, the judge ordered him behind bars",DRAFT-needs-2nd-annotator-validation,2.39,4,": “You’re not going to get out of here until you’ve paid the fine, paid the costs, and paid the restitution.” And that’s when things got interesting.
The judge ordered him to come back for sentencing on Friday. He’s facing",FIGURATIVE
behind bars,1,"After the verdict was read, the judge ordered him behind bars",DRAFT-needs-2nd-annotator-validation,3.59,0,", sentencing him to 14 years in prison. On Friday, the judge denied his request for a new trial, calling his lawyer's arguments ""unbelievable."" ""I was there,"" he said. ""You're trying to change the record.""
",FIGURATIVE
behind bars,1,"After the verdict was read, the judge ordered him behind bars",DRAFT-needs-2nd-annotator-validation,3.59,1,", telling the judge that he would have to pay $1000 in restitution and spend 1 year in jail. He would also have to go through a sex offender treatment program. A judge ordered him to serve 1 year in jail. This decision",LITERAL
behind bars,1,"After the verdict was read, the judge ordered him behind bars",DRAFT-needs-2nd-annotator-validation,3.59,2,". He was ordered to pay a $1,000 fine and to serve 30 days in jail. The judge also ordered that he complete 30 days of community service. He was also ordered to pay a $1,000 fine and to serve",FIGURATIVE
behind bars,1,"After the verdict was read, the judge ordered him behind bars",DRAFT-needs-2nd-annotator-validation,3.59,3,". He sentenced him to death. In addition to the death penalty, he was ordered to pay a fine of 100,000 rupees. However, he was acquitted of the charges of rape and abduction.
According to the police, he was arrested",FIGURATIVE
behind bars,1,"After the verdict was read, the judge ordered him behind bars",DRAFT-needs-2nd-annotator-validation,3.59,4,". The judge said, ""You are a dangerous man. You are a bad man. You are a man who is a danger to society."" The judge then said, ""The only thing I can do is send you to prison for the rest of",FIGURATIVE
behind bars,1,"After the verdict was read, the judge ordered him behind bars",DRAFT-needs-2nd-annotator-validation,4.78,0,". I was the first to get out of the car, and I was in the doorway. There was a lot of commotion, and I was trying to figure out what was going on. I saw a lot of people in the room. I",FIGURATIVE
behind bars,1,"After the verdict was read, the judge ordered him behind bars",DRAFT-needs-2nd-annotator-validation,4.78,1,". That’s when the prosecutor asked for 3 to 7 years, the defense asked for 2 to 4 years, and the judge asked for 1 to 2 years.
The judge then ordered him to serve 3 years in jail",LITERAL
behind bars,1,"After the verdict was read, the judge ordered him behind bars",DRAFT-needs-2nd-annotator-validation,4.78,2,".
But as the judge read the verdict, he could be heard saying ""it's not a fair verdict, it's not a fair verdict.""
The judge then asked the jury if they were satisfied that they had arrived at a fair verdict.
The judge",LITERAL
behind bars,1,"After the verdict was read, the judge ordered him behind bars",DRAFT-needs-2nd-annotator-validation,4.78,3,. The prosecutor requested that the defendant be given a 15-year sentence. The defendant's attorney asked for a sentence of 6 years. The judge gave the defendant a 10-year sentence. The defendant is currently incarcerated. The defendant's lawyer is,LITERAL
behind bars,1,"After the verdict was read, the judge ordered him behind bars",DRAFT-needs-2nd-annotator-validation,4.78,4,". The defendant was sentenced to 15 years in prison and ordered to pay $1.3 million in restitution. He also was ordered to pay $500,000 in restitution to his victim, who is a minor.",FIGURATIVE
behind bars,2,The zoo moved the injured tiger's cage further behind bars,DRAFT-needs-2nd-annotator-validation,-4.78,0," netting so that she couldn't get to the outside of the cage and could be watched more closely, the zoo said.
The tiger, which was spotted in the zoo's Tiger Safari on Sunday, has not attacked anyone or injured anyone, zoo officials",LITERAL
behind bars,2,The zoo moved the injured tiger's cage further behind bars,DRAFT-needs-2nd-annotator-validation,-4.78,1," railings, but it didn't deter visitors.
Tigers are known for their ferocity. But at the Toronto Zoo, a 4-year-old Siberian tiger named Raja is making headlines for his gentleness.
The zoo moved the injured tiger",LITERAL
behind bars,2,The zoo moved the injured tiger's cage further behind bars,DRAFT-needs-2nd-annotator-validation,-4.78,2," bars and locked the door. Then they left the tiger alone to die.
The zoo moved the injured tiger's cage further behind bars and locked the door. Then they left the tiger alone to die.
The zoo moved the injured tiger's cage further behind",LITERAL
behind bars,2,The zoo moved the injured tiger's cage further behind bars,DRAFT-needs-2nd-annotator-validation,-4.78,3," netting to keep the tiger from escaping. The zoo is now using a tranquilizer dart to treat the tiger, which is now sedated, and will be treated with antibiotics and fluids. The zoo said the tiger will be treated with an antibiotic and",LITERAL
behind bars,2,The zoo moved the injured tiger's cage further behind bars,DRAFT-needs-2nd-annotator-validation,-4.78,4," bars
The zoo moved the injured tiger's cage further behind bars
The zoo moved the injured tiger's cage further behind bars
The zoo moved the injured tiger's cage further behind bars
The zoo moved the injured tiger's cage further behind bars
",FIGURATIVE
behind bars,2,The zoo moved the injured tiger's cage further behind bars,DRAFT-needs-2nd-annotator-validation,-3.59,0," 2
On the 30th, the zoo said that the injured tiger was transferred to the zoo in the evening. After the tiger was transferred to the zoo, the zoo staff and the zoo veterinarian took the injured tiger to the designated place for",LITERAL
behind bars,2,The zoo moved the injured tiger's cage further behind bars,DRAFT-needs-2nd-annotator-validation,-3.59,1," of the enclosure, where it is now separated from the rest of the animals, officials said.
The tiger, a 5-year-old male named Javan, was injured when it was struck by a truck while attempting to escape a cage at the zoo",LITERAL
behind bars,2,The zoo moved the injured tiger's cage further behind bars,DRAFT-needs-2nd-annotator-validation,-3.59,2,", but it was not enough to prevent the animal from being attacked by a 10-year-old lion. In this case, the zoo will be fined.
The injured tiger is in the hospital and is not in danger, but it is still unclear what",FIGURATIVE
behind bars,2,The zoo moved the injured tiger's cage further behind bars,DRAFT-needs-2nd-annotator-validation,-3.59,3," to protect it from the heat and other animals. But after about an hour, the tiger climbed over the bars and was able to escape through a small hole in the cage.
The tiger was spotted by a worker at the zoo on Sunday afternoon and the",FIGURATIVE
behind bars,2,The zoo moved the injured tiger's cage further behind bars,DRAFT-needs-2nd-annotator-validation,-3.59,4," of the barrier, but the tiger still managed to escape.
The zoo moved the injured tiger's cage further behind bars of the barrier, but the tiger still managed to escape.
A tiger escaped from its cage at a zoo in China and killed a ",UNPARSEABLE
behind bars,2,The zoo moved the injured tiger's cage further behind bars,DRAFT-needs-2nd-annotator-validation,-2.39,0," and to the left. The zoo moved the injured tiger's cage further behind bars and to the left.
The zoo moved the injured tiger's cage further behind bars and to the left. The zoo moved the injured tiger's cage further behind bars and to",FIGURATIVE
behind bars,2,The zoo moved the injured tiger's cage further behind bars,DRAFT-needs-2nd-annotator-validation,-2.39,1," of the zoo in the hope of a speedy recovery.
The 8-month-old tiger was attacked by a leopard on Saturday, but the zoo said the tiger was not seriously injured.
The zoo said the tiger will be under observation for the next few days",LITERAL
behind bars,2,The zoo moved the injured tiger's cage further behind bars,DRAFT-needs-2nd-annotator-validation,-2.39,2," to prevent visitors from getting too close to it. The zoo has been open since 1972 and is home to about 100 animals, including lions, tigers, monkeys, bears and zebras. The zoo's Facebook page said the tiger was",LITERAL
behind bars,2,The zoo moved the injured tiger's cage further behind bars,DRAFT-needs-2nd-annotator-validation,-2.39,3,", which is considered to be a secure place. The zoo said the tiger is not a danger to the public.
The zoo moved the injured tiger's cage further behind bars, which is considered to be a secure place. The zoo said the tiger is",FIGURATIVE
behind bars,2,The zoo moved the injured tiger's cage further behind bars,DRAFT-needs-2nd-annotator-validation,-2.39,4," and out of sight.
The zoo moved the injured tiger's cage further behind bars and out of sight. (Zoo Atlanta)
ATLANTA — Zoo Atlanta says it has moved the cage of a tiger injured by a chain-reaction crash of two",FIGURATIVE
behind bars,2,The zoo moved the injured tiger's cage further behind bars,DRAFT-needs-2nd-annotator-validation,-1.2,0," to protect the tiger from being attacked by other animals.
The tiger had injured its front leg after a fight with another tiger.
The zoo is planning to take the tiger to a specialized hospital in Beijing.
The zoo is closed to the public until further notice",FIGURATIVE
behind bars,2,The zoo moved the injured tiger's cage further behind bars,DRAFT-needs-2nd-annotator-validation,-1.2,1," to protect the public. The zoo moved the injured tiger's cage further behind bars to protect the public.
A tiger has been injured at the London Zoo after it got its leg trapped in a fence and mauled a zookeeper.
The zoo said the",LITERAL
behind bars,2,The zoo moved the injured tiger's cage further behind bars,DRAFT-needs-2nd-annotator-validation,-1.2,2," to protect other animals in the zoo.
A tiger attacked a zookeeper at the San Diego Zoo Safari Park on Sunday, causing minor injuries to the worker. The zoo moved the injured tiger's cage further behind bars to protect other animals in the zoo.
",LITERAL
behind bars,2,The zoo moved the injured tiger's cage further behind bars,DRAFT-needs-2nd-annotator-validation,-1.2,3," and behind the zoo's main gate in an effort to prevent people from getting too close. The zoo said it was not sure how the tiger got injured.
The zoo said it was not sure how the tiger got injured.",LITERAL
behind bars,2,The zoo moved the injured tiger's cage further behind bars,DRAFT-needs-2nd-annotator-validation,-1.2,4," and added a concrete slab to the ground where the animal was standing.
A tiger at a Russian zoo has been rescued after falling through the floor of his cage, officials said Thursday.
The zoo in the city of Samara said the animal, named V",LITERAL
behind bars,2,The zoo moved the injured tiger's cage further behind bars,DRAFT-needs-2nd-annotator-validation,0.0,0,", but the tiger was able to get out and attack a worker.
A worker at the zoo in South Korea was mauled by a tiger on Thursday. The worker was in the tiger enclosure, and the tiger attacked him, but it's not clear",FIGURATIVE
behind bars,2,The zoo moved the injured tiger's cage further behind bars,DRAFT-needs-2nd-annotator-validation,0.0,1," and added a second layer of fencing.
The zoo moved the injured tiger's cage further behind bars and added a second layer of fencing.
A Bengal tiger that mauled a zookeeper and was shot in the head in a Texas zoo has died.
The",UNPARSEABLE
behind bars,2,The zoo moved the injured tiger's cage further behind bars,DRAFT-needs-2nd-annotator-validation,0.0,2," after the attack, said zoo director Robyn Riehl. (AP)
The zoo moved the injured tiger's cage further behind bars after the attack, said zoo director Robyn Riehl. (AP)
Zoo director says tiger attack was",FIGURATIVE
behind bars,2,The zoo moved the injured tiger's cage further behind bars,DRAFT-needs-2nd-annotator-validation,0.0,3," after the attack, which left a man in serious condition.
A tiger mauled a man in the neck at a zoo in southern China, leaving him in serious condition, state media reported on Sunday.
The attack on Saturday evening came after the zoo moved",LITERAL
behind bars,2,The zoo moved the injured tiger's cage further behind bars,DRAFT-needs-2nd-annotator-validation,0.0,4," and into a smaller area. Photo: Getty
A zoo in the Netherlands has been forced to lock the doors of a tiger’s enclosure after a visitor entered the cage and got a scratch from the animal.
The incident happened at the Rotterdam Zoo on Saturday",LITERAL
behind bars,2,The zoo moved the injured tiger's cage further behind bars,DRAFT-needs-2nd-annotator-validation,1.2,0,".
The Tiger King star Carole Baskin has defended her zoo's decision to move a tiger that was recently injured to the ""back of the zoo"" after it attacked a worker.
In a new video shared to Twitter on Thursday, Bask",LITERAL
behind bars,2,The zoo moved the injured tiger's cage further behind bars,DRAFT-needs-2nd-annotator-validation,1.2,1,"
The zoo moved the injured tiger's cage further behind bars
The zoo moved the injured tiger's cage further behind bars
The zoo moved the injured tiger's cage further behind bars
The zoo moved the injured tiger's cage further behind bars
The",FIGURATIVE
behind bars,2,The zoo moved the injured tiger's cage further behind bars,DRAFT-needs-2nd-annotator-validation,1.2,2," on Monday, citing concerns that the tiger's habitat might be disturbed by construction work at the zoo.
In a statement, the zoo said the tiger, known as Xiang Xiang, had been moved to a more remote part of the zoo, """,LITERAL
behind bars,2,The zoo moved the injured tiger's cage further behind bars,DRAFT-needs-2nd-annotator-validation,1.2,3,", but it still got out and killed a zookeeper.
The zoo moved the injured tiger's cage further behind bars, but it still got out and killed a zookeeper.
The tiger that killed a zookeeper in Cincinnati on Sunday escaped from its cage",LITERAL
behind bars,2,The zoo moved the injured tiger's cage further behind bars,DRAFT-needs-2nd-annotator-validation,1.2,4,".
The tiger was found wandering on a highway in the northern Indian state of Uttar Pradesh, about 500 kilometres from Delhi.
The tiger was found wandering on a highway in the northern Indian state of Uttar Pradesh, about 500 kilometres from Delhi.
The",LITERAL
behind bars,2,The zoo moved the injured tiger's cage further behind bars,DRAFT-needs-2nd-annotator-validation,2.39,0,", and a week later, a group of 13 people were able to walk through the cage without any problems. They are not sure if the tiger is still alive. The authorities have confirmed that the tiger is still alive. The zoo has not released",LITERAL
behind bars,2,The zoo moved the injured tiger's cage further behind bars,DRAFT-needs-2nd-annotator-validation,2.39,1,", to a secluded part of the park, and the animal was then tranquilized and treated.
The tiger, which was injured on Monday, was moved to a secluded area of the park and tranquilized before treatment.
The tiger was injured after it jumped",FIGURATIVE
behind bars,2,The zoo moved the injured tiger's cage further behind bars,DRAFT-needs-2nd-annotator-validation,2.39,2,"
It seems that the zoo in the city of Lviv, Ukraine, which recently caught fire, has a plan to move the injured tiger further away from the building.
The zoo moved the injured tiger's cage further behind bars
It seems that the",FIGURATIVE
behind bars,2,The zoo moved the injured tiger's cage further behind bars,DRAFT-needs-2nd-annotator-validation,2.39,3,".
The tiger, who was brought to the zoo from a private house, was caught in a trap, and the zoo had to call the emergency service.
The tiger was transported to the zoo in a special cage, and it was found that the animal",LITERAL
behind bars,2,The zoo moved the injured tiger's cage further behind bars,DRAFT-needs-2nd-annotator-validation,2.39,4,".
The tiger that mauled a zookeeper to death was put into a separate enclosure, far away from the public, zoo officials said Tuesday.
The zookeeper, Carole Baskin, was mauled by a tiger on Monday. The tiger",LITERAL
behind bars,2,The zoo moved the injured tiger's cage further behind bars,DRAFT-needs-2nd-annotator-validation,3.59,0,". He was then left alone for the night.
The tiger's enclosure was moved to a more secluded area behind the zoo's main building. He was then left alone for the night.
A zoo in the Czech Republic has been slammed for leaving an injured",LITERAL
behind bars,2,The zoo moved the injured tiger's cage further behind bars,DRAFT-needs-2nd-annotator-validation,3.59,1,".
A Bengal tiger at a German zoo has been rescued after a woman jumped into its enclosure and fell in.
Police said the 34-year-old woman fell into the tiger's cage after a railing gave way in the enclosure at the Tierpark Berlin zoo",FIGURATIVE
behind bars,2,The zoo moved the injured tiger's cage further behind bars,DRAFT-needs-2nd-annotator-validation,3.59,2,", but it didn't go far enough, said animal rights group PETA.
The Humane Society of the United States said it was concerned about the safety of the tiger after the incident, which happened during a tour of the zoo.
The incident took",FIGURATIVE
behind bars,2,The zoo moved the injured tiger's cage further behind bars,DRAFT-needs-2nd-annotator-validation,3.59,3,".
The zoo moved the injured tiger's cage further behind barriers and closed off the area to the public.
The tiger, a 13-year-old male named Bao Bao, was attacked by another tiger on Thursday, the zoo said in a statement",LITERAL
behind bars,2,The zoo moved the injured tiger's cage further behind bars,DRAFT-needs-2nd-annotator-validation,3.59,4,", with the zoo's spokesman saying it was done to prevent the tiger from injuring itself.
The zoo moved the injured tiger's cage further behind the barriers, with the zoo's spokesman saying it was done to prevent the tiger from injuring itself.
A tiger",FIGURATIVE
behind bars,2,The zoo moved the injured tiger's cage further behind bars,DRAFT-needs-2nd-annotator-validation,4.78,0,", but did not offer an explanation as to why it did not have a veterinarian on hand to treat the animal.
A zoo in South Korea said it was forced to euthanize a Siberian tiger after it mauled a zookeeper on Saturday.
",LITERAL
behind bars,2,The zoo moved the injured tiger's cage further behind bars,DRAFT-needs-2nd-annotator-validation,4.78,1,". In addition to the new enclosure, zoo officials have also installed a new 12-foot wall to keep the tiger from escaping. The tiger was transferred from his original cage to the new one Sunday. A zoo official said the tiger had been eating and",LITERAL
behind bars,2,The zoo moved the injured tiger's cage further behind bars,DRAFT-needs-2nd-annotator-validation,4.78,2,". Photo: EPA
Zoo staff move tiger after animal mauled keeper
Zoo staff have moved the tiger which mauled a keeper on Saturday night to a new enclosure in the hope it will feel less threatened.
The tiger, which zoo officials",LITERAL
behind bars,2,The zoo moved the injured tiger's cage further behind bars,DRAFT-needs-2nd-annotator-validation,4.78,3,", but the animal is still ""very aggressive.""
The tiger that mauled a 2-year-old girl at the Bronx Zoo was moved Thursday night to a cage that's a safe distance away from the public, zoo officials said.
The tiger was moved",LITERAL
behind bars,2,The zoo moved the injured tiger's cage further behind bars,DRAFT-needs-2nd-annotator-validation,4.78,4,".
A tiger at a zoo in Germany was mauled by another tiger and injured on Saturday.
According to The Local, the tiger, named ""Rico"", was attacked by another male tiger at the zoo in Leipzig. The zoo's spokesman said the",UNPARSEABLE
on ice,1,Management decided to put the merger talks on ice,DRAFT-needs-2nd-annotator-validation,-4.78,0," 5. The two companies have complementary businesses in the same industry, so the merger should be easy to complete. In the meantime, the two companies will continue to operate separately, and the management of the two companies will coordinate closely to ensure that the",FIGURATIVE
on ice,1,Management decided to put the merger talks on ice,DRAFT-needs-2nd-annotator-validation,-4.78,1," platform for all to see.
What is the difference between the following two sentences?
I am interested in knowing the difference between the two sentences. Which one is correct and why?
We are interested in knowing the difference between the two sentences. Which one is",FIGURATIVE
on ice,1,Management decided to put the merger talks on ice,DRAFT-needs-2nd-annotator-validation,-4.78,2, board as they had to consider all the aspects of the merger. The company has two plants in Germany and one in the USA. The plants in Germany are very old and are not meeting the quality standards. The company is having a lot of problems in,FIGURATIVE
on ice,1,Management decided to put the merger talks on ice,DRAFT-needs-2nd-annotator-validation,-4.78,3," 1. How do you think the company will react to the offer? 2. What is the best course of action for the management team?
1. The company will accept the offer, because it is a good opportunity to expand the company.",LITERAL
on ice,1,Management decided to put the merger talks on ice,DRAFT-needs-2nd-annotator-validation,-4.78,4," in the freezer and start a new search. It was decided that the company would hire a specialist who would be responsible for finding a new CEO.
The company was looking for a person who would be able to help them improve their productivity and increase their profitability",FIGURATIVE
on ice,1,Management decided to put the merger talks on ice,DRAFT-needs-2nd-annotator-validation,-3.59,0," number 3 on hold. The reason was that the price was too high.
In the same way, the management of a company sometimes puts merger talks on hold because the price is too high. However, there are a number of other reasons why management",LITERAL
on ice,1,Management decided to put the merger talks on ice,DRAFT-needs-2nd-annotator-validation,-3.59,1," number 7 on hold until the end of the year.
In the meantime, the company's stock price has gone up 20 percent, and the company's CEO has become a billionaire.
He's got a lot of money, but the company is",FIGURATIVE
on ice,1,Management decided to put the merger talks on ice,DRAFT-needs-2nd-annotator-validation,-3.59,2,", because the acquisition of the company could be a disaster, the acquisition of the company could be a disaster, the acquisition of the company could be a disaster, the acquisition of the company could be a disaster, the acquisition of the company could be a",INCOHERENT
on ice,1,Management decided to put the merger talks on ice,DRAFT-needs-2nd-annotator-validation,-3.59,3," pallets. This is how it happened
The merger of the two leading European retail groups in the food and non-food sector was a topic of conversation for a long time. The merger of the two companies was announced in October, and in December,",INCOHERENT
on ice,1,Management decided to put the merger talks on ice,DRAFT-needs-2nd-annotator-validation,-3.59,4,", the company will be acquired by a competitor for $ 12 billion, which is 35% higher than the market value of the company at the time of the announcement.
The CEO of the company, Mr. David Schulte, has resigned",LITERAL
on ice,1,Management decided to put the merger talks on ice,DRAFT-needs-2nd-annotator-validation,-2.39,0," the back burner until the summer of 2013. The merger has been delayed a number of times due to the recession. The merger was expected to take place in 2012, but the deal was delayed until 2013 because of the recession",FIGURATIVE
on ice,1,Management decided to put the merger talks on ice,DRAFT-needs-2nd-annotator-validation,-2.39,1," for a while and see if the economy will be better before they decide to merge the two companies. Management was expecting a better economy, but it did not happen. So, management decided to merge the companies now. The two companies are the same and",FIGURATIVE
on ice,1,Management decided to put the merger talks on ice,DRAFT-needs-2nd-annotator-validation,-2.39,2,-ice because it was a complex deal. The board was in a quandary about whether to buy the company or merge with it. The company had a good track record in the market but was facing some problems in the recent past. Management decided to,FIGURATIVE
on ice,1,Management decided to put the merger talks on ice,DRAFT-needs-2nd-annotator-validation,-2.39,3," tables, and they were not going to be discussing it any further.
In order to get out of the mess, management needed to have a clear and concise message to the employees about what was going on.
It was a simple message, and it was",FIGURATIVE
on ice,1,Management decided to put the merger talks on ice,DRAFT-needs-2nd-annotator-validation,-2.39,4," of the company's new products and services. The company's new product and services is in the form of the merger of two companies, which is the company's new products and services. The company's new products and services is in the form of the",INCOHERENT
on ice,1,Management decided to put the merger talks on ice,DRAFT-needs-2nd-annotator-validation,-1.2,0," and move on to the next priority, which was to develop the new corporate identity. This is a very common strategy when a merger is not yet finalized. The corporate identity is usually a separate project. However, when it comes to creating a new corporate",FIGURATIVE
on ice,1,Management decided to put the merger talks on ice,DRAFT-needs-2nd-annotator-validation,-1.2,1,", and to focus on the business of the company, while leaving the door open for further discussions at a later date.
The company is now going to focus on its business, and will not be commenting further on the matter.
This is a stock I",FIGURATIVE
on ice,1,Management decided to put the merger talks on ice,DRAFT-needs-2nd-annotator-validation,-1.2,2," as there were no immediate benefits to be derived from it. Management decided to put the merger talks on ice as there were no immediate benefits to be derived from it.
Q. Management decided to put the merger talks on ice as there were no immediate benefits",FIGURATIVE
on ice,1,Management decided to put the merger talks on ice,DRAFT-needs-2nd-annotator-validation,-1.2,3,". The company wanted to ensure that the merger would create value for shareholders and would not lead to a loss of market share. Therefore, the company needed to conduct a strategic analysis to evaluate the proposed merger. This paper is a strategic analysis of the proposed",FIGURATIVE
on ice,1,Management decided to put the merger talks on ice,DRAFT-needs-2nd-annotator-validation,-1.2,4," and wait for the next year to see if the company's performance would be better.
The company has to decide whether to buy the company or not.
The company will decide whether to invest or not.
The company will decide whether to expand or not.
",LITERAL
on ice,1,Management decided to put the merger talks on ice,DRAFT-needs-2nd-annotator-validation,0.0,0,", in part because of the fear that the new company would be unable to win approval from the Federal Trade Commission, according to a person familiar with the discussions.
The FTC has shown in recent years that it has been more aggressive in blocking mergers,",LITERAL
on ice,1,Management decided to put the merger talks on ice,DRAFT-needs-2nd-annotator-validation,0.0,1,", but they weren't done with each other.
Two years ago, when management of the two companies announced their merger plans, it was a match made in heaven. The two companies had similar cultures, and the combined company was projected to have a better",FIGURATIVE
on ice,1,Management decided to put the merger talks on ice,DRAFT-needs-2nd-annotator-validation,0.0,2,". They had made a lot of progress in the past few months, and had even signed a non-disclosure agreement, but the deal seemed to be falling apart.
The company was not sure why. They had a great product and a good market,",FIGURATIVE
on ice,1,Management decided to put the merger talks on ice,DRAFT-needs-2nd-annotator-validation,0.0,3," until the economy turned around. We were able to take a break and get some perspective on what we had and what we wanted. After the break, the economy did turn around and we decided to pick up the merger talks again. But, this time",FIGURATIVE
on ice,1,Management decided to put the merger talks on ice,DRAFT-needs-2nd-annotator-validation,0.0,4," because they didn't think they could get the same return on investment.
The company was founded in 1997 as a technology company, but it has since shifted its focus to the healthcare industry.
The company was founded in 1997 as a technology",LITERAL
on ice,1,Management decided to put the merger talks on ice,DRAFT-needs-2nd-annotator-validation,1.2,0,", citing the lack of synergies between the two companies. The decision was made to end the talks, according to the Financial Times.
As part of the planned merger, Siemens was to acquire the 50 percent of the company it did not already own",FIGURATIVE
on ice,1,Management decided to put the merger talks on ice,DRAFT-needs-2nd-annotator-validation,1.2,1,", and the company was taken over by another company.
A. true
B. false
Answer: B",LITERAL
on ice,1,Management decided to put the merger talks on ice,DRAFT-needs-2nd-annotator-validation,1.2,2,", and instead the company will focus on its core businesses. The company is now looking to restructure the business in a way that will improve the company’s performance.
The company has also decided to focus on its core businesses, including its retail and wholesale",FIGURATIVE
on ice,1,Management decided to put the merger talks on ice,DRAFT-needs-2nd-annotator-validation,1.2,3,", but there was a lot of excitement in the press about the possibility of a merger, and the companies began to prepare themselves for a merger. This is the case with the merger of the two companies.
The first thing that the management team had to",FIGURATIVE
on ice,1,Management decided to put the merger talks on ice,DRAFT-needs-2nd-annotator-validation,1.2,4," in early 1999. The companies had come to loggerheads over the issue of who would have control over the combined business. In addition, the companies were already involved in several other merger talks.
The companies had agreed to a merger in late ",FIGURATIVE
on ice,1,Management decided to put the merger talks on ice,DRAFT-needs-2nd-annotator-validation,2.39,0,". So, they took a long weekend to get their arms around the situation. They didn't want to rush into anything and make a mistake. They wanted to get a clear picture of the situation and come back with a solution that was right for both",FIGURATIVE
on ice,1,Management decided to put the merger talks on ice,DRAFT-needs-2nd-annotator-validation,2.39,1,", but they weren’t sure how to do it. They knew that employees would be anxious about the future, and they wanted to make sure they handled it right.
In this video, you’ll learn how to communicate the merger effectively to employees. The",LITERAL
on ice,1,Management decided to put the merger talks on ice,DRAFT-needs-2nd-annotator-validation,2.39,2,", and to put the matter of the merger to a vote of the shareholders of both companies at the next annual general meeting.
In this situation, the board of directors of the companies must decide whether to recommend to the shareholders to approve the merger. If",FIGURATIVE
on ice,1,Management decided to put the merger talks on ice,DRAFT-needs-2nd-annotator-validation,2.39,3,", with a view to completing the deal by the end of the year.
The two companies have been talking about a possible tie-up since early this year, after it became clear that the former would need to raise more capital to fund its expansion.
The",FIGURATIVE
on ice,1,Management decided to put the merger talks on ice,DRAFT-needs-2nd-annotator-validation,2.39,4,". And that’s a good thing, because the company has been looking for a buyer for its North American operations for more than a year.
What’s more, it’s been searching for someone who can help it get the most out of its products and",FIGURATIVE
on ice,1,Management decided to put the merger talks on ice,DRAFT-needs-2nd-annotator-validation,3.59,0,", but the company was concerned about the possibility that the market would view the deal negatively. “We were not sure that people would think it was a good deal for them,” says the CEO. “We didn’t want the market to think that we",FIGURATIVE
on ice,1,Management decided to put the merger talks on ice,DRAFT-needs-2nd-annotator-validation,3.59,1,". They knew the merger would be beneficial to the company and that the shareholders would benefit from the increase in value of the combined companies’ shares. They also knew that the merger would be beneficial to the employees of the two companies. However, they did",FIGURATIVE
on ice,1,Management decided to put the merger talks on ice,DRAFT-needs-2nd-annotator-validation,3.59,2,", and on August 1, 2018, the two companies announced a merger agreement.
The merger would create a global leader in the $1.7 billion digital payments industry, with combined revenues of $3.4 billion and 2.",LITERAL
on ice,1,Management decided to put the merger talks on ice,DRAFT-needs-2nd-annotator-validation,3.59,3,".
A few weeks later, the merger was announced.
The board of directors was unanimous in their support.
The shareholders of the company were not unanimous in their support.
The shareholders of the company were split on the issue.
The issue was split 50",FIGURATIVE
on ice,1,Management decided to put the merger talks on ice,DRAFT-needs-2nd-annotator-validation,3.59,4,".
Management decided to put the merger talks on ice. This means that they will not continue with the merger at the moment. This is because management has decided that the merger will not be of benefit to the company. Management decided to put the merger talks",FIGURATIVE
on ice,1,Management decided to put the merger talks on ice,DRAFT-needs-2nd-annotator-validation,4.78,0,". The two companies had been talking for quite some time. Finally, on July 24, 2015, the two companies announced a merger. It was a merger of equals, with both companies remaining independent entities. The merger would take place in",FIGURATIVE
on ice,1,Management decided to put the merger talks on ice,DRAFT-needs-2nd-annotator-validation,4.78,1,", and on July 1, 2014, the two companies were merged into one. The merger resulted in the creation of a new company, known as American Electric Power. The new company is one of the largest electric utilities in the U.S",FIGURATIVE
on ice,1,Management decided to put the merger talks on ice,DRAFT-needs-2nd-annotator-validation,4.78,2,". The new company was named Cognizant Technology Solutions. Cognizant is an American multinational company headquartered in Teaneck, New Jersey. The company offers a wide range of IT services, including consulting, application development, and maintenance.",FIGURATIVE
on ice,1,Management decided to put the merger talks on ice,DRAFT-needs-2nd-annotator-validation,4.78,3,". However, the CEO and CFO are not comfortable with the deal and feel that it will be detrimental to the company's long-term financial performance. The CEO and CFO have a fiduciary duty to protect the interests of the company's shareholders. They",FIGURATIVE
on ice,1,Management decided to put the merger talks on ice,DRAFT-needs-2nd-annotator-validation,4.78,4,", but the deal was called off after months of negotiations. The two companies are now back in the market with their merger plans back on the table.
A spokesman for the group said the board was “confident in the prospects for the combined business”,",FIGURATIVE
on ice,2,The waiter kept the champagne bottle chilling on ice,DRAFT-needs-2nd-annotator-validation,-4.78,0," ice and the room was filled with the sweet smell of rose petals. The atmosphere was romantic and the food was exquisite. The service was impeccable, and the bill was very reasonable. It was a perfect date night!
The wine list is great and the",LITERAL
on ice,2,The waiter kept the champagne bottle chilling on ice,DRAFT-needs-2nd-annotator-validation,-4.78,1," ice cubes, and poured it into a silver goblet. “To our newlyweds,” he said, and toasted. I took a sip and looked at the ring on my finger, then glanced at my husband, who was sitting across from me",FIGURATIVE
on ice,2,The waiter kept the champagne bottle chilling on ice,DRAFT-needs-2nd-annotator-validation,-4.78,2," ice. The wine was served in a silver champagne bucket. The dining room was dark, with only candles on the tables and a few lamps to light the way. The waiters were dressed in white and the head waiter was wearing a white jacket and",LITERAL
on ice,2,The waiter kept the champagne bottle chilling on ice,DRAFT-needs-2nd-annotator-validation,-4.78,3," tray
I asked for a bottle of champagne to celebrate my birthday. The waiter asked if I wanted him to chill it in the wine cooler, or keep it on the tray. I opted for the latter. When he came back, the bottle was",FIGURATIVE
on ice,2,The waiter kept the champagne bottle chilling on ice,DRAFT-needs-2nd-annotator-validation,-4.78,4," ice on ice in the freezer. I was sitting at the table in the window. It was a beautiful day. I had just flown in from Toronto, and was excited to see my boyfriend for the first time in a long time. He was late",LITERAL
on ice,2,The waiter kept the champagne bottle chilling on ice,DRAFT-needs-2nd-annotator-validation,-3.59,0," ice cubes. A good thing, because the bubbles were popping all over the place as I watched my friend and fellow food blogger, Jocelyn, open the bottle. We were at a wine tasting at the home of our mutual friend, Lisa,",FIGURATIVE
on ice,2,The waiter kept the champagne bottle chilling on ice,DRAFT-needs-2nd-annotator-validation,-3.59,1," blocks for three days before the wedding.
The bride, who is a professional dancer, wore a stunning, sequinned gown.
The bride and groom had 500 guests at their wedding.
The groom was dressed in a suit made from recycled plastic bottles.
",LITERAL
on ice,2,The waiter kept the champagne bottle chilling on ice,DRAFT-needs-2nd-annotator-validation,-3.59,2," blocks in a wooden box for hours on end. “You can’t use a glass, it will break,” he said. “You have to use a plastic bottle.”
It was the beginning of the evening, and we were about to embark on a",LITERAL
on ice,2,The waiter kept the champagne bottle chilling on ice,DRAFT-needs-2nd-annotator-validation,-3.59,3," ice cubes in the freezer, so the bubbles were nice and fizzy. He poured it into a glass, added a little bit of orange juice and a sprig of mint. I sipped the concoction and enjoyed the bubbles. I loved the",FIGURATIVE
on ice,2,The waiter kept the champagne bottle chilling on ice,DRAFT-needs-2nd-annotator-validation,-3.59,4," blocks, and the sommelier had a special glass for the wine. The menu was an epicurean delight, with dishes ranging from a traditional French onion soup to a foie gras starter. The main course was a mouthwatering beef fil",FIGURATIVE
on ice,2,The waiter kept the champagne bottle chilling on ice,DRAFT-needs-2nd-annotator-validation,-2.39,0," in the freezer for hours, as the guests waited for the bride to arrive. When she finally arrived, she was wearing a long white dress and a pair of high heels. She was accompanied by her father, who carried her bouquet. The guests were",FIGURATIVE
on ice,2,The waiter kept the champagne bottle chilling on ice,DRAFT-needs-2nd-annotator-validation,-2.39,1," cubes in a bucket of water, and the food was served by candlelight. The dinner was a celebration of love and commitment, a celebration of marriage. The wedding reception was the crowning glory of the day, a day that would be remembered for",LITERAL
on ice,2,The waiter kept the champagne bottle chilling on ice,DRAFT-needs-2nd-annotator-validation,-2.39,2," in the freezer. I was not impressed. When it was time to pour, it was still too cold. I told him to pour it a little slower.
I took a sip. It was good. But, I don’t like champagne. I",LITERAL
on ice,2,The waiter kept the champagne bottle chilling on ice,DRAFT-needs-2nd-annotator-validation,-2.39,3," blocks. A few hours later, I was on the floor of a private dining room in the Mandarin Oriental Hotel, Hong Kong, surrounded by the most beautiful people I have ever met.
In front of me was a plate of sushi, a bowl of",INCOHERENT
on ice,2,The waiter kept the champagne bottle chilling on ice,DRAFT-needs-2nd-annotator-validation,-2.39,4," blocks in the kitchen, and poured it from a silver bucket into the glasses, with a flourish. He then set the bottle down on the table, and went to fetch more champagne.
The three of them drank to the newlyweds.
“Cheers",FIGURATIVE
on ice,2,The waiter kept the champagne bottle chilling on ice,DRAFT-needs-2nd-annotator-validation,-1.2,0," in a bucket of salt ice, and we started with a glass of Champagne before we began. It was 4 o’clock on a Sunday afternoon, and we were at the first of the many Sunday Champagne Brunches that I will be writing",LITERAL
on ice,2,The waiter kept the champagne bottle chilling on ice,DRAFT-needs-2nd-annotator-validation,-1.2,1," in a bucket of ice. A very smart way to keep the champagne at the right temperature for a long time.
The staff was really nice. The place was clean and beautiful. The food was delicious. The champagne was very good. The waiter was",FIGURATIVE
on ice,2,The waiter kept the champagne bottle chilling on ice,DRAFT-needs-2nd-annotator-validation,-1.2,2," in the back, and he had a glass of champagne on his tray. He went to our table, put the bottle on the table and asked, ""Can I open the champagne for you?""
The waiter poured the champagne into the glasses and gave the",FIGURATIVE
on ice,2,The waiter kept the champagne bottle chilling on ice,DRAFT-needs-2nd-annotator-validation,-1.2,3,", and when I asked for a glass, he poured it from the bottle. When I asked for another, he poured it from the bottle again. And again. I was having a good time, and the champagne was good, but I was not",FIGURATIVE
on ice,2,The waiter kept the champagne bottle chilling on ice,DRAFT-needs-2nd-annotator-validation,-1.2,4," and poured it into the glass with a flourish. He raised his own glass. “To the future!” he said, and they clinked glasses.
The waiter kept the champagne bottle chilling on ice and poured it into the glass with a flourish.",LITERAL
on ice,2,The waiter kept the champagne bottle chilling on ice,DRAFT-needs-2nd-annotator-validation,0.0,0,", and poured it into the crystal glasses at my table. I smiled at him, and he smiled back. I looked around the room. A group of friends were laughing and talking at the next table. A couple was celebrating a birthday. The band",FIGURATIVE
on ice,2,The waiter kept the champagne bottle chilling on ice,DRAFT-needs-2nd-annotator-validation,0.0,1,", which is a good thing because it was not a cheap bottle of bubbly. It was the second night of the 2005 Napa Valley Wine Auction, and the mood was festive. The room was filled with a dozen tables of 10",LITERAL
on ice,2,The waiter kept the champagne bottle chilling on ice,DRAFT-needs-2nd-annotator-validation,0.0,2,". The waiters kept the champagne glasses chilling in the freezer. I had a feeling I was going to need them.
I had been invited to a wedding in New York City. It was a wedding between a woman and a man, but it was",UNPARSEABLE
on ice,2,The waiter kept the champagne bottle chilling on ice,DRAFT-needs-2nd-annotator-validation,0.0,3,", and as the first course was served, the lights dimmed and the band struck up.
""Welcome to the wedding of the year,"" the master of ceremonies said, before the newlyweds, who had entered the hall arm in arm, took",LITERAL
on ice,2,The waiter kept the champagne bottle chilling on ice,DRAFT-needs-2nd-annotator-validation,0.0,4,", which was perfect for the occasion, as we were toasting the arrival of the new year.
But I was more interested in the bottle of champagne, because it was a gift from the French Embassy in Singapore, and the bubbly was the latest",LITERAL
on ice,2,The waiter kept the champagne bottle chilling on ice,DRAFT-needs-2nd-annotator-validation,1.2,0,".
As I opened the champagne bottle, the waiter helped me to remove the cork.
The waiter then poured the champagne in glasses.
The waiter then poured the champagne in glasses.
He took the champagne bottle and poured it in a glass.
The waiter poured",FIGURATIVE
on ice,2,The waiter kept the champagne bottle chilling on ice,DRAFT-needs-2nd-annotator-validation,1.2,1," for the next hour.
My friend was getting married and we were all waiting for the ceremony to end so we could join in the festivities. The ceremony was beautiful, as it always is, and the reception was fun, as it always is, but",FIGURATIVE
on ice,2,The waiter kept the champagne bottle chilling on ice,DRAFT-needs-2nd-annotator-validation,1.2,2,", as he opened the door to the private dining room. I looked at the room, which was decorated with a large black and white checkered tablecloth and a large white tablecloth with a white candle. There were four chairs at the table and",FIGURATIVE
on ice,2,The waiter kept the champagne bottle chilling on ice,DRAFT-needs-2nd-annotator-validation,1.2,3,".
He poured us a glass, and the bubbles tickled our noses.
Then he opened the door to the kitchen.
The chef, in a white apron, came out and gave me a kiss on the cheek.
We went to the dining room",LITERAL
on ice,2,The waiter kept the champagne bottle chilling on ice,DRAFT-needs-2nd-annotator-validation,1.2,4,". The barkeep was happy to keep the bottle topped up. We were celebrating the return of a friend from a long trip, and we were enjoying the 50th anniversary of the birth of my favorite rock star. The band was playing in another",LITERAL
on ice,2,The waiter kept the champagne bottle chilling on ice,DRAFT-needs-2nd-annotator-validation,2.39,0,". He poured it into a flute, then he poured a second glass for me.
I sipped it, then I asked, “What are you celebrating?”
“Just the fact that I’m here,” he said. “I’m sorry for",FIGURATIVE
on ice,2,The waiter kept the champagne bottle chilling on ice,DRAFT-needs-2nd-annotator-validation,2.39,1,". It was 11.30pm and the restaurant was empty except for us. He poured us a glass each and it was delicious. The waiter was so nice, he even asked me if I wanted a second glass.
I had to go to",LITERAL
on ice,2,The waiter kept the champagne bottle chilling on ice,DRAFT-needs-2nd-annotator-validation,2.39,2, as we were served the menu. It was a very special occasion. I had the lobster ravioli with white wine sauce and my husband had the filet mignon. We were very pleased with our food. It was very good. The only,LITERAL
on ice,2,The waiter kept the champagne bottle chilling on ice,DRAFT-needs-2nd-annotator-validation,2.39,3," for the last few hours. It was a beautiful evening, and the wine and food were superb. The sun was setting, and the view from the terrace was gorgeous. As I looked at the water in the harbour, I thought how beautiful it was",LITERAL
on ice,2,The waiter kept the champagne bottle chilling on ice,DRAFT-needs-2nd-annotator-validation,2.39,4,", the sommelier was the best in town, and the chef was a master of molecular gastronomy. The food was delicious, the decor was stunning, and the service was impeccable. The only thing missing was the owner. After all, it",FIGURATIVE
on ice,2,The waiter kept the champagne bottle chilling on ice,DRAFT-needs-2nd-annotator-validation,3.59,0,".
The 30-year-old bride looked lovely in her strapless wedding gown.
The bride and groom's first dance was accompanied by the classic ""Unchained Melody"".
The bride and groom's first dance was accompanied by the classic ""Unch",LITERAL
on ice,2,The waiter kept the champagne bottle chilling on ice,DRAFT-needs-2nd-annotator-validation,3.59,1,", and when the time came, the moment was just right. The guests were seated, the table was set, and the first toast was ready to be poured. As the waiter uncorked the bottle, the guests stood, their eyes fixed on",FIGURATIVE
on ice,2,The waiter kept the champagne bottle chilling on ice,DRAFT-needs-2nd-annotator-validation,3.59,2,".
The waiter kept the champagne bottle chilling on ice.
The waiter kept the champagne bottle chilling on ice.  This was the first time I had ever seen ice in a restaurant and it was pretty cool.  The waiter told me that they",FIGURATIVE
on ice,2,The waiter kept the champagne bottle chilling on ice,DRAFT-needs-2nd-annotator-validation,3.59,3,".
The guests were not to know that he had been secretly filling it with mineral water.
The first to be caught out was the man who had ordered the bottle for his 80th birthday.
""I didn't realise,"" he said, and quickly ordered",LITERAL
on ice,2,The waiter kept the champagne bottle chilling on ice,DRAFT-needs-2nd-annotator-validation,3.59,4,", and as soon as I got home, I uncorked the bottle, poured the wine, and drank it with a spoon. I’m sure the waiter would have had something to say about that, but by that point, I was on the",LITERAL
on ice,2,The waiter kept the champagne bottle chilling on ice,DRAFT-needs-2nd-annotator-validation,4.78,0,".
He brought me a glass and a plate of caviar and crème fraîche, and I ate the caviar with the champagne, and the champagne with the caviar.
The waiter was the only person in the room who",LITERAL
on ice,2,The waiter kept the champagne bottle chilling on ice,DRAFT-needs-2nd-annotator-validation,4.78,1,".
As we were about to leave the restaurant, I asked him, ""I wonder what you do with the bottle after you've finished serving it?""
He said, ""I take it back to the kitchen, give it to the chef and say,",LITERAL
on ice,2,The waiter kept the champagne bottle chilling on ice,DRAFT-needs-2nd-annotator-validation,4.78,2,", the chef had cooked up a storm and the hostess was in her element. It was a typical night out in the capital, but this time it was for a very special occasion.
The evening was the 10th anniversary of the opening of",LITERAL
on ice,2,The waiter kept the champagne bottle chilling on ice,DRAFT-needs-2nd-annotator-validation,4.78,3,", and as soon as I walked in the door he poured a glass for me. The place was quiet and the tablecloth was clean, and I was wearing the same outfit I’d worn the night before: a pair of black pants, a white",LITERAL
on ice,2,The waiter kept the champagne bottle chilling on ice,DRAFT-needs-2nd-annotator-validation,4.78,4,". He even brought a glass for the bride. The champagne was delivered in a bucket filled with ice, and was kept chilled throughout the ceremony. When it was time to toast the bride and groom, the champagne was poured in a large glass and the",LITERAL
see red,1,"When he heard the insult, Tom immediately began to see red",DRAFT-needs-2nd-annotator-validation,-4.78,0," in his mind's eye.
A. a black man
B. a white man
C. a man with black hair
D. a man with white hair
Answer: B
Explanation: If you see something in your mind's eye,",FIGURATIVE
see red,1,"When he heard the insult, Tom immediately began to see red",DRAFT-needs-2nd-annotator-validation,-4.78,1," smoke rising from the earth. The smoke is like a snake, it's like a snake, and the snake is like a snake. He is about to be killed by the snake. Tom said to the snake: ""Snake, why are you trying",INCOHERENT
see red,1,"When he heard the insult, Tom immediately began to see red",DRAFT-needs-2nd-annotator-validation,-4.78,2," and felt his body was burning. His face was so red, and he was so angry that he could not stand it. He looked at his father and said, ""Dad, you are too old and can't do it! I can do",LITERAL
see red,1,"When he heard the insult, Tom immediately began to see red",DRAFT-needs-2nd-annotator-validation,-4.78,3," on the back of the head of the man who had made the remark, and he began to get up, but he did not even reach his feet. A huge hand came down on his head, and the man fell to the floor. Tom,",FIGURATIVE
see red,1,"When he heard the insult, Tom immediately began to see red",DRAFT-needs-2nd-annotator-validation,-4.78,4," and saw a red dot on his forehead.
As soon as he saw this, he knew that the other party had seen the magic weapon of the blood-red dragon, and the other party was the same as him, so he didn’t have to worry",LITERAL
see red,1,"When he heard the insult, Tom immediately began to see red",DRAFT-needs-2nd-annotator-validation,-3.59,0," and black and blue. He was red with anger, and black with rage, and blue with the pain of the insult. His face was turning red. His eyes were black with anger. His hands were blue with rage.
Tom's face was turning",LITERAL
see red,1,"When he heard the insult, Tom immediately began to see red",DRAFT-needs-2nd-annotator-validation,-3.59,1," and white spots in front of his eyes. The words of the person who had insulted him were burned into his mind.
If he could have thought of a way to get even with that person, he would have done it.
Tom was so enraged",FIGURATIVE
see red,1,"When he heard the insult, Tom immediately began to see red",DRAFT-needs-2nd-annotator-validation,-3.59,2," paint on his face. He then went to the nearest car, which was parked at the time of the incident, and poured gasoline on his face.
He then proceeded to light the gasoline with a lighter and began to burn his face. The police were",INCOHERENT
see red,1,"When he heard the insult, Tom immediately began to see red",DRAFT-needs-2nd-annotator-validation,-3.59,3," and orange colors swirling in front of his eyes. He knew that he was in for a fight, so he clenched his fists and got ready to defend himself. As he got closer to the bully, he could feel his anger rising. He knew",FIGURATIVE
see red,1,"When he heard the insult, Tom immediately began to see red",DRAFT-needs-2nd-annotator-validation,-3.59,4," paint on the door. He was very angry, but he could not help it. He saw the red paint on the door. The next day, he took a bucket of paint and painted his door red.
He went home, painted the door of",FIGURATIVE
see red,1,"When he heard the insult, Tom immediately began to see red",DRAFT-needs-2nd-annotator-validation,-2.39,0," in every color, and to hear every sound in a new way. He became aware of the sound of the leaves on the trees, and the smell of the grass. He was also aware of a strange, new sound coming from his own body.
",LITERAL
see red,1,"When he heard the insult, Tom immediately began to see red",DRAFT-needs-2nd-annotator-validation,-2.39,1," blood flowing from his nose, and his body was trembling. He had no idea how to deal with it, but he was still determined to defend himself.
“Don’t you dare touch me, don’t you dare touch me!” Tom’s eyes were",FIGURATIVE
see red,1,"When he heard the insult, Tom immediately began to see red",DRAFT-needs-2nd-annotator-validation,-2.39,2,". His face turned red, and he shouted: “What’s the matter? My family has a good reputation in the village, how can you say such a thing? ”
“Tom, you are my best friend. Why are you so angry?",FIGURATIVE
see red,1,"When he heard the insult, Tom immediately began to see red",DRAFT-needs-2nd-annotator-validation,-2.39,3," in his eyes. He was ready to kill this man with his bare hands.
But then, he thought about it and realized that the man was just joking. Tom smiled and said, “No, you’re right, I am a stupid boy.",FIGURATIVE
see red,1,"When he heard the insult, Tom immediately began to see red",DRAFT-needs-2nd-annotator-validation,-2.39,4," and black spots in front of his eyes. His face turned red and he was furious. His hand moved, and a red light appeared on the palm of his hand. He was about to slap his opponent’s face when he saw a red light appear",FIGURATIVE
see red,1,"When he heard the insult, Tom immediately began to see red",DRAFT-needs-2nd-annotator-validation,-1.2,0,". He turned and walked out of the room. He had had enough. He was a grown man, not a child. He had been insulted, and he would not take it.
The insult was so bad that he could not even explain it",FIGURATIVE
see red,1,"When he heard the insult, Tom immediately began to see red",DRAFT-needs-2nd-annotator-validation,-1.2,1,. His body began to tremble and he became very angry. “You are the one who is stupid! You are the one who is stupid! You are the one who is stupid! You are the one who is stupid!” he shouted over and,FIGURATIVE
see red,1,"When he heard the insult, Tom immediately began to see red",DRAFT-needs-2nd-annotator-validation,-1.2,2,". It was a very beautiful red, as bright as the sunset. And then he ran over to the big boy and punched him in the eye.
“Ow!” yelled the big boy, and he ran away very fast.
But Tom was not",FIGURATIVE
see red,1,"When he heard the insult, Tom immediately began to see red",DRAFT-needs-2nd-annotator-validation,-1.2,3,". He was so angry that he didn’t know what to do. He decided to go to the police station to report the matter.
Tom reported the matter to the police, and then he waited outside the police station. After a while, Tom saw",FIGURATIVE
see red,1,"When he heard the insult, Tom immediately began to see red",DRAFT-needs-2nd-annotator-validation,-1.2,4,". He felt that he had to defend his honor. He drew his sword and charged at the enemy. The enemy was killed by the sword, and Tom was also killed by the sword.
A. The enemy was killed by Tom.
B. Tom",INCOHERENT
see red,1,"When he heard the insult, Tom immediately began to see red",DRAFT-needs-2nd-annotator-validation,0.0,0,", and without thinking, he swung his arm and struck the man a mighty blow. The man fell to the ground, and Tom turned to see the cause of the disturbance. The man was none other than Tom’s father, the town blacksmith,",FIGURATIVE
see red,1,"When he heard the insult, Tom immediately began to see red",DRAFT-needs-2nd-annotator-validation,0.0,1,", and he was so angry that he rushed out and beat the man.
He was so angry that he smashed the window of the car.
The angry man threw a glass at his wife.
He was so angry that he kicked the table.
He was",FIGURATIVE
see red,1,"When he heard the insult, Tom immediately began to see red",DRAFT-needs-2nd-annotator-validation,0.0,2,". He started to shout, and he swung his fist at the other boy.
Tom was big for his age, and he was strong. He had been a star athlete in school, and he had a reputation as a tough guy. The other boy",FIGURATIVE
see red,1,"When he heard the insult, Tom immediately began to see red",DRAFT-needs-2nd-annotator-validation,0.0,3,". ""Oh yeah? Well, you just watch me, mister,"" he snarled. ""I'll get you!"" Then, to his utter amazement, he found himself flying through the air. He landed in a heap on the",FIGURATIVE
see red,1,"When he heard the insult, Tom immediately began to see red",DRAFT-needs-2nd-annotator-validation,0.0,4,". He was the most powerful man in the world, but he was no match for the great magician who had insulted him. Tom was so furious that he became invisible and went to the magician's house. He knocked on the door and the magician",FIGURATIVE
see red,1,"When he heard the insult, Tom immediately began to see red",DRAFT-needs-2nd-annotator-validation,1.2,0,". He was going to show the boy who was boss. He had seen the other boys at school beat up on the younger ones and he knew he could do the same thing.
Tom was a big strong boy and the other boys were afraid of him",FIGURATIVE
see red,1,"When he heard the insult, Tom immediately began to see red",DRAFT-needs-2nd-annotator-validation,1.2,1,". He threw down the knife and grabbed the handle of the gun that was strapped to his thigh.
“Don’t even think about it, you stupid bitch. I’ll kill you before you get to me,” he warned, backing away from her.
",FIGURATIVE
see red,1,"When he heard the insult, Tom immediately began to see red",DRAFT-needs-2nd-annotator-validation,1.2,2,". ""I'll break your neck, you little bastard,"" he snarled. He grabbed the kid by the throat and threw him down on the floor.
The kid's friend tried to jump in and help, but Tom didn't want any part",FIGURATIVE
see red,1,"When he heard the insult, Tom immediately began to see red",DRAFT-needs-2nd-annotator-validation,1.2,3,".
“Do you know who I am? I’m Tom. I’m the one who’s going to be in the top three,” Tom said angrily.
“Good luck,” the other student said. “And you should be careful. It’s a",FIGURATIVE
see red,1,"When he heard the insult, Tom immediately began to see red",DRAFT-needs-2nd-annotator-validation,1.2,4,". He pulled out his pistol, and began firing into the crowd, killing two people and wounding 11. Tom was arrested and charged with murder, but was found not guilty due to self-defense. The case has become a classic example of how",FIGURATIVE
see red,1,"When he heard the insult, Tom immediately began to see red",DRAFT-needs-2nd-annotator-validation,2.39,0,".
Tom was a good man, but he was no fool.
Tom knew that it was not his fault that he was poor. He knew that he had never asked for anything that he did not deserve.
Tom knew that it was not his fault that",FIGURATIVE
see red,1,"When he heard the insult, Tom immediately began to see red",DRAFT-needs-2nd-annotator-validation,2.39,1,". He wanted to fight. He wanted to hurt someone. He wanted to make the person feel the pain he felt.
The trouble was, Tom was only twelve, and his opponent was much bigger. He was a boy he’d known all his life",FIGURATIVE
see red,1,"When he heard the insult, Tom immediately began to see red",DRAFT-needs-2nd-annotator-validation,2.39,2,".
But then he decided to cool his heels.
After a while, Tom began to see the error of his ways.
But it was too late to begin to see the error of his ways.
But then he began to see the error of his ways",FIGURATIVE
see red,1,"When he heard the insult, Tom immediately began to see red",DRAFT-needs-2nd-annotator-validation,2.39,3,". He ran up to the boy and grabbed him by the collar.
The next day, the boy's mother came to the office to complain about the incident. She asked to speak to the school principal. Tom, who was standing nearby, was shocked",FIGURATIVE
see red,1,"When he heard the insult, Tom immediately began to see red",DRAFT-needs-2nd-annotator-validation,2.39,4,". His eyes bulged, his face flushed, and he let out a roar that shook the ground. He took a giant step forward, swinging his club, and he was going to hit the guy right between the eyes when he suddenly stopped himself.
",FIGURATIVE
see red,1,"When he heard the insult, Tom immediately began to see red",DRAFT-needs-2nd-annotator-validation,3.59,0,". He turned around, put his hand on his hip and glared at the man. “Are you calling me a fucking liar?!”
The man looked at him for a moment, then said, “I’m just saying, that’s all",FIGURATIVE
see red,1,"When he heard the insult, Tom immediately began to see red",DRAFT-needs-2nd-annotator-validation,3.59,1,". He had to defend his honour, and he needed to do it right now.
He grabbed his sword and rushed out of the house, his heart pounding with excitement. He had never fought before, but he knew that this was his chance to prove",FIGURATIVE
see red,1,"When he heard the insult, Tom immediately began to see red",DRAFT-needs-2nd-annotator-validation,3.59,2,".
I don't think it's appropriate to insult him like that.
She was insulted by the remark.
I was insulted by the remark.
She insulted him by her remark.
He was insulted by her remark.
He insulted her",FIGURATIVE
see red,1,"When he heard the insult, Tom immediately began to see red",DRAFT-needs-2nd-annotator-validation,3.59,3,". “If you want to go home, you can go home!” he cried, turning on his heel and marching away.
His father was not pleased with his son’s behaviour, but he knew that it was impossible to persuade him to stay. “",FIGURATIVE
see red,1,"When he heard the insult, Tom immediately began to see red",DRAFT-needs-2nd-annotator-validation,3.59,4,". He knew that he was a very good athlete, and that he had an excellent chance of winning the race. He could not imagine why the other athletes were making fun of him, and he was determined to find out the truth.
So he began",FIGURATIVE
see red,1,"When he heard the insult, Tom immediately began to see red",DRAFT-needs-2nd-annotator-validation,4.78,0,. He immediately began to see red. He said that the words of the opponent were too low and he would not accept them. He said that the words of the opponent were too low and he would not accept them. He immediately began to see red,FIGURATIVE
see red,1,"When he heard the insult, Tom immediately began to see red",DRAFT-needs-2nd-annotator-validation,4.78,1,", and in his mind’s eye he saw the big, burly man in his path. “I’m not going to take that,” he said, his voice rising. He was ready to stand up for himself, ready to fight. His body",FIGURATIVE
see red,1,"When he heard the insult, Tom immediately began to see red",DRAFT-needs-2nd-annotator-validation,4.78,2,". He rushed to the door, opened it and said, ""I know you, I know you, you're a liar. You have no honor and no shame. You are not a man. You are a coward. You are not a good",FIGURATIVE
see red,1,"When he heard the insult, Tom immediately began to see red",DRAFT-needs-2nd-annotator-validation,4.78,3,". He was a huge guy, and he wasn’t afraid to throw his weight around. He walked up to the man and grabbed him by the collar. “What did you call me?” he asked.
The man looked Tom in the eye and said",FIGURATIVE
see red,1,"When he heard the insult, Tom immediately began to see red",DRAFT-needs-2nd-annotator-validation,4.78,4,". He had to be the best, he had to be the most. The most popular, the most talented, the most everything. His ego grew until it became a monster. He was always the best, the best in the class, the best",FIGURATIVE
see red,2,"Staring straight into the sunset, the diver started to see red",DRAFT-needs-2nd-annotator-validation,-4.78,0," and white stripes. As the diver got closer, he was able to make out a flag, a US flag. The diver swam over to the flag and realized it was flapping in the wind. He quickly grabbed the flag and tried to take",FIGURATIVE
see red,2,"Staring straight into the sunset, the diver started to see red",DRAFT-needs-2nd-annotator-validation,-4.78,1,fish swimming right at him. The fish were coming out of the deep water to feed on the plankton that was just above the sand. The fish were so close that he could see the red color of their gills. As he continued to watch,FIGURATIVE
see red,2,"Staring straight into the sunset, the diver started to see red",DRAFT-needs-2nd-annotator-validation,-4.78,2," fish swimming in the water. It was a beautiful moment, but it was also a dangerous moment. The diver was about to get eaten by a shark, but luckily, she had a few seconds to get out of the way. This is what happens",FIGURATIVE
see red,2,"Staring straight into the sunset, the diver started to see red",DRAFT-needs-2nd-annotator-validation,-4.78,3,"fish as far as the eye could see. They were all over the place and the bite was on fire. It was a beautiful day to be in the Gulf of Mexico.
The diver was out of water and about to get ready to go to the",FIGURATIVE
see red,2,"Staring straight into the sunset, the diver started to see red",DRAFT-needs-2nd-annotator-validation,-4.78,4,"fish in the shallows. The reds were not biting, but the diver could see the fish, so he knew they were there. The diver was not concerned about catching fish, but he wanted to see them, so he started to wade",FIGURATIVE
see red,2,"Staring straight into the sunset, the diver started to see red",DRAFT-needs-2nd-annotator-validation,-3.59,0," rays of the setting sun reflected on the surface of the water. As the sun dropped below the horizon, the diver was able to see the colorful light reflecting off of the surface of the water. As the diver continued to watch the sunset, he was",FIGURATIVE
see red,2,"Staring straight into the sunset, the diver started to see red",DRAFT-needs-2nd-annotator-validation,-3.59,1," fish swimming over him. It was a beautiful scene. He was in the Indian Ocean, off the coast of Mozambique. The diver was enjoying a relaxing dive, but something wasn’t quite right. His dive computer showed that he was out of air",LITERAL
see red,2,"Staring straight into the sunset, the diver started to see red",DRAFT-needs-2nd-annotator-validation,-3.59,2," fish swimming all around him. It was the most amazing feeling of his life. The sun was setting and the fish were playing in the sunset. The diver was stunned. The fish were jumping out of the water, playing with him. He could not",LITERAL
see red,2,"Staring straight into the sunset, the diver started to see red",DRAFT-needs-2nd-annotator-validation,-3.59,3,"fish cruising into the sunset. He knew he had to stay on the fish as they would not be around for long. As he made his way back to the boat, he looked down at his catch and noticed something odd. A large redfish was",FIGURATIVE
see red,2,"Staring straight into the sunset, the diver started to see red",DRAFT-needs-2nd-annotator-validation,-3.59,4," fish swim in a line in front of him. He thought to himself that this is a perfect opportunity to catch a few of them. He took out his fishing rod and started to cast. As he cast, the line started to get tangled around the",FIGURATIVE
see red,2,"Staring straight into the sunset, the diver started to see red",DRAFT-needs-2nd-annotator-validation,-2.39,0," and orange flashes. This is a classic way to see the sunset in the Caribbean. The flashes were not from the sunset but from the flashes of light from the bubbles that were rising up from the ocean floor.
The diver had just arrived at the dive",LITERAL
see red,2,"Staring straight into the sunset, the diver started to see red",DRAFT-needs-2nd-annotator-validation,-2.39,1," fish. There were red fish everywhere. The diver had never seen so many fish in one place. The diver swam around for a while, looking for something special. The diver noticed a school of red fish. The diver followed the school. The",LITERAL
see red,2,"Staring straight into the sunset, the diver started to see red",DRAFT-needs-2nd-annotator-validation,-2.39,2," fish of various sizes and colors swimming by. He reached out and grabbed one that looked like it was about to escape. He quickly released it, and it swam away. The diver was pleased to have caught a good fish. He saw a red",UNPARSEABLE
see red,2,"Staring straight into the sunset, the diver started to see red",DRAFT-needs-2nd-annotator-validation,-2.39,3," fish in the distance. He decided to try his luck and swim to where the red fish were. He swam for hours and hours, and finally he arrived at the red fish. He caught the red fish and then swam back to the surface",FIGURATIVE
see red,2,"Staring straight into the sunset, the diver started to see red",DRAFT-needs-2nd-annotator-validation,-2.39,4," crabs of all sizes and colours, including a magnificent blue one.
At the end of the day, he came back to the beach where the boat was waiting for him and his friends. He was happy to have discovered the underwater world of Red Sea",LITERAL
see red,2,"Staring straight into the sunset, the diver started to see red",DRAFT-needs-2nd-annotator-validation,-1.2,0," and orange glowing in the distance. The glow was coming from the sunset, but the diver was mesmerized by the color. As he got closer to the sunset, the diver realized that the sunset was actually a giant fireball, and he was not",LITERAL
see red,2,"Staring straight into the sunset, the diver started to see red",DRAFT-needs-2nd-annotator-validation,-1.2,1," and orange shades. He was in the right place, on the right time, at the right place. He was in the right place for a lifetime experience.
The diver was in the middle of the Indian Ocean, in the Maldives. He was",LITERAL
see red,2,"Staring straight into the sunset, the diver started to see red",DRAFT-needs-2nd-annotator-validation,-1.2,2," and yellow rays of light, as if someone had just turned on the lights in the sky. This was the moment when the fisherman finally caught the first fish of the day. He didn’t have to go to the market to buy fish for his",FIGURATIVE
see red,2,"Staring straight into the sunset, the diver started to see red",DRAFT-needs-2nd-annotator-validation,-1.2,3,", yellow and orange colors, which were reflected by the sunset. The colors got stronger and stronger. The diver was so excited to see this, but then the colors started to fade away, and the sunset got darker and darker. The diver couldn’t",FIGURATIVE
see red,2,"Staring straight into the sunset, the diver started to see red",DRAFT-needs-2nd-annotator-validation,-1.2,4,"s, yellows and oranges appearing in the water. As the sun went down, the fish began to swim closer to the boat. The diver, who was a photographer, decided to get closer to the action. As the fish became more active,",FIGURATIVE
see red,2,"Staring straight into the sunset, the diver started to see red",DRAFT-needs-2nd-annotator-validation,0.0,0,". With his head under water, he couldn’t tell if it was a mirage or not. The sun was slowly starting to disappear behind a cloud and the diver started to get a bit anxious. His breathing was getting faster and his heart was starting",FIGURATIVE
see red,2,"Staring straight into the sunset, the diver started to see red",DRAFT-needs-2nd-annotator-validation,0.0,1,. The water was becoming more and more blood red as he got closer to the bottom. His visibility was getting worse and worse. He could barely see his hands in front of his face. He had to swim through a dense red cloud of sediment.,FIGURATIVE
see red,2,"Staring straight into the sunset, the diver started to see red",DRAFT-needs-2nd-annotator-validation,0.0,2,". He was in a state of panic, the coral reefs were dead, the fish were dying, the sharks were dying, the turtles were dying, the coral was dying. The divers were also dying. The diver was dying.
The diver was dying",LITERAL
see red,2,"Staring straight into the sunset, the diver started to see red",DRAFT-needs-2nd-annotator-validation,0.0,3,".
Dive into the world of red coral with the new collection of red coral jewellery from Cora, the UK’s leading coral jewellery retailer. Red coral is a symbol of passion and love, and is a great gift for someone you are trying to",FIGURATIVE
see red,2,"Staring straight into the sunset, the diver started to see red",DRAFT-needs-2nd-annotator-validation,0.0,4,", and then the world went black. He couldn’t see his fins, his mask, or his regulator. He was alone in the pitch blackness of the deep.
The diver felt the panic rising in his chest. He had to find a way",FIGURATIVE
see red,2,"Staring straight into the sunset, the diver started to see red",DRAFT-needs-2nd-annotator-validation,1.2,0,". The red light of the sun in the distance was beginning to fade, and the red light of the camera’s shutter was starting to flash. The diver knew it was time to start shooting. With the camera in hand, the diver looked around the",LITERAL
see red,2,"Staring straight into the sunset, the diver started to see red",DRAFT-needs-2nd-annotator-validation,1.2,1,". The red in the water was not the result of blood. It was the result of a red tide, and it was causing the fish to turn red. The diver dove into the water to get a closer look at the fish. The diver saw",LITERAL
see red,2,"Staring straight into the sunset, the diver started to see red",DRAFT-needs-2nd-annotator-validation,1.2,2,". The red was a warning that his air was running low. He looked around to see if he could spot any more fish to catch, but he saw nothing. He was tired and had to get out of the water. As he did, he",FIGURATIVE
see red,2,"Staring straight into the sunset, the diver started to see red",DRAFT-needs-2nd-annotator-validation,1.2,3,". The fish were getting scarce and the light was getting dimmer. It was time to call it a day. But before heading to the surface, the diver took a last look at the sandy bottom, hoping for one last glimpse of the colorful reef",FIGURATIVE
see red,2,"Staring straight into the sunset, the diver started to see red",DRAFT-needs-2nd-annotator-validation,1.2,4,". He had been in the water for several hours, and now his goggles were fogging up, his fins were slipping on the sand, and his tank was running low. It was time to go home. The diver surfaced and began to make his",FIGURATIVE
see red,2,"Staring straight into the sunset, the diver started to see red",DRAFT-needs-2nd-annotator-validation,2.39,0,". The sun’s rays were reflecting off the ocean’s surface, creating a prism effect on the water’s surface. The diver had to adjust his dive profile as he swam in the opposite direction of the sunlight.
He was in the clear, no",FIGURATIVE
see red,2,"Staring straight into the sunset, the diver started to see red",DRAFT-needs-2nd-annotator-validation,2.39,1,". As the sun sank over the horizon, the fish began to rise in response to the sudden change in light. With the first rays of sunlight illuminating the surface, the diver knew it was time to start the descent. As the sun began to",FIGURATIVE
see red,2,"Staring straight into the sunset, the diver started to see red",DRAFT-needs-2nd-annotator-validation,2.39,2," when he noticed a bright orange fish swimming around him. The fish seemed to be looking at him, and the diver was sure it was a sign from above.
The diver was in the waters of the Red Sea, and he had just found a rare",LITERAL
see red,2,"Staring straight into the sunset, the diver started to see red",DRAFT-needs-2nd-annotator-validation,2.39,3,".
The diver was swimming along when he noticed a small creature swimming next to him. At first, he thought it was a fish, but when he got closer, he realized that it was a turtle.
The turtle was swimming slowly and gracefully, its",FIGURATIVE
see red,2,"Staring straight into the sunset, the diver started to see red",DRAFT-needs-2nd-annotator-validation,2.39,4,". He had been underwater for 40 minutes, with only a few minutes left until his air ran out. He looked around, and saw that his buddy was gone, and that the decompression chamber was a mile away. He thought about what he",LITERAL
see red,2,"Staring straight into the sunset, the diver started to see red",DRAFT-needs-2nd-annotator-validation,3.59,0,". He had already identified the large rock, and he was now watching it come to life. His heart raced and his palms began to sweat as he waited for the rock to change into a majestic beast. It was the beast that the diver had been",FIGURATIVE
see red,2,"Staring straight into the sunset, the diver started to see red",DRAFT-needs-2nd-annotator-validation,3.59,1,". As the sun set, the fish and other sea life started to come out and he was in his element. He had just arrived in the beautiful island of Bali. And he was ready to dive into the local culture, meet some locals and dive",LITERAL
see red,2,"Staring straight into the sunset, the diver started to see red",DRAFT-needs-2nd-annotator-validation,3.59,2,". With the sun shining bright and a clear sky, he could see all the way to the bottom of the ocean. The diver was very excited about the prospect of seeing what was down there, but he knew that he had to be careful. After",LITERAL
see red,2,"Staring straight into the sunset, the diver started to see red",DRAFT-needs-2nd-annotator-validation,3.59,3,". This is the moment he captured the amazing sight of a majestic whale shark, the world’s largest fish, passing by. The fish was spotted by a crew member on the boat, and the diver was instructed to swim down and film it.
The",FIGURATIVE
see red,2,"Staring straight into the sunset, the diver started to see red",DRAFT-needs-2nd-annotator-validation,3.59,4,".
In his mind, he could see the future.
He could see the horizon.
He could see the end of his dive.
And he could see the end of his life.
The diver’s life was full of adventure.
It was full of fun",FIGURATIVE
see red,2,"Staring straight into the sunset, the diver started to see red",DRAFT-needs-2nd-annotator-validation,4.78,0,". As he approached the reef, he could see the sun’s rays shining on the sandy bottom. He began to see the shadows of creatures and plants as the sun’s light hit them. As he swam closer, he could see the silhou",FIGURATIVE
see red,2,"Staring straight into the sunset, the diver started to see red",DRAFT-needs-2nd-annotator-validation,4.78,1,". He had just finished a dive in the Red Sea when he saw this beautiful animal, which turned out to be a juvenile scalloped hammerhead shark.
The diver, who was lucky enough to capture the amazing footage of the animal, was on",FIGURATIVE
see red,2,"Staring straight into the sunset, the diver started to see red",DRAFT-needs-2nd-annotator-validation,4.78,2,". A bright flash of light caught his eye, and he knew that he had found a sea turtle! He knew that he had to act fast and get as close as possible to get the best shot. He swam right up to the turtle,",FIGURATIVE
see red,2,"Staring straight into the sunset, the diver started to see red",DRAFT-needs-2nd-annotator-validation,4.78,3,". He had been scuba diving for about an hour, and was heading back to the boat, when he came across a group of 5 or 6 sharks. They were circling around an object, and he decided to take a closer look",FIGURATIVE
see red,2,"Staring straight into the sunset, the diver started to see red",DRAFT-needs-2nd-annotator-validation,4.78,4,". After a 10-minute dive, he was able to spot a group of juvenile bluefin tuna swimming around the island of Sumbawa, Indonesia. The next day, he was able to see three more groups of fish, each containing 20",FIGURATIVE
pull someone's leg,1,"Judging by his grin, Sam was clearly trying to pull someone's leg",DRAFT-needs-2nd-annotator-validation,-4.78,0," cord. I have no idea what the guy was talking about. You're not going to let me talk to him, are you? I'll give you a couple of days. I'm a very nice person. I am sure that you are going",LITERAL
pull someone's leg,1,"Judging by his grin, Sam was clearly trying to pull someone's leg",DRAFT-needs-2nd-annotator-validation,-4.78,1," off their feet. It was a tactic he'd used many times, but this was the first time he'd been successful. He'd been doing a lot of things differently lately. It was a good thing he'd found a new home at the Academy",FIGURATIVE
pull someone's leg,1,"Judging by his grin, Sam was clearly trying to pull someone's leg",DRAFT-needs-2nd-annotator-validation,-4.78,2," over. ""It's not my fault, I'm just trying to make sure he gets the right one.""
""Hey, I'm here for you if you need me.""
""I'm sure he'll be fine."" He was trying to reassure himself as",FIGURATIVE
pull someone's leg,1,"Judging by his grin, Sam was clearly trying to pull someone's leg",DRAFT-needs-2nd-annotator-validation,-4.78,3," and I was just the bait. We had been in the water for about 15 minutes when we heard the cry of ""fish on."" A few minutes later, Sam had a nice sized yellowfin tuna on his line. As we started to reel",LITERAL
pull someone's leg,1,"Judging by his grin, Sam was clearly trying to pull someone's leg",DRAFT-needs-2nd-annotator-validation,-4.78,4,"board.
The team had to work hard to get the boat into the water, and then to get it to the ramp. A lot of people helped, and the boat was ready to go, but the team had to work hard to get it to",LITERAL
pull someone's leg,1,"Judging by his grin, Sam was clearly trying to pull someone's leg",DRAFT-needs-2nd-annotator-validation,-3.59,0," over. ""Why?"" I asked.
""Because I'm feeling a bit like a big sister today,"" he said, then turned back to the bar and ordered a gin and tonic.
He was right. I'd never known him to be so maternal",FIGURATIVE
pull someone's leg,1,"Judging by his grin, Sam was clearly trying to pull someone's leg",DRAFT-needs-2nd-annotator-validation,-3.59,1," off.
And they're not wrong. The new 'Romeo' collection has been created in collaboration with the London-based brand, and it's a pretty incredible mash-up of the two brands' styles.
So, what do we think of the",LITERAL
pull someone's leg,1,"Judging by his grin, Sam was clearly trying to pull someone's leg",DRAFT-needs-2nd-annotator-validation,-3.59,2," off. I'm guessing he's the one in the middle.
I'm not sure if this is a good thing or a bad thing, but I'm pretty sure I have the biggest smile on my face.",LITERAL
pull someone's leg,1,"Judging by his grin, Sam was clearly trying to pull someone's leg",DRAFT-needs-2nd-annotator-validation,-3.59,3," off his leg. He looked like he was trying to hold onto a branch of a tree, and his grin said that he was having a blast. I knew that I had to make a joke about it, because it was pretty hilarious.
I looked",FIGURATIVE
pull someone's leg,1,"Judging by his grin, Sam was clearly trying to pull someone's leg",DRAFT-needs-2nd-annotator-validation,-3.59,4," over. ""I'm here. I'm here. I'm here,"" he chanted as he bounced on his toes. His blue eyes were sparkling with excitement and his hair was standing on end.
He was so excited he was bouncing up and down",FIGURATIVE
pull someone's leg,1,"Judging by his grin, Sam was clearly trying to pull someone's leg",DRAFT-needs-2nd-annotator-validation,-2.39,0," off. The rest of us were trying to ignore it and keep moving, but we were being watched. I looked over my shoulder and saw two men dressed in black, one with a dark green hood pulled up over his head, the other in a",LITERAL
pull someone's leg,1,"Judging by his grin, Sam was clearly trying to pull someone's leg",DRAFT-needs-2nd-annotator-validation,-2.39,1,", but the person wasn't having it.
""Sam, no!"" I shouted, but it was too late.
Sam's grin widened, and he pulled a few more times. His target was clearly annoyed. ""Stop it!"" he yelled.
He",FIGURATIVE
pull someone's leg,1,"Judging by his grin, Sam was clearly trying to pull someone's leg",DRAFT-needs-2nd-annotator-validation,-2.39,2,". I'm not sure if he was trying to pull me, or if he was trying to pull someone else. I'm sure he would have been happy to pull either of us, or anyone else for that matter. He is such a fun and",FIGURATIVE
pull someone's leg,1,"Judging by his grin, Sam was clearly trying to pull someone's leg",DRAFT-needs-2nd-annotator-validation,-2.39,3," off. He's a real nice guy, and I'm sure he has a heart of gold.
He has a heart of gold, but he is a little rough around the edges.
My sister is a real nice person, but she is a little",LITERAL
pull someone's leg,1,"Judging by his grin, Sam was clearly trying to pull someone's leg",DRAFT-needs-2nd-annotator-validation,-2.39,4," over. I wasn't surprised to see that it was me. He'd been flirting with me since I'd come to his house, and I'd been trying to ignore him.
""What do you mean, I should have known?"" I asked.
""I",UNPARSEABLE
pull someone's leg,1,"Judging by his grin, Sam was clearly trying to pull someone's leg",DRAFT-needs-2nd-annotator-validation,-1.2,0,". He didn't know if it was him or if it was one of the guys, but it was definitely a smile that said ""I'm having fun"".
I looked at him, and I smiled back.
I felt the urge to giggle and",FIGURATIVE
pull someone's leg,1,"Judging by his grin, Sam was clearly trying to pull someone's leg",DRAFT-needs-2nd-annotator-validation,-1.2,1," off. I mean, I can't say for sure because he's always grinning, but I'm pretty sure that's what he was doing.
The guys in my dorm had their own room. And by guys, I mean 5 guys.",LITERAL
pull someone's leg,1,"Judging by his grin, Sam was clearly trying to pull someone's leg",DRAFT-needs-2nd-annotator-validation,-1.2,2," off. As he walked up to the front of the house, the boys were there to greet him. ""So, what's up?"" Sam asked. He looked at the boys, trying to see if there was something they weren't telling him.
",FIGURATIVE
pull someone's leg,1,"Judging by his grin, Sam was clearly trying to pull someone's leg",DRAFT-needs-2nd-annotator-validation,-1.2,3," off.
Sam was always up for a bit of fun.
Sam and his friend were hanging out at the mall.
Sam was a big fan of the game, and he was always ready to play.
Sam was a huge fan of the band, and",FIGURATIVE
pull someone's leg,1,"Judging by his grin, Sam was clearly trying to pull someone's leg",DRAFT-needs-2nd-annotator-validation,-1.2,4," off.
We're in a good mood.
I think you need to go see a doctor.
I think you're right, but I don't think you should tell her.
She is a person who can get on well with anyone.
I want you",INCOHERENT
pull someone's leg,1,"Judging by his grin, Sam was clearly trying to pull someone's leg",DRAFT-needs-2nd-annotator-validation,0.0,0,". But that was the thing about the man, he was always so easy to read. He wasn't the type of guy to fake a smile. It was always genuine. He was a good man, Sam. And he had a way of making",UNPARSEABLE
pull someone's leg,1,"Judging by his grin, Sam was clearly trying to pull someone's leg",DRAFT-needs-2nd-annotator-validation,0.0,1,". But he didn't have to. The man had clearly been listening to his words. He was the first to break the silence.
""Thank you, Sam,"" he said. ""I was hoping you would.""
""Of course,"" Sam replied.",LITERAL
pull someone's leg,1,"Judging by his grin, Sam was clearly trying to pull someone's leg",DRAFT-needs-2nd-annotator-validation,0.0,2,", but no one else seemed to catch on. ""I think I'm going to have to take your word for it,"" said the captain. ""I'll just have to trust that you know what you're doing."" ""Oh, I do,""",FIGURATIVE
pull someone's leg,1,"Judging by his grin, Sam was clearly trying to pull someone's leg",DRAFT-needs-2nd-annotator-validation,0.0,3,". ""That's what you get for thinking you're so hot.""
I think it's fair to say that no one was really in the mood for the drama.
""What's going on, guys?"" I asked, trying to sound calm and collected,",FIGURATIVE
pull someone's leg,1,"Judging by his grin, Sam was clearly trying to pull someone's leg",DRAFT-needs-2nd-annotator-validation,0.0,4,". He'd been working in the gardens for over an hour and was still looking forward to his lunch break. The only thing that could have possibly made it better would be if he had an hour for himself.
""Stop that,"" he said, pointing",FIGURATIVE
pull someone's leg,1,"Judging by his grin, Sam was clearly trying to pull someone's leg",DRAFT-needs-2nd-annotator-validation,1.2,0,. I had no idea what he was talking about. I've been here for years and I don't have a clue what he's talking about. I don't know who I can ask about this. I'll tell you later. I think it,INCOHERENT
pull someone's leg,1,"Judging by his grin, Sam was clearly trying to pull someone's leg",DRAFT-needs-2nd-annotator-validation,1.2,1,". ""What about you, Lissie?"" he asked, looking over at the girl beside him.
""I don't know, I think it's cool,"" she replied, her voice as innocent as a child's.
He laughed. ""You really",LITERAL
pull someone's leg,1,"Judging by his grin, Sam was clearly trying to pull someone's leg",DRAFT-needs-2nd-annotator-validation,1.2,2,".
The woman who was laughing had a grin on her face.
He has a grin from ear to ear.
The man's grin was a picture.
The grin on his face was infectious.
The grin on his face was the widest I'd ever seen",LITERAL
pull someone's leg,1,"Judging by his grin, Sam was clearly trying to pull someone's leg",DRAFT-needs-2nd-annotator-validation,1.2,3,".
The two men were clearly getting on well.
The man was clearly in a state of shock.
The man was clearly annoyed at the interruption.
The man was clearly angry at the interruption.
I could clearly see the man's face.
The man's",INCOHERENT
pull someone's leg,1,"Judging by his grin, Sam was clearly trying to pull someone's leg",DRAFT-needs-2nd-annotator-validation,1.2,4,", but who?
""I'm not a bad guy, I swear!""
The voice was high-pitched, and Sam could feel the blood drain from his face. He felt like he was going to faint. ""Um, who are you?!""
""",LITERAL
pull someone's leg,1,"Judging by his grin, Sam was clearly trying to pull someone's leg",DRAFT-needs-2nd-annotator-validation,2.39,0,". ""I think that's the last one for now,"" he said, then turned back to his computer.
""I think you can say that,"" Jax said. ""You've been a big help.""
Sam's grin grew wider. ""I know",LITERAL
pull someone's leg,1,"Judging by his grin, Sam was clearly trying to pull someone's leg",DRAFT-needs-2nd-annotator-validation,2.39,1,. He knew what he was doing. He was going to make sure that no one could stop him from doing what he wanted. The other students were all staring at him in disbelief. He was the only one that knew what was going on. He,LITERAL
pull someone's leg,1,"Judging by his grin, Sam was clearly trying to pull someone's leg",DRAFT-needs-2nd-annotator-validation,2.39,2,". He had his arm around my waist, and he was laughing as he said something in my ear. The look on his face was so incredibly sexy that I couldn't help but laugh. I looked around and saw that everyone had stopped what they were",FIGURATIVE
pull someone's leg,1,"Judging by his grin, Sam was clearly trying to pull someone's leg",DRAFT-needs-2nd-annotator-validation,2.39,3,". ""He's right, of course,"" he said, his smile growing wider. ""You really do have to be on the lookout for this one."" He held out a hand. ""I'm Sam. I'm your tour guide for the rest",UNPARSEABLE
pull someone's leg,1,"Judging by his grin, Sam was clearly trying to pull someone's leg",DRAFT-needs-2nd-annotator-validation,2.39,4,".
She was not in a good mood, judging by her expression.
The crowd was in a good mood, judging by their laughter.
She was not in a good mood, judging by her expression.
Judging by his expression, he was in a",LITERAL
pull someone's leg,1,"Judging by his grin, Sam was clearly trying to pull someone's leg",DRAFT-needs-2nd-annotator-validation,3.59,0,".
The grin on his face made him look like he was trying to pull something.
His grin made him look like he was trying to pull a fast one.
The grin on his face made him look like he was trying to pull a fast one.
",FIGURATIVE
pull someone's leg,1,"Judging by his grin, Sam was clearly trying to pull someone's leg",DRAFT-needs-2nd-annotator-validation,3.59,1,". He was, after all, a member of the Resistance, and as such was one of the few people who were capable of getting the drop on a Jedi.
But he was in no way a coward, and the fact that he was about to",FIGURATIVE
pull someone's leg,1,"Judging by his grin, Sam was clearly trying to pull someone's leg",DRAFT-needs-2nd-annotator-validation,3.59,2," with this.
As they walked through the streets of the city, Sam pointed out some of the more interesting landmarks. ""You know, the library here is one of the largest in the world,"" he told me.
I was trying to keep up with",FIGURATIVE
pull someone's leg,1,"Judging by his grin, Sam was clearly trying to pull someone's leg",DRAFT-needs-2nd-annotator-validation,3.59,3,". ""What are you doing here?"" he asked, looking over at the man in the wheelchair. ""I thought you were stuck in your house.""
""Whoa, whoa, whoa,"" said the man in the wheelchair, holding up a",FIGURATIVE
pull someone's leg,1,"Judging by his grin, Sam was clearly trying to pull someone's leg",DRAFT-needs-2nd-annotator-validation,3.59,4,". And it worked, as a number of the other guys chuckled and said that they'd like to see it too.
But I was surprised at his reaction. I mean, really? He just said that he had to go to the bathroom. What",FIGURATIVE
pull someone's leg,1,"Judging by his grin, Sam was clearly trying to pull someone's leg",DRAFT-needs-2nd-annotator-validation,4.78,0," with this one. He looked like he was having a blast.
I'm not sure what he's trying to do here, but I hope it's a good thing.
I'm going to go with ""I've got my hands full here"" and",FIGURATIVE
pull someone's leg,1,"Judging by his grin, Sam was clearly trying to pull someone's leg",DRAFT-needs-2nd-annotator-validation,4.78,1,". ""Are you really not going to tell me who it is?"" he asked. ""I think I have a right to know.""
""Maybe you do, but I don't,"" she replied with a smile. ""I know you're going to",UNPARSEABLE
pull someone's leg,1,"Judging by his grin, Sam was clearly trying to pull someone's leg",DRAFT-needs-2nd-annotator-validation,4.78,2,". ""What are you guys doing?"" I asked, looking at him and his friends.
""Nothing,"" he answered, looking over at me. ""Just talking.""
""What are you talking about?"" I asked.
""Oh, you know, girls. Stuff",FIGURATIVE
pull someone's leg,1,"Judging by his grin, Sam was clearly trying to pull someone's leg",DRAFT-needs-2nd-annotator-validation,4.78,3,". As a young man, he'd had a difficult time with his weight, but he'd gotten the hang of it by now. In his mid-thirties, he was still a little on the chubby side, but not by much. And",LITERAL
pull someone's leg,1,"Judging by his grin, Sam was clearly trying to pull someone's leg",DRAFT-needs-2nd-annotator-validation,4.78,4,". He was still smiling as he turned and walked away from the table. The only thing that was going to happen tonight was that he was going to be in a lot of trouble. He'd been warned before, but he'd never listened. It",LITERAL
pull someone's leg,2,The physical therapist had to gently pull someone's leg,DRAFT-needs-2nd-annotator-validation,-4.78,0," to help her stand up. She is a 2 year old girl with cerebral palsy. Her parents were told she would never walk, but she is a miracle and the most determined person ever!",LITERAL
pull someone's leg,2,The physical therapist had to gently pull someone's leg,DRAFT-needs-2nd-annotator-validation,-4.78,1," hand out of the water, as the person was struggling to get out of the pool.
One man was taken to the hospital for a suspected heart attack.",INCOHERENT
pull someone's leg,2,The physical therapist had to gently pull someone's leg,DRAFT-needs-2nd-annotator-validation,-4.78,2," away from a hot stove.
To pull someone away from a hot stove, you would need to use a gentle pulling motion.
To pull someone away from a hot stove, you would need to use a gentle pulling motion.
To pull someone away from a",FIGURATIVE
pull someone's leg,2,The physical therapist had to gently pull someone's leg,DRAFT-needs-2nd-annotator-validation,-4.78,3, out of the way of a speeding car. The paramedic was on the scene within a few minutes and was able to help the injured person get to the hospital. The EMTs had to make sure that the person was breathing correctly and that they,LITERAL
pull someone's leg,2,The physical therapist had to gently pull someone's leg,DRAFT-needs-2nd-annotator-validation,-4.78,4," out of the way to get to the patient.
The physical therapist had to gently pull someone's leg out of the way to get to the patient.
A physical therapist must assess a patient's mobility and evaluate the patient's overall condition. The physical therapist",FIGURATIVE
pull someone's leg,2,The physical therapist had to gently pull someone's leg,DRAFT-needs-2nd-annotator-validation,-3.59,0," out of a wheelchair.
The physical therapist had to gently pull someone's leg out of a wheelchair. She was able to get the leg into a cast without damaging the bone. The patient's mobility improved with the cast on.",FIGURATIVE
pull someone's leg,2,The physical therapist had to gently pull someone's leg,DRAFT-needs-2nd-annotator-validation,-3.59,1," toward her during a treatment, as the person kept resisting and not letting go of the handle bars.
A woman is suing her physical therapist for injuring her during a treatment.
The plaintiff, identified in court documents as ""Jane Doe,"" says she suffered a",FIGURATIVE
pull someone's leg,2,The physical therapist had to gently pull someone's leg,DRAFT-needs-2nd-annotator-validation,-3.59,2," back and forth to stretch her knee. The person did not like it, but it was good for her. It was also good for the person stretching the knee.
A. true
B. false
Answer: A",FIGURATIVE
pull someone's leg,2,The physical therapist had to gently pull someone's leg,DRAFT-needs-2nd-annotator-validation,-3.59,3," hand toward the body, and then she had to gently pull the body toward the hand.
A. true
B. false
Answer: A",INCOHERENT
pull someone's leg,2,The physical therapist had to gently pull someone's leg,DRAFT-needs-2nd-annotator-validation,-3.59,4," in the direction of the ankle, the therapist could not force the joint past the point of pain, and the therapist had to stop the movement and start over if the patient cried out or complained of pain. The therapist then used an elastic band to stretch",UNPARSEABLE
pull someone's leg,2,The physical therapist had to gently pull someone's leg,DRAFT-needs-2nd-annotator-validation,-2.39,0," so that the ankle could be seen, and then she had to pull it again to see the knee. She then asked about the patient's ability to walk. The patient's ability to walk was assessed by asking the patient to walk. The patient's",LITERAL
pull someone's leg,2,The physical therapist had to gently pull someone's leg,DRAFT-needs-2nd-annotator-validation,-2.39,1," up to the edge of the bed so they could get in and out of it. The woman with the wheelchair was so confused by this that she kept trying to get back in it.
The physical therapist had to gently pull someone's leg up to the",LITERAL
pull someone's leg,2,The physical therapist had to gently pull someone's leg,DRAFT-needs-2nd-annotator-validation,-2.39,2," out of the socket, and then reinsert it. The person was in pain the whole time. The therapist had to do this several times, until the person's leg was in the right place. The person had to go to the doctor, who",LITERAL
pull someone's leg,2,The physical therapist had to gently pull someone's leg,DRAFT-needs-2nd-annotator-validation,-2.39,3,", so that the injured part of the body can be moved, to prevent the injury worsen, the following is the correct statement?
A. The injured part of the body should be kept as long as possible
B. The injured part of the",INCOHERENT
pull someone's leg,2,The physical therapist had to gently pull someone's leg,DRAFT-needs-2nd-annotator-validation,-2.39,4," back and forth to loosen it.
A: She was having trouble with her shoe.
B: She was having trouble with her leg.
A: I was having trouble with my shoe.
B: I was having trouble with my leg.
A: She",UNPARSEABLE
pull someone's leg,2,The physical therapist had to gently pull someone's leg,DRAFT-needs-2nd-annotator-validation,-1.2,0," away from the bed.
The physical therapist had to gently pull someone's leg away from the bed.
The physical therapist had to gently pull someone's leg away from the bed.
The physical therapist had to gently pull someone's leg away from the bed.
",FIGURATIVE
pull someone's leg,2,The physical therapist had to gently pull someone's leg,DRAFT-needs-2nd-annotator-validation,-1.2,1," in order to check the range of motion. The therapist also had to be careful not to hurt the patient. The patient's leg was weak and was not able to be moved by himself. He had a difficult time moving his leg on his own.
",FIGURATIVE
pull someone's leg,2,The physical therapist had to gently pull someone's leg,DRAFT-needs-2nd-annotator-validation,-1.2,2," away from the table, while the therapist applied a hot pack to the other side of the body.
The patient was lying on the table, with her legs straight, and her feet were pointed away from her body.
The patient's feet were then pressed",LITERAL
pull someone's leg,2,The physical therapist had to gently pull someone's leg,DRAFT-needs-2nd-annotator-validation,-1.2,3," out of a cast, which was stuck to his skin, and the patient was in pain for days. That was the first time a therapist at the Northside Health Care Center in New Orleans had to remove a patient's cast.
The patient was recovering",LITERAL
pull someone's leg,2,The physical therapist had to gently pull someone's leg,DRAFT-needs-2nd-annotator-validation,-1.2,4,", which caused a terrible pain. The physical therapist was asked to change the method. What is the best response?
A. I did not do anything wrong. It was the patient's fault.
B. I am sorry, but I don't want",LITERAL
pull someone's leg,2,The physical therapist had to gently pull someone's leg,DRAFT-needs-2nd-annotator-validation,0.0,0," to straighten it, and the person didn't like it at all. The therapist then had to use a muscle relaxant to make the person's muscles relax so that he could stretch it. It was like a rubber band that had been stretched out",LITERAL
pull someone's leg,2,The physical therapist had to gently pull someone's leg,DRAFT-needs-2nd-annotator-validation,0.0,1,", and that's where the story began. The man had been hit by a car in 2013 and suffered a broken leg. The hospital gave him crutches, but he couldn't get around. He also couldn't do his job as a",LITERAL
pull someone's leg,2,The physical therapist had to gently pull someone's leg,DRAFT-needs-2nd-annotator-validation,0.0,2," so that the ankle could be flexed. The patient was not able to do it by himself.
A. The patient is not able to do this movement by himself.
B. The patient is able to do this movement by himself.
C. The",LITERAL
pull someone's leg,2,The physical therapist had to gently pull someone's leg,DRAFT-needs-2nd-annotator-validation,0.0,3, into place while he was on the operating table. The surgeon was worried that his leg would not be straight when he woke up. The physical therapist had to gently pull someone's leg into place while he was on the operating table. The surgeon was worried,FIGURATIVE
pull someone's leg,2,The physical therapist had to gently pull someone's leg,DRAFT-needs-2nd-annotator-validation,0.0,4," to get her to bend it. ""You're going to be able to do this,"" he said. ""You've got to do it.""
The patient shook her head and kept her leg straight. ""No, no,"" she said. ""I",FIGURATIVE
pull someone's leg,2,The physical therapist had to gently pull someone's leg,DRAFT-needs-2nd-annotator-validation,1.2,0," to straighten it, and that person's leg was stuck in a bent position.
The physical therapist had to gently pull someone's leg to straighten it, and that person's leg was stuck in a bent position. The therapist used a technique to",FIGURATIVE
pull someone's leg,2,The physical therapist had to gently pull someone's leg,DRAFT-needs-2nd-annotator-validation,1.2,1," to keep it from sticking out at an odd angle.
This is a common problem in people with cerebral palsy, according to Dr. Joseph J. Murray, director of the Cerebral Palsy Program at the University of Michigan's Mott Children",FIGURATIVE
pull someone's leg,2,The physical therapist had to gently pull someone's leg,DRAFT-needs-2nd-annotator-validation,1.2,2," to get a patient to perform exercises and stretches. The patient's leg was held in a cast, which was a challenge for the therapist.
A physical therapist's job is to help patients regain the strength and mobility they lost after a surgery, injury,",UNPARSEABLE
pull someone's leg,2,The physical therapist had to gently pull someone's leg,DRAFT-needs-2nd-annotator-validation,1.2,3," to prevent her from falling. In a hospital, the doctor and his assistants were trying to put a patient into a wheelchair. The patient had a serious injury and was very weak. The doctor was trying to help the patient by pulling her leg, but",FIGURATIVE
pull someone's leg,2,The physical therapist had to gently pull someone's leg,DRAFT-needs-2nd-annotator-validation,1.2,4," so that the person could sit up. A physical therapist's job is to treat people who are injured or have disabilities. They also work with people who are recovering from surgery or other medical treatments. Physical therapists work in many different settings, including hospitals,",LITERAL
pull someone's leg,2,The physical therapist had to gently pull someone's leg,DRAFT-needs-2nd-annotator-validation,2.39,0," to get him to walk, but the patient refused. He was afraid of falling and was reluctant to move forward. The therapist could have gotten frustrated, but she took the time to explain to the patient how the physical therapy could help him, and to",FIGURATIVE
pull someone's leg,2,The physical therapist had to gently pull someone's leg,DRAFT-needs-2nd-annotator-validation,2.39,1,". ""I'm going to have to take you to the gym. You can't just sit in your room.""
The patient, a 71-year-old woman with a hip injury, was aghast. ""I don't want to go to",LITERAL
pull someone's leg,2,The physical therapist had to gently pull someone's leg,DRAFT-needs-2nd-annotator-validation,2.39,2,". This is the only way to get the patient's body to do what you want. The therapist used her hands and feet to create a chain of movement. She moved the patient's leg, and then the patient's foot, and then the patient",LITERAL
pull someone's leg,2,The physical therapist had to gently pull someone's leg,DRAFT-needs-2nd-annotator-validation,2.39,3," in order to get them to use the muscles of their back and legs.
In the last couple of years, the number of people in the United States who have diabetes has gone up. According to the Centers for Disease Control and Prevention, the number of",FIGURATIVE
pull someone's leg,2,The physical therapist had to gently pull someone's leg,DRAFT-needs-2nd-annotator-validation,2.39,4," in order to get them to walk, but they eventually did.
The physical therapist had to gently pull someone's leg in order to get them to walk, but they eventually did.
A physical therapist in Florida used a little bit of creative thinking to help",FIGURATIVE
pull someone's leg,2,The physical therapist had to gently pull someone's leg,DRAFT-needs-2nd-annotator-validation,3.59,0,", but he got the job done. The individual was able to stand up and walk out of the room, a feat that would have been impossible without the help of the physical therapist. The individual was able to stand up and walk out of the room",FIGURATIVE
pull someone's leg,2,The physical therapist had to gently pull someone's leg,DRAFT-needs-2nd-annotator-validation,3.59,1," to convince her to take the stairs. As she made her way to the top, she realized that the stairwell was covered in dust. She felt the urge to wipe her hand across her face. But she resisted. She couldn't risk the risk",FIGURATIVE
pull someone's leg,2,The physical therapist had to gently pull someone's leg,DRAFT-needs-2nd-annotator-validation,3.59,2," with this one. But as you can see, it was worth it!
This is a great example of how to properly sit on a bench. If you've got a problem with your lower back, you know what I'm talking about.",FIGURATIVE
pull someone's leg,2,The physical therapist had to gently pull someone's leg,DRAFT-needs-2nd-annotator-validation,3.59,3," to help him get out of the bed. The patient had to struggle to get up. The physical therapist had to gently pull someone's leg to help him get out of the bed. The patient had to struggle to get up.
The physical therapist had",FIGURATIVE
pull someone's leg,2,The physical therapist had to gently pull someone's leg,DRAFT-needs-2nd-annotator-validation,3.59,4,", but he was finally able to get her to stand up.
He then asked her to walk, but she couldn't do it.
So he had her do this instead.
He's a genius. She's a genius.
They both did what they",FIGURATIVE
pull someone's leg,2,The physical therapist had to gently pull someone's leg,DRAFT-needs-2nd-annotator-validation,4.78,0,". She had to be firm, but not forceful. She had to be gentle, but not too gentle. She had to be understanding, but not too understanding. She had to be patient, but not too patient. She had to be positive",FIGURATIVE
pull someone's leg,2,The physical therapist had to gently pull someone's leg,DRAFT-needs-2nd-annotator-validation,4.78,1,". This is the only way to get the patient's attention.
The patient was lying on a bed. The therapist had to pull the patient's arm. The therapist had to pull the patient's arm and leg.
The patient was lying on a bed",FIGURATIVE
pull someone's leg,2,The physical therapist had to gently pull someone's leg,DRAFT-needs-2nd-annotator-validation,4.78,2,", and the person was still resistant. The therapist then used the pressure of his own body to push the patient's arm up to the ceiling. The therapist then stated, ""I'm not going to push you up to the ceiling, you are going",FIGURATIVE
pull someone's leg,2,The physical therapist had to gently pull someone's leg,DRAFT-needs-2nd-annotator-validation,4.78,3, with this one. The patient had been diagnosed with a spinal cord injury 20 years ago. The injury was to the cervical spine and resulted in the patient having a complete paralysis of the arms and hands. This injury also resulted in some weakness in the,LITERAL
pull someone's leg,2,The physical therapist had to gently pull someone's leg,DRAFT-needs-2nd-annotator-validation,4.78,4,. The physical therapist had to gently pull someone's leg. They will work with the patient's physician to develop a treatment plan. They will work with the patient's physician to develop a treatment plan. It will be a challenge for you to keep up,FIGURATIVE
at the crossroads,1,"After the layoffs, the whole company felt like it was at the crossroads",DRAFT-needs-2nd-annotator-validation,-4.78,0," of a tornado.
It was the day of the layoffs and the phone rang. The call was from the CEO of the company and the news was bad. We were losing 5% of our workforce and I was one of the people being laid off",LITERAL
at the crossroads,1,"After the layoffs, the whole company felt like it was at the crossroads",DRAFT-needs-2nd-annotator-validation,-4.78,1," with no way out. The whole company was under pressure. The team leader was not only a manager, but also the team leader. He was a young guy. When he came to work, he felt that he was walking on a tightrope",FIGURATIVE
at the crossroads,1,"After the layoffs, the whole company felt like it was at the crossroads",DRAFT-needs-2nd-annotator-validation,-4.78,2,", the employees had to find out what was going on, and the company had to find out what to do.
The company had to find out what was going on, and the company had to find out what to do.
The company had to find",LITERAL
at the crossroads,1,"After the layoffs, the whole company felt like it was at the crossroads",DRAFT-needs-2nd-annotator-validation,-4.78,3," and the road ahead was uncertain. The CEO said: ""I want you to do your best in the next three months. I will give you an evaluation at the end of the year. If you are qualified, you can stay in the company.",FIGURATIVE
at the crossroads,1,"After the layoffs, the whole company felt like it was at the crossroads",DRAFT-needs-2nd-annotator-validation,-4.78,4," of the road, with no one knowing what would happen next. The CEO had left the company, and the company had lost a lot of its talent. The company was also in a lot of debt, and it was not sure if it could make",FIGURATIVE
at the crossroads,1,"After the layoffs, the whole company felt like it was at the crossroads",DRAFT-needs-2nd-annotator-validation,-3.59,0,". What happened was a miracle. I was able to bring in a lot of new people. We’ve got some great new people in the company.
The first day that we were here, the company was really in a bad place. It was just",FIGURATIVE
at the crossroads,1,"After the layoffs, the whole company felt like it was at the crossroads",DRAFT-needs-2nd-annotator-validation,-3.59,1," of a crossroads. After the layoffs, the whole company felt like it was at the crossroads. The company is trying to figure out what to do with the remaining employees.
The company is trying to figure out what to do with the remaining employees",LITERAL
at the crossroads,1,"After the layoffs, the whole company felt like it was at the crossroads",DRAFT-needs-2nd-annotator-validation,-3.59,2,". It was a long time before people could return to work. The company’s business was very bad, and the number of employees was reduced to 50. The company’s production capacity has also been reduced to 20% of the original. The",LITERAL
at the crossroads,1,"After the layoffs, the whole company felt like it was at the crossroads",DRAFT-needs-2nd-annotator-validation,-3.59,3,", and we felt the pressure to move forward. We are not the only company that has been through this process, but we do not have a lot of experience in it. We have a lot of experience in the process of moving forward, but we",FIGURATIVE
at the crossroads,1,"After the layoffs, the whole company felt like it was at the crossroads",DRAFT-needs-2nd-annotator-validation,-3.59,4,". The boss was looking for the right people, but there were not many good people left. After a while, only the boss and a few good people remained. The boss said to the remaining people, ""I have a good idea, but it",FIGURATIVE
at the crossroads,1,"After the layoffs, the whole company felt like it was at the crossroads",DRAFT-needs-2nd-annotator-validation,-2.39,0,". The company’s future was unknown, and everyone was looking for a job. The young and old, the strong and the weak, all joined in a big crowd, holding banners and shouting slogans. The company’s founder was surrounded by a crowd of",FIGURATIVE
at the crossroads,1,"After the layoffs, the whole company felt like it was at the crossroads",DRAFT-needs-2nd-annotator-validation,-2.39,1," of a fork in the road. Would we be able to sustain a profitable business and continue to grow, or would we be forced to shut down? The company had been struggling for some time, and we needed to make a decision quickly. We knew",FIGURATIVE
at the crossroads,1,"After the layoffs, the whole company felt like it was at the crossroads",DRAFT-needs-2nd-annotator-validation,-2.39,2,". Some people have not been able to work for more than a year, and the company has been closed for two years. He has been doing this job for many years, and the company has been closed for two years. He has been doing this",INCOHERENT
at the crossroads,1,"After the layoffs, the whole company felt like it was at the crossroads",DRAFT-needs-2nd-annotator-validation,-2.39,3,". We had a lot of people who didn’t know what to do. The new company was starting over from scratch. I was really nervous about it.
But I was also excited to see how the new company was going to be different. It was",FIGURATIVE
at the crossroads,1,"After the layoffs, the whole company felt like it was at the crossroads",DRAFT-needs-2nd-annotator-validation,-2.39,4, of a T. Everyone was trying to figure out how they could make it through. And I was no different. I was trying to figure out what I could do to help. And I was trying to figure out what I could do to help.,FIGURATIVE
at the crossroads,1,"After the layoffs, the whole company felt like it was at the crossroads",DRAFT-needs-2nd-annotator-validation,-1.2,0," of a fork in the road. We were in a state of limbo, with no idea of where we were going or what we were doing.
We had to come up with a new strategy to keep the company afloat. We needed to figure",UNPARSEABLE
at the crossroads,1,"After the layoffs, the whole company felt like it was at the crossroads",DRAFT-needs-2nd-annotator-validation,-1.2,1,". The whole company felt like it was at the crossroads.
　　""Go to the kitchen to cook, do you know how to cook?"" ""Go to the kitchen to cook, do you know how to cook?"" ""Go to the kitchen",INCOHERENT
at the crossroads,1,"After the layoffs, the whole company felt like it was at the crossroads",DRAFT-needs-2nd-annotator-validation,-1.2,2,". There were many people who could not understand why the company had to let go of so many people. I thought that the company had to change its direction. I thought that we had to change our strategy. But then, after we changed the strategy",FIGURATIVE
at the crossroads,1,"After the layoffs, the whole company felt like it was at the crossroads",DRAFT-needs-2nd-annotator-validation,-1.2,3,", which was very painful. There was no one to go to for help, and it was a huge pressure on everyone. After a while, the company decided to do an internal training program to help employees who were going through this process. The training",FIGURATIVE
at the crossroads,1,"After the layoffs, the whole company felt like it was at the crossroads",DRAFT-needs-2nd-annotator-validation,-1.2,4," of a fork in the road. The whole company was going through the same thing. There were some people who were going to stay with the company and others who were going to leave.
But the company was still going to be able to survive. It",FIGURATIVE
at the crossroads,1,"After the layoffs, the whole company felt like it was at the crossroads",DRAFT-needs-2nd-annotator-validation,0.0,0,".
We had to make the right decisions and move forward.
We had to be the best version of ourselves.
We had to be the best version of ourselves.
We had to be the best version of ourselves.
We had to be the best version of",INCOHERENT
at the crossroads,1,"After the layoffs, the whole company felt like it was at the crossroads",DRAFT-needs-2nd-annotator-validation,0.0,1,". The company had been a small team for a long time, and the layoffs were hard for everyone. Everyone was unsure of what was going to happen next.
I knew that I had to make a change. I needed to do something different. I",FIGURATIVE
at the crossroads,1,"After the layoffs, the whole company felt like it was at the crossroads",DRAFT-needs-2nd-annotator-validation,0.0,2,", and it wasn’t just the management. Everyone felt that the company was going to die, but it was hard to say why. The company had always been a little behind in its market, but the layoffs were so large that everyone was unsure what",LITERAL
at the crossroads,1,"After the layoffs, the whole company felt like it was at the crossroads",DRAFT-needs-2nd-annotator-validation,0.0,3,". I wanted to make sure we stayed on the right path. We knew we had to stay true to our core values of being honest, being great at what we do, and being humble, and I think we all felt that way. I knew",FIGURATIVE
at the crossroads,1,"After the layoffs, the whole company felt like it was at the crossroads",DRAFT-needs-2nd-annotator-validation,0.0,4,".
I was the only one left from the original group that founded the company, and it was a big question mark for everyone. I’m not the kind of person who gives up easily, so I knew I had to make a decision.
I decided",LITERAL
at the crossroads,1,"After the layoffs, the whole company felt like it was at the crossroads",DRAFT-needs-2nd-annotator-validation,1.2,0,". We needed to find a new direction and a new way to work together.
When you have a great idea, it's important to have the right people to bring it to life. This was the realization we had at the end of last year.",FIGURATIVE
at the crossroads,1,"After the layoffs, the whole company felt like it was at the crossroads",DRAFT-needs-2nd-annotator-validation,1.2,1,". The company was still trying to figure out what it was going to do. We had to go through a process of reorganization and that was very difficult for everybody. We were going to have to get rid of a lot of the old systems,",FIGURATIVE
at the crossroads,1,"After the layoffs, the whole company felt like it was at the crossroads",DRAFT-needs-2nd-annotator-validation,1.2,2,". I was the only person left in the team, so I was the one who had to get the work done and I felt like I had to prove myself.
I started looking for a job. I posted my resume on LinkedIn and started talking to",FIGURATIVE
at the crossroads,1,"After the layoffs, the whole company felt like it was at the crossroads",DRAFT-needs-2nd-annotator-validation,1.2,3,". There was no vision for the future. There was no reason for employees to stay.
I started looking around for new opportunities. I was offered a job at a competitor of our company and started working there. But I didn’t like the job,",FIGURATIVE
at the crossroads,1,"After the layoffs, the whole company felt like it was at the crossroads",DRAFT-needs-2nd-annotator-validation,1.2,4,". The company had been growing for years, and the layoffs were the first time it had ever happened. The company had been growing for years, and the layoffs were the first time it had ever happened. The company had been growing for years, and",LITERAL
at the crossroads,1,"After the layoffs, the whole company felt like it was at the crossroads",DRAFT-needs-2nd-annotator-validation,2.39,0,", with the whole business at risk. But it was also an opportunity to build a culture that was much more entrepreneurial and more engaged.
So we set out to build a culture that was much more entrepreneurial and more engaged.
And so we set out to",FIGURATIVE
at the crossroads,1,"After the layoffs, the whole company felt like it was at the crossroads",DRAFT-needs-2nd-annotator-validation,2.39,1,". As a result, we felt the need to be more intentional with our recruiting efforts, and make sure we were attracting the best talent. We decided to go to a more agile approach to recruiting, and to do that, we needed a way to",FIGURATIVE
at the crossroads,1,"After the layoffs, the whole company felt like it was at the crossroads",DRAFT-needs-2nd-annotator-validation,2.39,2,", that things were going to change.
I remember sitting in the cafeteria with the other employees after the layoffs and hearing the new CEO talk about the vision for the company and how we all had to do things differently.
I remember thinking, ""Oh my",LITERAL
at the crossroads,1,"After the layoffs, the whole company felt like it was at the crossroads",DRAFT-needs-2nd-annotator-validation,2.39,3,". It felt like they were going to close the doors on their products. I really didn't think they could keep up with the competition, but they were able to get things back on track.
I worked for a company that was having layoffs, and",FIGURATIVE
at the crossroads,1,"After the layoffs, the whole company felt like it was at the crossroads",DRAFT-needs-2nd-annotator-validation,2.39,4,", and I had a hard time understanding why we were doing what we were doing. We were doing what we were doing because we didn’t have a choice. We were doing what we were doing because we had to. We were doing what we were",LITERAL
at the crossroads,1,"After the layoffs, the whole company felt like it was at the crossroads",DRAFT-needs-2nd-annotator-validation,3.59,0,. A lot of people were really scared. We had a lot of turnover. And the company was in a lot of trouble. We had a lot of turnover. And the company was in a lot of trouble. We had a lot of turnover.,LITERAL
at the crossroads,1,"After the layoffs, the whole company felt like it was at the crossroads",DRAFT-needs-2nd-annotator-validation,3.59,1,". They didn’t know what was going to happen next.
The company was going to be broken up and sold off. It was going to go through a reorganization. There were a lot of questions and a lot of uncertainty.
We started to talk",LITERAL
at the crossroads,1,"After the layoffs, the whole company felt like it was at the crossroads",DRAFT-needs-2nd-annotator-validation,3.59,2,". The new CEO, a former executive at the company, had come in to take the helm. He was a turnaround artist, and he was going to do what it took to turn this company around.
He was a man of few words, but",FIGURATIVE
at the crossroads,1,"After the layoffs, the whole company felt like it was at the crossroads",DRAFT-needs-2nd-annotator-validation,3.59,3,". I had been there for about a year and a half, and I knew that a lot of people had been there longer. I was in the same boat as everyone else. I knew that I had to be creative in order to survive. I",FIGURATIVE
at the crossroads,1,"After the layoffs, the whole company felt like it was at the crossroads",DRAFT-needs-2nd-annotator-validation,3.59,4,. I felt that I was being singled out and that I was not getting the support that I needed to make the changes that I was being asked to make. I was also starting to lose my identity as a leader and as a leader of the company,LITERAL
at the crossroads,1,"After the layoffs, the whole company felt like it was at the crossroads",DRAFT-needs-2nd-annotator-validation,4.78,0,". Many employees were unsure about what the future held for them, and the company's stock price was in freefall. The CEO, however, seemed unfazed. He went to the office every day and spent most of his time in his office,",FIGURATIVE
at the crossroads,1,"After the layoffs, the whole company felt like it was at the crossroads",DRAFT-needs-2nd-annotator-validation,4.78,1,". We all knew it was going to happen, but it was still hard to take. Everyone was afraid that the company would just keep shrinking and shrinking. I knew that I had to do something to keep my job, so I started looking for a",FIGURATIVE
at the crossroads,1,"After the layoffs, the whole company felt like it was at the crossroads",DRAFT-needs-2nd-annotator-validation,4.78,2,". I was not sure what to do with my career. I decided to work with a career coach to help me figure out my next step. After a few sessions, we decided to start with a job search. I was not sure what I wanted",FIGURATIVE
at the crossroads,1,"After the layoffs, the whole company felt like it was at the crossroads",DRAFT-needs-2nd-annotator-validation,4.78,3,". I had no idea what was happening, but the feeling of uncertainty was palpable. People were wondering if they would be the next to go.
The team was split into two groups. One group was told they were going to continue working on the",LITERAL
at the crossroads,1,"After the layoffs, the whole company felt like it was at the crossroads",DRAFT-needs-2nd-annotator-validation,4.78,4,. We were all just waiting for the ax to fall on us. I thought it was inevitable that we would be laid off. I was just waiting for the other shoe to drop. I wasn't really sure if I was going to be laid off,LITERAL
at the crossroads,2,The old signpost stood rusting at the crossroads,DRAFT-needs-2nd-annotator-validation,-4.78,0," road junction. The old signpost had long ago been replaced with a new one, but the old signpost was still there. I was wondering what the old signpost had seen. I wondered what it had seen when it stood at the crossroad",LITERAL
at the crossroads,2,The old signpost stood rusting at the crossroads,DRAFT-needs-2nd-annotator-validation,-4.78,1,"way. It pointed to the left, down the road to the town, and to the right, into the woods.
He stopped at the crossroads. The woods were calling to him, and he was tempted to go, but he knew he had",FIGURATIVE
at the crossroads,2,The old signpost stood rusting at the crossroads,DRAFT-needs-2nd-annotator-validation,-4.78,2,"way. It read “Blessed Are the Peacemakers” and was written in black paint, but it had faded and was barely legible. It had stood there for more than a decade, weathering the elements and the wear of",LITERAL
at the crossroads,2,The old signpost stood rusting at the crossroads,DRAFT-needs-2nd-annotator-validation,-4.78,3," way, pointing to a path that had long been forgotten. The ancient oak tree stood in the middle of the road, its roots reaching out to the pavement. The grass was long and overgrown, but the path was still visible, winding its way",LITERAL
at the crossroads,2,The old signpost stood rusting at the crossroads,DRAFT-needs-2nd-annotator-validation,-4.78,4," road junction in the middle of nowhere. I was walking back to the car from a short walk in the hills. The weather was beautiful, the sun was shining and I was in a good mood. I had been in the hills for about an hour",LITERAL
at the crossroads,2,The old signpost stood rusting at the crossroads,DRAFT-needs-2nd-annotator-validation,-3.59,0," road in the small town of Saitama. It was one of those signs that would have been the envy of any signpost designer. It was tall, it was wide, it was curved, and it was made of steel. It was the",LITERAL
at the crossroads,2,The old signpost stood rusting at the crossroads,DRAFT-needs-2nd-annotator-validation,-3.59,1," roads. The first one led to a dirt road, the other to the main road. We chose the first one. The path to the dirt road was through a forest. We had to walk for about ten minutes through the forest. When we reached",LITERAL
at the crossroads,2,The old signpost stood rusting at the crossroads,DRAFT-needs-2nd-annotator-validation,-3.59,2,"ways intersection. The only words remaining were “Bosley’s Hardware” and “The Old Mill.” The road to the mill was unmarked. The signpost had been there since before I was born. I was born in 1956,",FIGURATIVE
at the crossroads,2,The old signpost stood rusting at the crossroads,DRAFT-needs-2nd-annotator-validation,-3.59,3," road intersection. The old signpost had stood there for as long as anyone could remember. The old signpost was a landmark. The old signpost was an eyesore. The old signpost was a landmark, an eyesore, and a health",FIGURATIVE
at the crossroads,2,The old signpost stood rusting at the crossroads,DRAFT-needs-2nd-annotator-validation,-3.59,4," of the old road to the old church. This is where the road had branched off from the main road to the village, and on the other side of the crossroads was the old churchyard. This was where the church was, but it",LITERAL
at the crossroads,2,The old signpost stood rusting at the crossroads,DRAFT-needs-2nd-annotator-validation,-2.39,0,". The signpost was made of metal and was old. The metal was rusty and the signpost had been there for a very long time. The signpost was old, but it was still there. The signpost was rusted, but it",FIGURATIVE
at the crossroads,2,The old signpost stood rusting at the crossroads,DRAFT-needs-2nd-annotator-validation,-2.39,1,". A lone pine tree, blackened by the wind, stood at the crossroads. The road to the left was a dirt path, and the road to the right was a paved road. A small town was located at the end of the dirt",FIGURATIVE
at the crossroads,2,The old signpost stood rusting at the crossroads,DRAFT-needs-2nd-annotator-validation,-2.39,2,", the metal twisted and bent, the wood rotted away, the paint peeled off and flaked away, the glass smashed out of the sign itself. It stood on the old crossroads, where the old road used to go, now all",FIGURATIVE
at the crossroads,2,The old signpost stood rusting at the crossroads,DRAFT-needs-2nd-annotator-validation,-2.39,3," in the middle of the village. On one side it read 'Ryelands', on the other 'Wessex'. The road continued past the signpost, and after a short distance it turned right. A few yards down the new road",LITERAL
at the crossroads,2,The old signpost stood rusting at the crossroads,DRAFT-needs-2nd-annotator-validation,-2.39,4," of the two main roads in the village. The name of the village was still painted on it, but the signpost had been there so long that it was barely legible. It had been a long time since anyone had bothered to maintain the sign",FIGURATIVE
at the crossroads,2,The old signpost stood rusting at the crossroads,DRAFT-needs-2nd-annotator-validation,-1.2,0," where a dirt road met the main highway. The sign pointed west, but the road went north. The sign had been there for as long as anyone could remember. Some of the locals thought it had been there for generations, but there was no way",LITERAL
at the crossroads,2,The old signpost stood rusting at the crossroads,DRAFT-needs-2nd-annotator-validation,-1.2,1,. The new signpost had been in place for a few months. The old signpost had been there for many years. The old signpost had stood in the same place for decades. The old signpost had been there for over a hundred years,FIGURATIVE
at the crossroads,2,The old signpost stood rusting at the crossroads,DRAFT-needs-2nd-annotator-validation,-1.2,2,". The trees were thick around it, and it was hard to see the sign at the top. The signpost was old, with the letters all worn down. There was a faded arrow pointing left, and a faded arrow pointing right. It was",FIGURATIVE
at the crossroads,2,The old signpost stood rusting at the crossroads,DRAFT-needs-2nd-annotator-validation,-1.2,3,". The path to the left, the path to the right. The choice was clear. The left path led to a quiet, peaceful village. The right path led to a bustling, bustling city. The choice was clear. The left path led to",FIGURATIVE
at the crossroads,2,The old signpost stood rusting at the crossroads,DRAFT-needs-2nd-annotator-validation,-1.2,4," where I lived. It pointed in the direction of the village, the road to the sea, and the path to the mountains. It was a reminder of the past. It was a reminder of the future. It was a reminder of the present.",FIGURATIVE
at the crossroads,2,The old signpost stood rusting at the crossroads,DRAFT-needs-2nd-annotator-validation,0.0,0,", a relic of the time when this was a major road junction and the only way out of the village. The road has been bypassed, and the old signpost is now an intriguing piece of history. The village is now a quiet place,",FIGURATIVE
at the crossroads,2,The old signpost stood rusting at the crossroads,DRAFT-needs-2nd-annotator-validation,0.0,1," in the middle of nowhere. A place where no one had ever been, and nobody ever would be again. The place where all roads end. The place where the sun never sets. The place where the sky is always blue. The place where the",FIGURATIVE
at the crossroads,2,The old signpost stood rusting at the crossroads,DRAFT-needs-2nd-annotator-validation,0.0,2," of the two roads. The first road led to the city, the second road led to the hills. The signpost had long since fallen over, but the old man had not noticed. He had been sitting on the bench at the crossroads for",UNPARSEABLE
at the crossroads,2,The old signpost stood rusting at the crossroads,DRAFT-needs-2nd-annotator-validation,0.0,3," of the village. The road from the south led to the big town, the road from the north to the sea. The village had been a bustling place once, but the big town had grown and the sea had become a busy port. There were",LITERAL
at the crossroads,2,The old signpost stood rusting at the crossroads,DRAFT-needs-2nd-annotator-validation,0.0,4," in the woods. It had been there for many years, and it had seen a lot of traffic. But now it was covered in moss and ivy, and no one seemed to notice it anymore. The only thing that remained of the signpost",FIGURATIVE
at the crossroads,2,The old signpost stood rusting at the crossroads,DRAFT-needs-2nd-annotator-validation,1.2,0," of the old road. It was a sign of things past, a reminder of the days when the old road was the main route to the village. Now the A road was the main route, but the old road still existed, a network of country",FIGURATIVE
at the crossroads,2,The old signpost stood rusting at the crossroads,DRAFT-needs-2nd-annotator-validation,1.2,1," between the villages of South and North Luffenham. The name of the village it led to was no longer familiar. The name of the village it led to was no longer familiar. It was a signpost for the lost village, a village",FIGURATIVE
at the crossroads,2,The old signpost stood rusting at the crossroads,DRAFT-needs-2nd-annotator-validation,1.2,2,", and a few miles down the road the road to nowhere. It was the only thing to do, so I stopped for a picture.
There is something about a lonely road, an old signpost, and an overgrown field that calls out to",LITERAL
at the crossroads,2,The old signpost stood rusting at the crossroads,DRAFT-needs-2nd-annotator-validation,1.2,3,". It pointed to nowhere, and the road it marked had vanished into the forest. The forest had once been a city, but the city was gone now, buried under the earth, covered over with fallen trees. The forest had grown over the city",FIGURATIVE
at the crossroads,2,The old signpost stood rusting at the crossroads,DRAFT-needs-2nd-annotator-validation,1.2,4," where the old county road turned north and the new one headed south, and the old road turned west, and the new one turned east. It was a place where one could have gone either way for a long time, but now the signpost was",LITERAL
at the crossroads,2,The old signpost stood rusting at the crossroads,DRAFT-needs-2nd-annotator-validation,2.39,0,".
The signpost was an old one.
The signpost was in the middle of nowhere.
The signpost was a warning.
The signpost was a landmark.
The signpost was the only one in sight.
The signpost was a symbol of",LITERAL
at the crossroads,2,The old signpost stood rusting at the crossroads,DRAFT-needs-2nd-annotator-validation,2.39,1," for years, until a local business came along and made the sign bright again, and the signpost, which had been leaning at an angle for years, was straightened up.
The signpost is located at the intersection of two main roads, one",LITERAL
at the crossroads,2,The old signpost stood rusting at the crossroads,DRAFT-needs-2nd-annotator-validation,2.39,2,". It pointed to a road which had long ago been abandoned. The road had not been used for years, and the path that once led there had long since been lost.
The signpost had been erected some time ago, but it had stood for",LITERAL
at the crossroads,2,The old signpost stood rusting at the crossroads,DRAFT-needs-2nd-annotator-validation,2.39,3,". No one bothered to paint it or replace it, and no one knew why it was there. It was not an old signpost. It was a new signpost, and it was no longer needed. The old signpost was no longer needed",FIGURATIVE
at the crossroads,2,The old signpost stood rusting at the crossroads,DRAFT-needs-2nd-annotator-validation,2.39,4, of a country lane. I had no idea where it had led. But the fact that it was still there was testimony to the fact that it had once been a popular way to go. It was a little like a man who has lost his way,FIGURATIVE
at the crossroads,2,The old signpost stood rusting at the crossroads,DRAFT-needs-2nd-annotator-validation,3.59,0,". It was at a busy intersection and the driver in the car next to me was not going to miss it. He stopped abruptly, threw the car in reverse and backed up, swerving through the oncoming traffic. As I watched, a man",FIGURATIVE
at the crossroads,2,The old signpost stood rusting at the crossroads,DRAFT-needs-2nd-annotator-validation,3.59,1,". The original post had been knocked down, and the replacement one had been smashed. They’d tried to fix it, but it was never going to stand up to the weather.
There was a lot of graffiti on the new one. It was hard",FIGURATIVE
at the crossroads,2,The old signpost stood rusting at the crossroads,DRAFT-needs-2nd-annotator-validation,3.59,2,". It was no longer a reliable guide to the road ahead.
I walked past it and began to climb the hill. The path was muddy and slippery. I had to be careful not to slip and fall. I felt my way with my hand,",FIGURATIVE
at the crossroads,2,The old signpost stood rusting at the crossroads,DRAFT-needs-2nd-annotator-validation,3.59,3,". It had stood for a long time, and was one of the few signs in the area that had not been torn down or otherwise removed. The signpost had long been a source of fascination to local children, who would spend hours climbing on the",FIGURATIVE
at the crossroads,2,The old signpost stood rusting at the crossroads,DRAFT-needs-2nd-annotator-validation,3.59,4,". It had seen better days, but the local authority was not in a hurry to replace it. The new signpost would have to wait.
So, it was with a sense of satisfaction that the local authority, on the arrival of the new sign",UNPARSEABLE
at the crossroads,2,The old signpost stood rusting at the crossroads,DRAFT-needs-2nd-annotator-validation,4.78,0,". It was a reminder of the old days, a time when the highway was the only way to get from one town to the next. It was also a reminder that the highway was not the only way anymore.
In the old days, the road",LITERAL
at the crossroads,2,The old signpost stood rusting at the crossroads,DRAFT-needs-2nd-annotator-validation,4.78,1,". The wooden cross, which had once marked the beginning of the long road to Santiago, was now bent and broken, the metal arrow pointing at a different place.
But the road still led to Santiago. And it still led to a place called A",FIGURATIVE
at the crossroads,2,The old signpost stood rusting at the crossroads,DRAFT-needs-2nd-annotator-validation,4.78,2,". The road it pointed to was no longer a road, but a footpath that led to the ruins of a church.
The church was built in the 12th century, but was destroyed by the Danish invaders in 1069. The only",FIGURATIVE
at the crossroads,2,The old signpost stood rusting at the crossroads,DRAFT-needs-2nd-annotator-validation,4.78,3,". The road it indicated was gone. The grass had grown high over the once busy road. Only the sign remained to tell the story of a road that was once a main route into the heart of the country.
I was there in 1960",FIGURATIVE
at the crossroads,2,The old signpost stood rusting at the crossroads,DRAFT-needs-2nd-annotator-validation,4.78,4,", but it was still the signpost. The name of the town it pointed to was no longer there. It had been replaced by a new name, a new name that was meant to be the signpost for the new town, the town that",FIGURATIVE
lie low,1,"Worried about the rumors, she decided it was best to lie low",DRAFT-needs-2nd-annotator-validation,-4.78,0," down, and let her body get used to it. The next day, she was able to walk for about an hour without any pain. On the third day, she was able to walk for two hours without any pain. On the fourth day,",LITERAL
lie low,1,"Worried about the rumors, she decided it was best to lie low",DRAFT-needs-2nd-annotator-validation,-4.78,1," down and play dead. She had just finished her meal when a young man came in. He was wearing a dark green shirt, a pair of brown pants, and a pair of brown shoes. He looked a bit like a doctor, but he wasn",LITERAL
lie low,1,"Worried about the rumors, she decided it was best to lie low",DRAFT-needs-2nd-annotator-validation,-4.78,2,"less and tell them she was married.
She was very upset that she had to lie to her friends and family.
I was upset when my wife told me that she was going to be on vacation with her best friend for a week.
I was upset",LITERAL
lie low,1,"Worried about the rumors, she decided it was best to lie low",DRAFT-needs-2nd-annotator-validation,-4.78,3,"less. She had a great time with the new man, who she later found out was married, but she kept it to herself.
She later found out he was married, but she kept it to herself. She later found out he was married,",FIGURATIVE
lie low,1,"Worried about the rumors, she decided it was best to lie low",DRAFT-needs-2nd-annotator-validation,-4.78,4,"less tell them the truth. It’s always hard to tell when someone is lying, especially if they’re good at it. In this case, the person who is lying is a young girl. Her name is Katelyn and she has been lying",LITERAL
lie low,1,"Worried about the rumors, she decided it was best to lie low",DRAFT-needs-2nd-annotator-validation,-3.59,0," down in the bed, with the door locked. In a little while, the husband came home, but did not go to the bedroom, but went to the kitchen, where he had a drink and then went to sleep. When he awoke,",LITERAL
lie low,1,"Worried about the rumors, she decided it was best to lie low",DRAFT-needs-2nd-annotator-validation,-3.59,1," and wait and see if the rumors were true. She was also worried about the rumors because she was very good at her job and didn't want to be replaced.
As soon as she entered the room, she could see that the rumor was true.",FIGURATIVE
lie low,1,"Worried about the rumors, she decided it was best to lie low",DRAFT-needs-2nd-annotator-validation,-3.59,2," down on the ground and pray. As she lay there, she was shocked to see the angel standing over her. The angel said, “Don’t be afraid. I know you are troubled, and I have come to relieve your trouble.” The angel",INCOHERENT
lie low,1,"Worried about the rumors, she decided it was best to lie low",DRAFT-needs-2nd-annotator-validation,-3.59,3," flat on her back on the couch. ""What do you mean by that?"" ""Your mom says she saw a woman with a big belly at the hospital today,"" he said, ""and she asked if that was you. She was crying and said",LITERAL
lie low,1,"Worried about the rumors, she decided it was best to lie low",DRAFT-needs-2nd-annotator-validation,-3.59,4," down to the ground.
The next morning, the sun was shining brightly, but the princess did not rise. The King sent his servants to wake her, but she was still sleeping soundly. The servants went back to the King and reported that the",LITERAL
lie low,1,"Worried about the rumors, she decided it was best to lie low",DRAFT-needs-2nd-annotator-validation,-2.39,0," down on the floor and sleep, hoping the rumors would go away. The next day, she woke up and got up from the floor to get a drink of water, but was surprised to find that she was the only one in the house. She",LITERAL
lie low,1,"Worried about the rumors, she decided it was best to lie low",DRAFT-needs-2nd-annotator-validation,-2.39,1," her parents that she had been admitted to the hospital. She wanted to be able to see him, and she didn’t want to worry him. She didn’t want to tell him that she had been admitted to the hospital because she was pregnant. She",LITERAL
lie low,1,"Worried about the rumors, she decided it was best to lie low",DRAFT-needs-2nd-annotator-validation,-2.39,2," down on the bed and keep her eyes closed. He took a seat beside her and put his hand on her forehead. “You’re burning up,” he said.
“No, I’m not. I’m just tired.” She was so tired of being",FIGURATIVE
lie low,1,"Worried about the rumors, she decided it was best to lie low",DRAFT-needs-2nd-annotator-validation,-2.39,3," down and try to make herself small. She wanted to be invisible, to blend in with the ground. She wanted to disappear. But she couldn’t. She was too tall. Too big. She was like a tree. And trees can’t hide",FIGURATIVE
lie low,1,"Worried about the rumors, she decided it was best to lie low",DRAFT-needs-2nd-annotator-validation,-2.39,4," down on the ground in a ball. She tried to curl up as small as possible, but she still felt very exposed and vulnerable.
Then, a large paw with a clawed foot came crashing down on top of her, crushing her down into the",LITERAL
lie low,1,"Worried about the rumors, she decided it was best to lie low",DRAFT-needs-2nd-annotator-validation,-1.2,0,", and to keep her head down. She had a strong desire to keep her head down, and to keep her head low. She had a strong desire to keep her head down, and to keep her head low. She had a strong desire to",LITERAL
lie low,1,"Worried about the rumors, she decided it was best to lie low",DRAFT-needs-2nd-annotator-validation,-1.2,1,", so she started to look for a place to hide.
After a few moments, the cat jumped up on the roof of the house.
The cat jumped up on the roof of the house.
The cat jumped up on the roof of the house.
",INCOHERENT
lie low,1,"Worried about the rumors, she decided it was best to lie low",DRAFT-needs-2nd-annotator-validation,-1.2,2,".
The rumors about her being a witch were true, but not what they thought.
The rumors about her being a witch were true, but not what they thought. She wasn't a witch, but she was a dragon.",LITERAL
lie low,1,"Worried about the rumors, she decided it was best to lie low",DRAFT-needs-2nd-annotator-validation,-1.2,3,". She knew it was a bad idea to lie, but she was afraid that if she told the truth, she would be in trouble. She was afraid that if she told the truth, she would be in trouble. She was afraid that if she",FIGURATIVE
lie low,1,"Worried about the rumors, she decided it was best to lie low",DRAFT-needs-2nd-annotator-validation,-1.2,4," and let the rumors die out.
This is a lie. It’s just a lie.
She was trying to get away from her mother, but her mother was too strong for her to get away. She was also lying low, because she was afraid",FIGURATIVE
lie low,1,"Worried about the rumors, she decided it was best to lie low",DRAFT-needs-2nd-annotator-validation,0.0,0," until things settled down. But she didn't realize the rumors were true. She had a son and she was still a virgin.
She was a virgin, not a whore. She had been married to a man who had died while in battle. She",INCOHERENT
lie low,1,"Worried about the rumors, she decided it was best to lie low",DRAFT-needs-2nd-annotator-validation,0.0,1, for a few days. She didn’t want to be the topic of conversation everywhere she went. She didn’t want to be the person who was the topic of conversation everywhere she went. She didn’t want to be the topic of conversation everywhere she went,FIGURATIVE
lie low,1,"Worried about the rumors, she decided it was best to lie low",DRAFT-needs-2nd-annotator-validation,0.0,2," and see how things played out. It wasn’t until a few months later that she felt comfortable enough to begin looking for work. Her first job was at a restaurant where she worked the grill and was able to get a feel for the restaurant industry.
",FIGURATIVE
lie low,1,"Worried about the rumors, she decided it was best to lie low",DRAFT-needs-2nd-annotator-validation,0.0,3,". She began to keep to herself, and spend most of her time at home. Her parents were worried, so they began to ask around. She didn’t want to tell them the truth, so she made up a story. She said that she",FIGURATIVE
lie low,1,"Worried about the rumors, she decided it was best to lie low",DRAFT-needs-2nd-annotator-validation,0.0,4," for a while. She went to her room and changed out of her dress. She wore her usual jeans and a sweatshirt.
She called the police to report the theft. They took down her description and a picture of the ring. They said they",FIGURATIVE
lie low,1,"Worried about the rumors, she decided it was best to lie low",DRAFT-needs-2nd-annotator-validation,1.2,0," about the whole thing. ""I didn't tell anyone,"" she said, ""because I didn't want to make a big deal about it."" The other students she had told had promised to keep it a secret, she said. ""I thought it",LITERAL
lie low,1,"Worried about the rumors, she decided it was best to lie low",DRAFT-needs-2nd-annotator-validation,1.2,1,". She made her way to the front door, but just as she was about to open it, she felt the bed beside her shift. She turned and saw the man who had been there the night before. He was sitting up in the bed,",LITERAL
lie low,1,"Worried about the rumors, she decided it was best to lie low",DRAFT-needs-2nd-annotator-validation,1.2,2," for the time being. But then her father asked her to do something she didn't think she could do. He wanted her to become a princess. She was the only girl in a family of boys, and she was the only one who couldn't",LITERAL
lie low,1,"Worried about the rumors, she decided it was best to lie low",DRAFT-needs-2nd-annotator-validation,1.2,3,". A week later, the rumors were confirmed.
We are sorry to report that actress Nia Vardalos has filed for divorce from her husband Ian Gomez. The couple has been married since 2002 and share two children, Ian Thomas Gomez",FIGURATIVE
lie low,1,"Worried about the rumors, she decided it was best to lie low",DRAFT-needs-2nd-annotator-validation,1.2,4," for a while.
""Good idea,"" he agreed, giving her a soft kiss on the forehead. ""Let's just take it one day at a time.""
She nodded. ""I know. But it's so hard.""
He squeezed her hand.",LITERAL
lie low,1,"Worried about the rumors, she decided it was best to lie low",DRAFT-needs-2nd-annotator-validation,2.39,0,". She told him she’d just had a little bit of the flu, and that it was making her feel a little sick to her stomach. He was still concerned, but he was a good guy, and he was willing to help her out.",LITERAL
lie low,1,"Worried about the rumors, she decided it was best to lie low",DRAFT-needs-2nd-annotator-validation,2.39,1," and said she was on her way to the hospital to have her baby. I am a Christian and I do believe in God, but I have no idea why he let this happen to me. We had to wait until the 8th of March",INCOHERENT
lie low,1,"Worried about the rumors, she decided it was best to lie low",DRAFT-needs-2nd-annotator-validation,2.39,2,". She'd told her husband of 20 years that she was going out with the girls to celebrate her birthday. That was the truth, but it wasn't the whole truth. She had a very good friend, who happened to be a woman,",LITERAL
lie low,1,"Worried about the rumors, she decided it was best to lie low",DRAFT-needs-2nd-annotator-validation,2.39,3," and told everyone that she was just feeling tired and had a migraine. She felt awful about the lie, but thought it would be best to keep it to herself. Her husband, who was very supportive of her, knew that she had been suffering from",LITERAL
lie low,1,"Worried about the rumors, she decided it was best to lie low",DRAFT-needs-2nd-annotator-validation,2.39,4,. And that’s when she found out that she was actually pregnant. I am so glad I am not the only one that has this problem. The same goes for my husband who was the same way when we were first dating. When I told him,LITERAL
lie low,1,"Worried about the rumors, she decided it was best to lie low",DRAFT-needs-2nd-annotator-validation,3.59,0,". So she told him she had a new job in a different state and had to move. He was happy about it. He asked her to marry him and she said yes. They set a date and he told his parents he was engaged.
She",FIGURATIVE
lie low,1,"Worried about the rumors, she decided it was best to lie low",DRAFT-needs-2nd-annotator-validation,3.59,1,". ""I was a little afraid that maybe people would think I was crazy,"" she said. ""But I didn't want to give up the chance to be a part of the team."" So she made a decision. ""I told myself, '",LITERAL
lie low,1,"Worried about the rumors, she decided it was best to lie low",DRAFT-needs-2nd-annotator-validation,3.59,2,". She told the girls she would have to work late, so they wouldn’t be there for the big night. She knew they would be disappointed, but she didn’t know how to tell them the truth. So she lied. She went to the",FIGURATIVE
lie low,1,"Worried about the rumors, she decided it was best to lie low",DRAFT-needs-2nd-annotator-validation,3.59,3,". “I am not a lesbian,” she told her husband, who was away on a business trip. “I am bisexual.” He took it in stride and didn’t seem to mind, so she continued to be bisexual for a while.
Then her",LITERAL
lie low,1,"Worried about the rumors, she decided it was best to lie low",DRAFT-needs-2nd-annotator-validation,3.59,4,".
That was the only thing she could think of.
The rumors had been swirling around the school for the past week, and she didn’t want to be the one to start them.
The rumors had been started by a few of the girls in the",LITERAL
lie low,1,"Worried about the rumors, she decided it was best to lie low",DRAFT-needs-2nd-annotator-validation,4.78,0,". She had been a virgin when she met him, and she wanted to keep it that way. She had also wanted to believe his stories about being a virgin too, but it was just too much to hope for.
So she lied. And lied",FIGURATIVE
lie low,1,"Worried about the rumors, she decided it was best to lie low",DRAFT-needs-2nd-annotator-validation,4.78,1,". And she was right. The rumors were false.
We’ve all been there. You’ve been accused of something you didn’t do. You know it’s false. You know it’s untrue. You know it’s not you.
But people believe",FIGURATIVE
lie low,1,"Worried about the rumors, she decided it was best to lie low",DRAFT-needs-2nd-annotator-validation,4.78,2,". She said she wasn’t pregnant, but she was also adamant about not getting an abortion.
She said she would get married and have the baby, but she didn’t know how she could afford to do that. She didn’t know how she would",LITERAL
lie low,1,"Worried about the rumors, she decided it was best to lie low",DRAFT-needs-2nd-annotator-validation,4.78,3,". The best way to protect her heart was to keep it hidden away. But when she meets her new neighbor, she can’t seem to stop herself from telling him the truth.
The story of their first meeting was the first time she’d ever lied",LITERAL
lie low,1,"Worried about the rumors, she decided it was best to lie low",DRAFT-needs-2nd-annotator-validation,4.78,4,". As a result, she started to gain weight.
In fact, she put on so much weight, that she was forced to stop working. The doctors said that she was suffering from high blood pressure and diabetes. They said that if she did not",LITERAL
lie low,2,The hunter told his dog to lie low,DRAFT-needs-2nd-annotator-validation,-4.78,0," in the middle of the road, so that he could cross the road safely. The dog was lying in the middle of the road and suddenly a car came and hit him. The dog died after the accident. The hunter was crying and said, “",FIGURATIVE
lie low,2,The hunter told his dog to lie low,DRAFT-needs-2nd-annotator-validation,-4.78,1," on the ground.
The hunter told his dog to lie down.
The hunter told his dog to lie down.
The hunter told his dog to lie down.
The hunter told his dog to lie down.
The hunter told his dog to lie down.
The",FIGURATIVE
lie low,2,The hunter told his dog to lie low,DRAFT-needs-2nd-annotator-validation,-4.78,2," on the ground. The dog asked, ""What are you going to do?"" The hunter said, ""I'm going to sit on you!"" The dog replied, ""You should have said so in the first place!""
There's a lot of competition",LITERAL
lie low,2,The hunter told his dog to lie low,DRAFT-needs-2nd-annotator-validation,-4.78,3," and stay.
The hunter told his dog to fetch.
The hunter told his dog to lie down.
The hunter told his dog to go and fetch.
The hunter told his dog to lie down.
The hunter told his dog to fetch.
The hunter told",FIGURATIVE
lie low,2,The hunter told his dog to lie low,DRAFT-needs-2nd-annotator-validation,-4.78,4," and wait for a few minutes, then he went out to look for food. He found a rabbit and decided to shoot it. But the dog didn’t want to eat the rabbit. It ran away. The hunter was angry and gave the dog a",FIGURATIVE
lie low,2,The hunter told his dog to lie low,DRAFT-needs-2nd-annotator-validation,-3.59,0," the other side of the stream. “Wait here,” he said, “until I call you. Then come over and get me.” As he was walking along the bank, the dog followed him. When he reached the middle of the stream, he",FIGURATIVE
lie low,2,The hunter told his dog to lie low,DRAFT-needs-2nd-annotator-validation,-3.59,1," down and wait. The dog sat up and stared at him. ""You are not going to sit down and wait, are you?"" said the hunter. ""No,"" said the dog, ""I am going to sit down and wait for you to",FIGURATIVE
lie low,2,The hunter told his dog to lie low,DRAFT-needs-2nd-annotator-validation,-3.59,2," down in the sun, and he went on hunting. The dog lay down in the sun, and soon he was fast asleep. The hunter returned, and when he saw his dog lying down in the sun, he thought that he would wake him up",FIGURATIVE
lie low,2,The hunter told his dog to lie low,DRAFT-needs-2nd-annotator-validation,-3.59,3," down, but the dog wouldn't stop barking. The hunter hit the dog with a stick and the dog yelped and jumped up. The hunter repeated the command, and the dog obeyed. The hunter said, ""Now, what's",FIGURATIVE
lie low,2,The hunter told his dog to lie low,DRAFT-needs-2nd-annotator-validation,-3.59,4," down. The dog was a very good dog and he did what the hunter told him. He lay down right where the hunter told him.
The hunter took a piece of meat from his pocket. He put the meat in the dog's mouth. The",LITERAL
lie low,2,The hunter told his dog to lie low,DRAFT-needs-2nd-annotator-validation,-2.39,0," down and get comfortable, and he picked up a gun and began to make a shot. The dog did not move.
The hunter said, ""It's a hard life, but someone has to do it.""
The dog said, ""I'll take",LITERAL
lie low,2,The hunter told his dog to lie low,DRAFT-needs-2nd-annotator-validation,-2.39,1, down. He then took his rifle and walked into the forest. He walked for about 30 minutes and found a small clearing. He went into the clearing and saw a large buck. The hunter aimed his rifle at the deer and pulled the trigger.,FIGURATIVE
lie low,2,The hunter told his dog to lie low,DRAFT-needs-2nd-annotator-validation,-2.39,2," down in the woods and he would come back and get him. He went on a long way, and when he came back, he found the dog lying down. He said to the dog, “Why do you lie down?” “Because I’m",FIGURATIVE
lie low,2,The hunter told his dog to lie low,DRAFT-needs-2nd-annotator-validation,-2.39,3, down by his side and to be very quiet. When he heard the footsteps of the hunter he ran up and jumped on the hunter's chest. The hunter was so frightened that he fell off his horse and was knocked unconscious. The hunter was taken to,FIGURATIVE
lie low,2,The hunter told his dog to lie low,DRAFT-needs-2nd-annotator-validation,-2.39,4," down in a certain place and then went to the other side of the river to hunt. The dog was to watch for any game that came over the river, and if he saw any, he was to bark and the hunter would come running. The",LITERAL
lie low,2,The hunter told his dog to lie low,DRAFT-needs-2nd-annotator-validation,-1.2,0," down, and to look after his gun. The dog obeyed, and the hunter went away to the woods.
But the dog had not forgotten his duty, and when he saw that his master was far away, he lay down by the gun,",FIGURATIVE
lie low,2,The hunter told his dog to lie low,DRAFT-needs-2nd-annotator-validation,-1.2,1," and he would shoot at the fox. But the dog jumped up and bit the fox in the leg. Then the fox ran away.
The dog bit the fox in the leg.",LITERAL
lie low,2,The hunter told his dog to lie low,DRAFT-needs-2nd-annotator-validation,-1.2,2,. The dog lay down. The hunter shot the dog. The hunter told his dog to lie high. The dog stood up. The hunter shot the dog. The hunter told his dog to lie low. The dog lay down. The hunter shot the,LITERAL
lie low,2,The hunter told his dog to lie low,DRAFT-needs-2nd-annotator-validation,-1.2,3," down and wait for him, but the dog refused to lie down and went off chasing a rabbit.
The hunter became angry and told his dog to stay where he was, but the dog refused to stay where he was and went chasing after the rabbit.
",FIGURATIVE
lie low,2,The hunter told his dog to lie low,DRAFT-needs-2nd-annotator-validation,-1.2,4," down on the ground. The dog lay down and the hunter took his gun and shot the dog dead.
The hunter took the dog's skin and made a cloak for himself. He took the dog's bones and made a drum for himself.
The hunter",LITERAL
lie low,2,The hunter told his dog to lie low,DRAFT-needs-2nd-annotator-validation,0.0,0,", but the dog wanted to go hunting. The hunter wanted to stay home and watch TV.
The hunter and his dog went to the woods. They saw a rabbit. The hunter told his dog to lie low, but the dog wanted to go hunting",FIGURATIVE
lie low,2,The hunter told his dog to lie low,DRAFT-needs-2nd-annotator-validation,0.0,1,".
The dog lay low.
The dog lay low.
The dog lay low.
The dog lay low.
The dog lay low.
The dog lay low.
The dog lay low.
The dog lay low.
The dog lay low.
The dog lay low",FIGURATIVE
lie low,2,The hunter told his dog to lie low,DRAFT-needs-2nd-annotator-validation,0.0,2," and stay still while he went to check out the kill. When he returned, the dog was gone.
The hunter told his dog to lie low and stay still while he went to check out the kill. When he returned, the dog was gone.
",FIGURATIVE
lie low,2,The hunter told his dog to lie low,DRAFT-needs-2nd-annotator-validation,0.0,3,", but the dog couldn’t understand the command. The hunter was in the woods and had his back to the dog. He didn’t know it, but the dog was standing on his tail.
A man who has just died is standing at the gates",INCOHERENT
lie low,2,The hunter told his dog to lie low,DRAFT-needs-2nd-annotator-validation,0.0,4,", so it stayed still. The dog did not obey the command to lie low, so the hunter shot it. The dog is dead.
The hunter told his dog to lie low, so it stayed still. The dog did not obey the command to",FIGURATIVE
lie low,2,The hunter told his dog to lie low,DRAFT-needs-2nd-annotator-validation,1.2,0,". The dog, however, was so eager to hunt that it jumped and ran away. The hunter shouted at the dog: “Hey, come back here! Lie down!” The dog, however, was so eager to hunt that it jumped and ran",LITERAL
lie low,2,The hunter told his dog to lie low,DRAFT-needs-2nd-annotator-validation,1.2,1,". The dog lay low. The hunter said, ""Don't lie low, lie low."" The dog lay low. The hunter said, ""Lie low, don't lie low."" The dog lay low. The hunter said, ""Lie low,",FIGURATIVE
lie low,2,The hunter told his dog to lie low,DRAFT-needs-2nd-annotator-validation,1.2,2," for a while, and then he began to get ready for the hunt. The dog, of course, did not understand why he was told to stay. But he had learned to obey his master, and he lay down and closed his eyes.
The",FIGURATIVE
lie low,2,The hunter told his dog to lie low,DRAFT-needs-2nd-annotator-validation,1.2,3,". He was hunting rabbits. The dog was happy. The hunter was not. The hunter went to a rabbit. He did not find a rabbit. He thought the dog was at fault. He punished the dog. The dog was not happy.
The",FIGURATIVE
lie low,2,The hunter told his dog to lie low,DRAFT-needs-2nd-annotator-validation,1.2,4,", but the dog started barking, and barking, and barking.
The hunter told his dog to lie low, but the dog started barking, and barking, and barking.
The hunter told his dog to lie low, but",LITERAL
lie low,2,The hunter told his dog to lie low,DRAFT-needs-2nd-annotator-validation,2.39,0,". The dog refused and kept looking for the hunter’s prey.
The hunter then told his dog to look for the hunter’s prey, and the dog still refused.
The hunter then said to his dog, “Look, I’ll give you a bone",FIGURATIVE
lie low,2,The hunter told his dog to lie low,DRAFT-needs-2nd-annotator-validation,2.39,1," and to keep its tail between its legs. The dog, however, responded, “I am a dog, and I have a tail!”
What is the moral of this story? The hunter is the person who is being told to keep his tail",FIGURATIVE
lie low,2,The hunter told his dog to lie low,DRAFT-needs-2nd-annotator-validation,2.39,2," and then left the dog in the house. The dog was lying on the sofa and then heard the hunter come home and walk to the kitchen. The dog started to bark and the hunter went to the kitchen and said to the dog, ""quiet.""",FIGURATIVE
lie low,2,The hunter told his dog to lie low,DRAFT-needs-2nd-annotator-validation,2.39,3,", the dog did it, and he said, “Good boy!”
The hunter told his dog to sit, the dog sat down, and he said, “Good dog!”
The hunter told his dog to stay, the dog stayed, and",FIGURATIVE
lie low,2,The hunter told his dog to lie low,DRAFT-needs-2nd-annotator-validation,2.39,4,".
The dog sat down and waited.
The hunter then walked into the forest.
The dog was still sitting there.
The hunter walked further and further into the forest.
The dog still sat down.
The hunter shot at the dog.
The dog still sat",FIGURATIVE
lie low,2,The hunter told his dog to lie low,DRAFT-needs-2nd-annotator-validation,3.59,0,".
The dog did not lie down.
The hunter shot the dog.
The hunter ate the dog.
The dog did not eat the hunter.",LITERAL
lie low,2,The hunter told his dog to lie low,DRAFT-needs-2nd-annotator-validation,3.59,1," and the dog refused to do so. The hunter got angry and beat the dog with a stick. The dog ran away and the hunter started chasing the dog. The dog ran and ran and ran, and the hunter started panting.
The hunter told",FIGURATIVE
lie low,2,The hunter told his dog to lie low,DRAFT-needs-2nd-annotator-validation,3.59,2,".
""Good dog!"" he said.
The dog lay down.
""Stay!"" the hunter commanded.
The dog stayed.
""Sit!"" the hunter said.
The dog sat.
""Good dog!"" the hunter said.
The dog sat.
The dog stood",FIGURATIVE
lie low,2,The hunter told his dog to lie low,DRAFT-needs-2nd-annotator-validation,3.59,3,". He wanted to check out a rabbit trail that led to a small pond. He had seen the rabbit scurry down that trail earlier, so he was sure that the rabbit would be there. He had no intention of hunting the rabbit, but he",FIGURATIVE
lie low,2,The hunter told his dog to lie low,DRAFT-needs-2nd-annotator-validation,3.59,4,", but the dog did not listen. The hunter shot the dog.
What is the best way to cook a rabbit?
The hunter told his dog to lie down, but the dog did not listen. The hunter shot the dog.
The hunter told his",FIGURATIVE
lie low,2,The hunter told his dog to lie low,DRAFT-needs-2nd-annotator-validation,4.78,0,".
The dog replied: ""I will.""
The hunter said: ""Then I will lie down with you.""
And the dog said: ""You'll what?""
The hunter said: ""I will lie down with you.""
And the dog said: """,FIGURATIVE
lie low,2,The hunter told his dog to lie low,DRAFT-needs-2nd-annotator-validation,4.78,1,", but the dog insisted on hunting. The hunter fired at the dog and killed it. He then took the dog’s skin and put it on. The next day the dog came back to life and followed its master. They went to a stream and",INCOHERENT
lie low,2,The hunter told his dog to lie low,DRAFT-needs-2nd-annotator-validation,4.78,2,. The dog refused to lie down. He was the type of dog that always had to be in control. He told the dog to sit down. The dog refused to sit down. He told the dog to roll over. The dog refused to roll,FIGURATIVE
lie low,2,The hunter told his dog to lie low,DRAFT-needs-2nd-annotator-validation,4.78,3,". The dog lay down. The hunter said, ""Good boy!"" The dog got up and lay down. The hunter said, ""Good boy!"" The dog got up and lay down. The hunter said, ""Good boy!"" The dog got up",FIGURATIVE
lie low,2,The hunter told his dog to lie low,DRAFT-needs-2nd-annotator-validation,4.78,4,. He then opened the door of his shack and took out his rifle. He then looked around the forest for some prey. He then fired at a deer and shot it. He then carried it back to his shack. He then prepared it for eating,FIGURATIVE
shut the door on,1,"After years of failed talks, both sides decided to shut the door on",DRAFT-needs-2nd-annotator-validation,-4.78,0," gate and start from zero. This was done in the hope that it would help to overcome the distrust and to reach a new agreement.
However, the talks were not successful. The EU has proposed a new mechanism to solve the dispute, while the UK",FIGURATIVE
shut the door on,1,"After years of failed talks, both sides decided to shut the door on",DRAFT-needs-2nd-annotator-validation,-4.78,1," and start the process from the beginning. In 2010, the two parties agreed to resume talks, but negotiations were stalled by the 2011-2012 Arab Spring uprisings. The two parties had agreed to resume talks in 201",FIGURATIVE
shut the door on,1,"After years of failed talks, both sides decided to shut the door on",DRAFT-needs-2nd-annotator-validation,-4.78,2," bridge at the end of the day.
The United States and China on Friday announced they had reached a deal on trade that would lift a 15% tariff on $120 billion worth of Chinese imports, and drop tariffs on $50 billion worth of imports",FIGURATIVE
shut the door on,1,"After years of failed talks, both sides decided to shut the door on",DRAFT-needs-2nd-annotator-validation,-4.78,3," the door of the negotiations.
The Trump administration has decided to end the talks with the Taliban, according to US officials.
The decision was made after the Taliban did not meet the deadline for the release of a captured American soldier, according to the New York",LITERAL
shut the door on,1,"After years of failed talks, both sides decided to shut the door on",DRAFT-needs-2nd-annotator-validation,-4.78,4," and go back to square one.
The Taliban has announced that it is ready to negotiate with the US, according to a statement released on Monday.
The group has been in talks with the US since 2018, but the talks have been on hold",LITERAL
shut the door on,1,"After years of failed talks, both sides decided to shut the door on",DRAFT-needs-2nd-annotator-validation,-3.59,0," the door on the talks, and the two sides agreed to the first phase of the first phase of the first phase of the first phase of the first phase of the first phase of the first phase of the first phase of the first phase of the first",INCOHERENT
shut the door on,1,"After years of failed talks, both sides decided to shut the door on",DRAFT-needs-2nd-annotator-validation,-3.59,1," the United States.
The Taliban and the United States have decided to end peace talks, both sides announced Tuesday, with Washington saying it was disappointed with the decision and the Taliban blaming the United States for the breakdown in negotiations.
The announcement ends a 19",FIGURATIVE
shut the door on,1,"After years of failed talks, both sides decided to shut the door on",DRAFT-needs-2nd-annotator-validation,-3.59,2," the border.
The United States and Mexico have decided to close their border for 24 hours, according to a statement from Mexico's National Immigration Institute (INM).
The closure will take place on Sunday, April 1 at 11 pm local time",FIGURATIVE
shut the door on,1,"After years of failed talks, both sides decided to shut the door on",DRAFT-needs-2nd-annotator-validation,-3.59,3," the border. Now, the issue is on the table again. What is the current state of affairs and what is the possible solution? Let’s find out.
The recent events in Afghanistan have put the US and Pakistan back on the road to war,",FIGURATIVE
shut the door on,1,"After years of failed talks, both sides decided to shut the door on",DRAFT-needs-2nd-annotator-validation,-3.59,4," the table, and the process of talks broke down.
The process of talks between the two sides has been broken down, and the talks will be suspended indefinitely, the two sides said on Friday.
The two sides have been negotiating for more than 20",FIGURATIVE
shut the door on,1,"After years of failed talks, both sides decided to shut the door on",DRAFT-needs-2nd-annotator-validation,-2.39,0," the possibility of a deal. The two parties have been trying to reach a deal since 2014, but they have been unable to reach an agreement. In September, the EU and Turkey agreed to a deal on refugees and migrants, but the deal",FIGURATIVE
shut the door on,1,"After years of failed talks, both sides decided to shut the door on",DRAFT-needs-2nd-annotator-validation,-2.39,1," the possibility of peace negotiations. The Israeli army has been killing Palestinians in the Gaza Strip for the past 11 days. At least 1,000 Palestinians have been killed and 6,000 more have been injured. The Israeli army has also destroyed",FIGURATIVE
shut the door on,1,"After years of failed talks, both sides decided to shut the door on",DRAFT-needs-2nd-annotator-validation,-2.39,2, the U.S. and the European Union. The latest round of negotiations in Brussels last week ended with no resolution on the dispute over aircraft subsidies. The dispute has been simmering for years. It is now threatening the largest trade deal ever between the world,FIGURATIVE
shut the door on,1,"After years of failed talks, both sides decided to shut the door on",DRAFT-needs-2nd-annotator-validation,-2.39,3," the conflict
The US and Taliban have agreed to a deal that will end 18 years of war in Afghanistan.
The agreement was reached on Saturday after weeks of talks in Doha, Qatar.
The agreement calls for the US to withdraw all its troops",LITERAL
shut the door on,1,"After years of failed talks, both sides decided to shut the door on",DRAFT-needs-2nd-annotator-validation,-2.39,4," their relationship.
The Indian government has decided to ban the popular Chinese messaging app, TikTok. The app is already banned in Pakistan, where it is banned due to its “immoral” content. The ban was ordered by the Pakistan Telecommunications Authority",FIGURATIVE
shut the door on,1,"After years of failed talks, both sides decided to shut the door on",DRAFT-needs-2nd-annotator-validation,-1.2,0," the nuclear deal
After years of failed talks, both sides decided to shut the door on the nuclear deal
On May 8, 2018, Iran's President Hassan Rouhani announced that the country would not continue talks with the US and Europe",FIGURATIVE
shut the door on,1,"After years of failed talks, both sides decided to shut the door on",DRAFT-needs-2nd-annotator-validation,-1.2,1, the U.S. - Iran nuclear talks. It is not clear why the talks ended in failure. There were a lot of people involved in the talks. The U.S. administration and Iran's leaders had a lot of people in the talks. The,FIGURATIVE
shut the door on,1,"After years of failed talks, both sides decided to shut the door on",DRAFT-needs-2nd-annotator-validation,-1.2,2," the 10th anniversary of the 2008 financial crisis and the ensuing global recession, leaving the EU’s leaders to go it alone.
The decision was taken by the leaders of the 19 countries that use the euro, and the 10 other",LITERAL
shut the door on,1,"After years of failed talks, both sides decided to shut the door on",DRAFT-needs-2nd-annotator-validation,-1.2,3," the peace talks. Both sides are now engaged in a proxy war in Syria, where the US-backed Syrian Democratic Forces (SDF) is fighting ISIS in the country’s northeast.
The US-backed Syrian Democratic Forces (SDF) is fighting ISIS in",LITERAL
shut the door on,1,"After years of failed talks, both sides decided to shut the door on",DRAFT-needs-2nd-annotator-validation,-1.2,4," the possibility of a compromise. The latest move, announced on Wednesday, is a sign of the deepening divide between the two countries.
President Trump on Wednesday said the U.S. will impose tariffs on $200 billion worth of Chinese imports, escalating a",FIGURATIVE
shut the door on,1,"After years of failed talks, both sides decided to shut the door on",DRAFT-needs-2nd-annotator-validation,0.0,0," a settlement, leaving the case to be decided by a jury.
The U.S. Supreme Court has turned down a request by the federal government to reconsider a ruling that allows thousands of Native Americans in Oklahoma to keep their tribal citizenship.
The ruling by the",LITERAL
shut the door on,1,"After years of failed talks, both sides decided to shut the door on",DRAFT-needs-2nd-annotator-validation,0.0,1," the idea of a trade deal, leaving the world’s largest economies to trade on a “rule-based” basis.
The two countries have been in a trade war for more than a year, with the US imposing tariffs on $250bn (£192bn",LITERAL
shut the door on,1,"After years of failed talks, both sides decided to shut the door on",DRAFT-needs-2nd-annotator-validation,0.0,2," the talks. The following is a summary of the 14-year dispute between Israel and the Palestinians.
A year after the Israeli army invaded Gaza, the Israeli and Palestinian leaders met for the first time in a decade. The Israeli prime minister, Benjamin Netanyahu",INCOHERENT
shut the door on,1,"After years of failed talks, both sides decided to shut the door on",DRAFT-needs-2nd-annotator-validation,0.0,3," the 2015 Iran nuclear deal. The US, Israel, Saudi Arabia, and the UAE were all against the deal. The US is now preparing to impose harsh sanctions on Iran and has started to withdraw from the deal. The EU is trying to",FIGURATIVE
shut the door on,1,"After years of failed talks, both sides decided to shut the door on",DRAFT-needs-2nd-annotator-validation,0.0,4," any future negotiations.
The Trump administration and the Mexican government have announced they will not renew the North American Free Trade Agreement (NAFTA) when it expires on Dec. 31. In a joint statement released Monday, both countries said they would be moving",LITERAL
shut the door on,1,"After years of failed talks, both sides decided to shut the door on",DRAFT-needs-2nd-annotator-validation,1.2,0, the matter. The US had tried to bring the talks back on the table and had even suggested that the two countries should be able to work out the details of the deal themselves. But India refused to budge on its demand for a bilateral pact.,FIGURATIVE
shut the door on,1,"After years of failed talks, both sides decided to shut the door on",DRAFT-needs-2nd-annotator-validation,1.2,1," the nuclear negotiations with Iran.
The nuclear deal between Iran and the P5+1 countries has been a subject of heated debate since it was reached in July 2015.
It was the result of months of negotiations between Iran and the P5+",FIGURATIVE
shut the door on,1,"After years of failed talks, both sides decided to shut the door on",DRAFT-needs-2nd-annotator-validation,1.2,2," the issue and instead focus on the issue of the Palestinian right of return.
Palestinian Authority President Mahmoud Abbas has decided to suspend negotiations with Israel after talks broke down over the weekend, Palestinian officials said on Monday.
After years of failed talks, both sides",LITERAL
shut the door on,1,"After years of failed talks, both sides decided to shut the door on",DRAFT-needs-2nd-annotator-validation,1.2,3," negotiations. The United States has taken a strong stance against China's growing influence in the South China Sea. The Trump administration has been very vocal about the issue and has made it clear that it will not tolerate China's aggressive behavior in the region.
The",LITERAL
shut the door on,1,"After years of failed talks, both sides decided to shut the door on",DRAFT-needs-2nd-annotator-validation,1.2,4," the negotiations. They will now go their separate ways.
After years of failed talks, both sides decided to shut the door on the negotiations. They will now go their separate ways.
The UK is set to leave the EU on 31 January 202",LITERAL
shut the door on,1,"After years of failed talks, both sides decided to shut the door on",DRAFT-needs-2nd-annotator-validation,2.39,0,". Now the only question is: What happens next?
A decade of talks between the EU and Canada on a new trade deal is set to end. What happens next?
A decade of talks between the EU and Canada on a new trade deal is set",FIGURATIVE
shut the door on,1,"After years of failed talks, both sides decided to shut the door on",DRAFT-needs-2nd-annotator-validation,2.39,1,", but not before the Canadian government announced a plan to keep the border open.
The U.S. and Canada announced Wednesday that the two countries will not be extending the agreement to extend the agreement on softwood lumber.
The agreement, which was signed in",FIGURATIVE
shut the door on,1,"After years of failed talks, both sides decided to shut the door on",DRAFT-needs-2nd-annotator-validation,2.39,2," and move on. It’s no secret that the relationship between the United States and North Korea has been rocky, but that doesn’t mean that they can’t get back to the negotiating table and work things out.
In the past, North Korea has been",LITERAL
shut the door on,1,"After years of failed talks, both sides decided to shut the door on",DRAFT-needs-2nd-annotator-validation,2.39,3,". This leaves a significant gap in the market for a company that is willing to work on the problem. In fact, there is a company that is doing just that. In fact, the company has been working on the problem for the past few months",FIGURATIVE
shut the door on,1,"After years of failed talks, both sides decided to shut the door on",DRAFT-needs-2nd-annotator-validation,2.39,4,".
The U.S. and Iran have formally ended their nuclear negotiations, dealing a major blow to the Biden administration’s efforts to revive a multilateral agreement that would limit Iran’s nuclear program in exchange for sanctions relief.
The U.S. and Iran had",FIGURATIVE
shut the door on,1,"After years of failed talks, both sides decided to shut the door on",DRAFT-needs-2nd-annotator-validation,3.59,0," and move on with their lives.
A recent report from the New York Times confirmed that the Trump administration has decided to end all talks with Iran regarding the Joint Comprehensive Plan of Action (JCPOA) nuclear agreement. The report stated that Trump administration officials",FIGURATIVE
shut the door on,1,"After years of failed talks, both sides decided to shut the door on",DRAFT-needs-2nd-annotator-validation,3.59,1,".
The United States and the European Union have decided to shut the door on any chance of a deal on the Transatlantic Trade and Investment Partnership (TTIP), a trade agreement that could have revolutionized the global economy.
The TTIP, which",FIGURATIVE
shut the door on,1,"After years of failed talks, both sides decided to shut the door on",DRAFT-needs-2nd-annotator-validation,3.59,2,. They didn’t want to waste any more time and resources on it. So they signed a peace treaty with each other. Now they are both enemies of each other. This is the end of the war.,FIGURATIVE
shut the door on,1,"After years of failed talks, both sides decided to shut the door on",DRAFT-needs-2nd-annotator-validation,3.59,3,". The last few weeks of negotiations were marked by the Trump administration’s rejection of any trade deal unless the US won the right to set the rules for China’s investments in the United States. In the end, the two sides failed to reach an agreement",LITERAL
shut the door on,1,"After years of failed talks, both sides decided to shut the door on",DRAFT-needs-2nd-annotator-validation,3.59,4,". The reason for this is that the US has been unwilling to budge on a key issue: the recognition of Jerusalem as Israel’s capital.
US President Donald Trump has been under pressure from Israel, as well as some of his own senior advisors,",FIGURATIVE
shut the door on,1,"After years of failed talks, both sides decided to shut the door on",DRAFT-needs-2nd-annotator-validation,4.78,0,". The Palestinian Authority (PA) and Israel are both blaming the other side for the failure of the talks, which ended without a final agreement, and the collapse of the peace process.
The U.S. administration and the international community are calling on the",FIGURATIVE
shut the door on,1,"After years of failed talks, both sides decided to shut the door on",DRAFT-needs-2nd-annotator-validation,4.78,1,". The White House and the American people are not interested in negotiating with terrorists. And, in the end, it was the terrorists who were the ones who walked away from the negotiating table. They chose to continue their war against the United States. And",FIGURATIVE
shut the door on,1,"After years of failed talks, both sides decided to shut the door on",DRAFT-needs-2nd-annotator-validation,4.78,2,". But that’s not the end of the story. It’s just the beginning.
The government of the United States and the Islamic Republic of Iran reached a deal on nuclear proliferation. In a statement, Iranian Foreign Minister Mohammad Javad Zarif said that",FIGURATIVE
shut the door on,1,"After years of failed talks, both sides decided to shut the door on",DRAFT-needs-2nd-annotator-validation,4.78,3,", with the U.S. and China announcing their decision to walk away from the negotiating table in December 2019.
The trade war between the U.S. and China has been raging for two years. The two countries have imposed a series of tariffs",FIGURATIVE
shut the door on,1,"After years of failed talks, both sides decided to shut the door on",DRAFT-needs-2nd-annotator-validation,4.78,4,". Now, a few days before the deadline, the two sides are meeting to decide whether they want to continue to negotiate.
The EU and the US have reached a trade deal, according to the EU's chief negotiator, Michel Barnier. The",FIGURATIVE
shut the door on,2,"Feeling the draft, Maria hurried to shut the door on",DRAFT-needs-2nd-annotator-validation,-4.78,0," in the bedroom. She knew the boys would be out in the backyard for hours yet and didn't want them to get chilled. She hurried downstairs, her bare feet silent on the hardwood floor. She was in no hurry to face the boys, and",FIGURATIVE
shut the door on,2,"Feeling the draft, Maria hurried to shut the door on",DRAFT-needs-2nd-annotator-validation,-4.78,1," and then locked it. She was a little nervous, and she was glad that the door had a lock. The door was only slightly ajar, but she could still hear the voices from outside. She was surprised that there was a door, but",LITERAL
shut the door on,2,"Feeling the draft, Maria hurried to shut the door on",DRAFT-needs-2nd-annotator-validation,-4.78,2," trap, then walked to the window, she saw the white shirt of the man in front of the door, and then the man’s head was sticking out of the door, and he was looking at the window.
“Who are you?” Maria asked",FIGURATIVE
shut the door on,2,"Feeling the draft, Maria hurried to shut the door on",DRAFT-needs-2nd-annotator-validation,-4.78,3," in her room, and then she made a beeline for the dining room. She knew that when her mother had to cook for the guests, she always went to the dining room to help. The kitchen was where she had been hiding out ever since",FIGURATIVE
shut the door on,2,"Feeling the draft, Maria hurried to shut the door on",DRAFT-needs-2nd-annotator-validation,-4.78,4," the closet. She had been in there for nearly an hour, and the cold was beginning to seep into her bones. She had been searching for the perfect dress for the gala, but all she could find were old gowns that had seen better",FIGURATIVE
shut the door on,2,"Feeling the draft, Maria hurried to shut the door on",DRAFT-needs-2nd-annotator-validation,-3.59,0," the kitchen door. She was glad that the door was wooden, since the plastic doors were much more easily opened by a draft. She put the lid on the pot of beans she was cooking, and returned to the living room. She didn’t want",FIGURATIVE
shut the door on,2,"Feeling the draft, Maria hurried to shut the door on",DRAFT-needs-2nd-annotator-validation,-3.59,1," the back of her house. She could hear the sound of the wind howling, the branches swaying, and the trees cracking. The wind was like a living thing, and it was hungry. It wanted to destroy everything in its path. It",FIGURATIVE
shut the door on,2,"Feeling the draft, Maria hurried to shut the door on",DRAFT-needs-2nd-annotator-validation,-3.59,2," the small window that looked out on the street. Her eyes grew wide as she looked out the window. A large group of men in uniforms were walking up the street, each carrying a large metal object. One of the men was wearing a red cape",FIGURATIVE
shut the door on,2,"Feeling the draft, Maria hurried to shut the door on",DRAFT-needs-2nd-annotator-validation,-3.59,3," the outside. She then grabbed a broom and began sweeping the floor, trying to make the room look tidy. She didn’t know why she was being so eager to clean the place, but she just felt like she had to.
Maria was a",FIGURATIVE
shut the door on,2,"Feeling the draft, Maria hurried to shut the door on",DRAFT-needs-2nd-annotator-validation,-3.59,4," the closet in her bedroom. She had just gotten into bed, and she was trying to fall asleep. Her room was a bit stuffy, and the cool breeze from the closet was a welcome relief.
It was her last week at school. She",FIGURATIVE
shut the door on,2,"Feeling the draft, Maria hurried to shut the door on",DRAFT-needs-2nd-annotator-validation,-2.39,0," her office. She looked around for a pen and paper and found a legal pad on her desk. She took the pad and flipped it over to a clean page. She wrote in big block letters, ""I'm feeling the draft."" She wrote her",FIGURATIVE
shut the door on,2,"Feeling the draft, Maria hurried to shut the door on",DRAFT-needs-2nd-annotator-validation,-2.39,1," her room. She did not want to hear her mother talk about her father. She did not want to see her mother cry. She did not want to hear her mother talk about her father.
Maria had lived with her mother and father for ten years",FIGURATIVE
shut the door on,2,"Feeling the draft, Maria hurried to shut the door on",DRAFT-needs-2nd-annotator-validation,-2.39,2," the way out. When she reached the end of the hall, she turned and looked back. The door was still closed. It was almost as if the door had been waiting for her, like a hand reaching out to stop her from leaving.
She",FIGURATIVE
shut the door on,2,"Feeling the draft, Maria hurried to shut the door on",DRAFT-needs-2nd-annotator-validation,-2.39,3," the front room. She could hear the men outside talking, but she couldn’t make out what they were saying. She wanted to be invisible, to disappear into the walls. The men would be gone in a few minutes, she thought. They were",FIGURATIVE
shut the door on,2,"Feeling the draft, Maria hurried to shut the door on",DRAFT-needs-2nd-annotator-validation,-2.39,4," her way out. She was on her way to the grocery store to pick up some things for dinner. She had to stop at a few places to get the items she needed, but she was determined to get them before the store closed. She knew",FIGURATIVE
shut the door on,2,"Feeling the draft, Maria hurried to shut the door on",DRAFT-needs-2nd-annotator-validation,-1.2,0," her way out. She was in a hurry to get away from the cold and damp of the barn.
“Why didn’t you come down sooner?” she asked as she threw on her coat.
“I was busy helping the boys with the hay,” he",FIGURATIVE
shut the door on,2,"Feeling the draft, Maria hurried to shut the door on",DRAFT-needs-2nd-annotator-validation,-1.2,1," the inside and then pulled the curtain over the window, blocking out the sun.
She’d had a nightmare, she realized, as she sat down on the bed. It had been a dream about a man she had loved, but had been unable to",FIGURATIVE
shut the door on,2,"Feeling the draft, Maria hurried to shut the door on",DRAFT-needs-2nd-annotator-validation,-1.2,2," her way out of the house. She was determined to make the most of the last hours of the summer evening. She had planned to spend the evening in the garden, with her friends, and then take a walk to the beach, where they would",FIGURATIVE
shut the door on,2,"Feeling the draft, Maria hurried to shut the door on",DRAFT-needs-2nd-annotator-validation,-1.2,3," her way out of the house. She was going to be late to work again, and she hated that. She had been getting paid overtime lately, so she was able to buy a few more things for her home, and she really needed to be",FIGURATIVE
shut the door on,2,"Feeling the draft, Maria hurried to shut the door on",DRAFT-needs-2nd-annotator-validation,-1.2,4," her way out the front door. She was so tired of the cold weather, and the snow that had fallen that day. The snow had come in a blizzard, and had covered the ground with a thick layer of white.
The snow was so",FIGURATIVE
shut the door on,2,"Feeling the draft, Maria hurried to shut the door on",DRAFT-needs-2nd-annotator-validation,0.0,0, the wind. It was almost impossible to breathe. She felt as if she were suffocating. The air was so cold. Her teeth were chattering. She was shivering all over. It was almost unbearable. She had never experienced anything like,FIGURATIVE
shut the door on,2,"Feeling the draft, Maria hurried to shut the door on",DRAFT-needs-2nd-annotator-validation,0.0,1," the wind that had blown through the windowless room, and then sat down to her work. Her pen scratched the paper in a steady rhythm, and the sound of it was soothing. She had written the same words again and again, over and over",FIGURATIVE
shut the door on,2,"Feeling the draft, Maria hurried to shut the door on",DRAFT-needs-2nd-annotator-validation,0.0,2," the chilly November wind. She pulled the heavy curtain closed and locked the door. She turned the knob on the stove and adjusted the flame. A few minutes later, she pulled the pot of stew from the stove and set it on the table. Her",FIGURATIVE
shut the door on,2,"Feeling the draft, Maria hurried to shut the door on",DRAFT-needs-2nd-annotator-validation,0.0,3," the cold, damp, early spring morning. The house was small, but it was home, and she would not be going far. Not this morning.
She had come to the city to marry a man she didn’t know. She had never even",FIGURATIVE
shut the door on,2,"Feeling the draft, Maria hurried to shut the door on",DRAFT-needs-2nd-annotator-validation,0.0,4," her sister’s room. She had to admit, however, that it wasn’t the noise of the door that made her nervous. It was the sound of her sister’s sobs.
It was a sound that haunted her still.
Maria sat down on",FIGURATIVE
shut the door on,2,"Feeling the draft, Maria hurried to shut the door on",DRAFT-needs-2nd-annotator-validation,1.2,0," her room. She was not alone in her room. Her friend, the young lady from the next room, was in the room too. They were both hiding from the intruder, the draft. The wind was howling in the night and the",FIGURATIVE
shut the door on,2,"Feeling the draft, Maria hurried to shut the door on",DRAFT-needs-2nd-annotator-validation,1.2,1," her way out. She had to leave the house in a hurry, without saying goodbye to her father. She was supposed to be at work, but she wasn’t feeling well. Her head felt like it was stuffed with cotton, and her stomach was",FIGURATIVE
shut the door on,2,"Feeling the draft, Maria hurried to shut the door on",DRAFT-needs-2nd-annotator-validation,1.2,2," the chilly October night. She pushed her long hair into a ponytail, then pulled on a pair of jeans and a sweatshirt. Her brown eyes widened when she caught sight of her reflection in the mirror. She looked so young, so innocent.",FIGURATIVE
shut the door on,2,"Feeling the draft, Maria hurried to shut the door on",DRAFT-needs-2nd-annotator-validation,1.2,3," her way out of the office. Her boss, the ever-present Mr. Sutherland, was looking over her shoulder, and she had no time to waste. Her eyes met his, and she nodded. He nodded back, but she knew he was",FIGURATIVE
shut the door on,2,"Feeling the draft, Maria hurried to shut the door on",DRAFT-needs-2nd-annotator-validation,1.2,4," her way out. As she reached the bottom step, she turned to look back at her room. “I love you,” she called to the empty room.
As soon as she got to the bottom of the stairs, she realized she was a little",FIGURATIVE
shut the door on,2,"Feeling the draft, Maria hurried to shut the door on",DRAFT-needs-2nd-annotator-validation,2.39,0," her way out of the house. She had a long day ahead of her, and she did not want to be late for her first day of work. She was an administrative assistant for a large company in the city, and she was excited about the",FIGURATIVE
shut the door on,2,"Feeling the draft, Maria hurried to shut the door on",DRAFT-needs-2nd-annotator-validation,2.39,1," her apartment in the city. Her apartment was on the ground floor, and she had a habit of forgetting to lock the door when she left. She was usually home when her brother left for work, but that was not today. He had gone early",FIGURATIVE
shut the door on,2,"Feeling the draft, Maria hurried to shut the door on",DRAFT-needs-2nd-annotator-validation,2.39,2," the wind. She looked up at the blue sky. She had left the door open and the wind had snuck in. She had to get back to work.
Maria had to hurry to finish her work. She was in a rush to get back",FIGURATIVE
shut the door on,2,"Feeling the draft, Maria hurried to shut the door on",DRAFT-needs-2nd-annotator-validation,2.39,3, the draft that was coming from the window. She was a little embarrassed to be sitting in the middle of her living room with her husband in the next room. She had just come from the store with a couple of packages of groceries in her arms and,FIGURATIVE
shut the door on,2,"Feeling the draft, Maria hurried to shut the door on",DRAFT-needs-2nd-annotator-validation,2.39,4," her way to the shower. She didn't want to be late for her shift at the library. She had been on her feet all day, and now she wanted to be home and in bed as soon as possible. She took off her clothes and",FIGURATIVE
shut the door on,2,"Feeling the draft, Maria hurried to shut the door on",DRAFT-needs-2nd-annotator-validation,3.59,0,". She didn’t want the cat to escape again, and she didn’t want to be bothered by him. She had been bothered by him enough. She hadn’t thought she’d have to put up with him again, not after the first time he",FIGURATIVE
shut the door on,2,"Feeling the draft, Maria hurried to shut the door on",DRAFT-needs-2nd-annotator-validation,3.59,1,". She had been in the process of getting ready to go out, but now she hurried to finish. She could feel the cool air on her skin as she stepped out of the shower, and she shivered. She wanted to get dressed quickly,",FIGURATIVE
shut the door on,2,"Feeling the draft, Maria hurried to shut the door on",DRAFT-needs-2nd-annotator-validation,3.59,2,". As she did so, she realized she was a little breathless. She took a few deep breaths to steady her heart. When she had, she turned to look at the door and was surprised to see that it had opened again, this",FIGURATIVE
shut the door on,2,"Feeling the draft, Maria hurried to shut the door on",DRAFT-needs-2nd-annotator-validation,3.59,3,. She was so excited about the party that she’d forgotten to close the window. She looked down at the red dress she’d borrowed from her best friend. It was so short that she had to lift the hem of her skirt to keep it from,LITERAL
shut the door on,2,"Feeling the draft, Maria hurried to shut the door on",DRAFT-needs-2nd-annotator-validation,3.59,4,".
He's been in a draft for a long time.
A draft is a hole in the ground.
The city is drafting a new plan.
She was drafted into the army.
I got drafted into the army.
They drafted her into the army.
",INCOHERENT
shut the door on,2,"Feeling the draft, Maria hurried to shut the door on",DRAFT-needs-2nd-annotator-validation,4.78,0,". She knew that the door wasn't really the problem, but she couldn't think of anything else to do. She tried to remember the last time she'd had a cold. It had been three years ago, and she'd been out of town",FIGURATIVE
shut the door on,2,"Feeling the draft, Maria hurried to shut the door on",DRAFT-needs-2nd-annotator-validation,4.78,1,", and was just in time to see the man she had been so keen to avoid walk into the next room.
She knew the look of disappointment in his eyes when he saw her. The look said, ‘I had hoped for someone else.’
",LITERAL
shut the door on,2,"Feeling the draft, Maria hurried to shut the door on",DRAFT-needs-2nd-annotator-validation,4.78,2,". The wind was howling outside. She’d been running errands and had been outside for a while. The wind had gotten colder as the day wore on. It was definitely getting colder, she thought.
Maria was dressed in a thick sweater and",FIGURATIVE
shut the door on,2,"Feeling the draft, Maria hurried to shut the door on",DRAFT-needs-2nd-annotator-validation,4.78,3,". ""It's not that I don't love you, darling,"" she said, ""but I just want you to know that I can't keep a man in my life without being a mother to him. I'm just not built that way.",FIGURATIVE
shut the door on,2,"Feeling the draft, Maria hurried to shut the door on",DRAFT-needs-2nd-annotator-validation,4.78,4,". She was in the middle of an important conversation with her father, and the last thing she needed was for him to hear whatever she was about to say. She glanced at the door, making sure it was closed before she turned back to him.
",FIGURATIVE
under the sun,1,The old professor claimed to have seen everything under the sun,DRAFT-needs-2nd-annotator-validation,-4.78,0," trees, but he had never seen a monkey like the one in the cage. This one had an expression on its face that seemed to say, ""The monkey is me. I am the monkey. And I am not so sure that I like it",LITERAL
under the sun,1,The old professor claimed to have seen everything under the sun,DRAFT-needs-2nd-annotator-validation,-4.78,1,"’s light. And he had. He had seen the light of the day and the light of the moon, the light of the sun and the light of the stars. He had seen the light of the night and the light of the dawn. He",FIGURATIVE
under the sun,1,The old professor claimed to have seen everything under the sun,DRAFT-needs-2nd-annotator-validation,-4.78,2," of the sky, and he was a great lover of the sky.
He was a man who had the ability to see things that others could not see, and he had the ability to understand the secrets of the universe.
But he was also a man",LITERAL
under the sun,1,The old professor claimed to have seen everything under the sun,DRAFT-needs-2nd-annotator-validation,-4.78,3,"'s sun, but he was wrong. It wasn't until he saw the woman that he realized he had never seen anything like her.
The professor was a man of science, and his eyes were wide open when he first laid eyes on the woman.",FIGURATIVE
under the sun,1,The old professor claimed to have seen everything under the sun,DRAFT-needs-2nd-annotator-validation,-4.78,4," of the sky, and the only thing that he had not seen was a man who was not in his grave. When he was asked to explain this, he said that he had never met a man who was not in his grave.
The professor was",LITERAL
under the sun,1,The old professor claimed to have seen everything under the sun,DRAFT-needs-2nd-annotator-validation,-3.59,0,". He had the most fascinating stories. He would get into a conversation with you, and before you knew it, you were his student, and he had your full attention. His stories were so captivating that you didn’t realize you had been listening to",FIGURATIVE
under the sun,1,The old professor claimed to have seen everything under the sun,DRAFT-needs-2nd-annotator-validation,-3.59,1," of the moon, and he knew that he had not told the whole truth. He had seen a great many things under the moon, but he had not seen everything. There were still a few things to be seen, and he was anxious to see",FIGURATIVE
under the sun,1,The old professor claimed to have seen everything under the sun,DRAFT-needs-2nd-annotator-validation,-3.59,2," of the sky. But one day, he saw something that even he was surprised.
The old professor was surprised to see the girl sitting in the field. She was sitting on a rock in the middle of the field. She was wearing a very beautiful",FIGURATIVE
under the sun,1,The old professor claimed to have seen everything under the sun,DRAFT-needs-2nd-annotator-validation,-3.59,3," in his life. He had also seen the most horrible things. He was not a man who was frightened easily.
The professor had been at the center of an investigation into a series of murders. He had testified in court against the defendant, who had",FIGURATIVE
under the sun,1,The old professor claimed to have seen everything under the sun,DRAFT-needs-2nd-annotator-validation,-3.59,4,".
The old professor claimed to have seen everything under the sun, so he was very excited when he saw a snake coming out of the sun. He ran away as fast as he could.
He ran so fast that he fell off the cliff.
The",INCOHERENT
under the sun,1,The old professor claimed to have seen everything under the sun,DRAFT-needs-2nd-annotator-validation,-2.39,0,", and yet, his eyes could not stop looking at the mysterious objects that were on the ground. The professor was not the only one who was in awe of the mysterious objects, as everyone else was looking at them with interest. The professor was so",FIGURATIVE
under the sun,1,The old professor claimed to have seen everything under the sun,DRAFT-needs-2nd-annotator-validation,-2.39,1,. He had a very extensive collection of all kinds of things. He was a very nice person. He had a lot of good friends. He loved his wife. He had a very nice house. He had a lot of money. He had a,FIGURATIVE
under the sun,1,The old professor claimed to have seen everything under the sun,DRAFT-needs-2nd-annotator-validation,-2.39,2,". And he has seen everything under the sun. But he has never seen anything like this.
The old professor claimed to have seen everything under the sun. And he has seen everything under the sun. But he has never seen anything like this.
The",FIGURATIVE
under the sun,1,The old professor claimed to have seen everything under the sun,DRAFT-needs-2nd-annotator-validation,-2.39,3,". He has seen the sun, the moon, the stars, and the night. He has seen the sea, the mountains, the rivers, and the forests. He has seen the earth, the sky, the air, and the clouds. He",LITERAL
under the sun,1,The old professor claimed to have seen everything under the sun,DRAFT-needs-2nd-annotator-validation,-2.39,4," in his long life, but he had never seen anything like the giant that was approaching the village. He had no idea what the creature was, but he was sure that he had never seen anything like it in his life. It was like a huge",UNPARSEABLE
under the sun,1,The old professor claimed to have seen everything under the sun,DRAFT-needs-2nd-annotator-validation,-1.2,0,", but this was not so. He had never seen anything like this. He looked at the three of them, and then at the girl, who was looking back at him with a curious smile.
“You can’t stay here,” the professor said.",FIGURATIVE
under the sun,1,The old professor claimed to have seen everything under the sun,DRAFT-needs-2nd-annotator-validation,-1.2,1," and was always right. But this time, he was wrong.
The old professor was the most respected man in the town. He was a wise man, who had seen many things in his life. He was always right, but this time he was",FIGURATIVE
under the sun,1,The old professor claimed to have seen everything under the sun,DRAFT-needs-2nd-annotator-validation,-1.2,2," and moon, and that was true. He had seen more than a few things, but he had not seen the likes of the things he was seeing now. The young man was a real charmer, a man who knew how to get to a",LITERAL
under the sun,1,The old professor claimed to have seen everything under the sun,DRAFT-needs-2nd-annotator-validation,-1.2,3,". He had read about the people of his tribe in the old books of the missionaries. He knew their customs and beliefs, and he had studied the various religions of the world. He was an old man, and he was very wise. He had",FIGURATIVE
under the sun,1,The old professor claimed to have seen everything under the sun,DRAFT-needs-2nd-annotator-validation,-1.2,4,". The young professor was just starting to see things.
The old professor claimed to have seen everything under the sun. The young professor was just starting to see things.
The old professor claimed to have seen everything under the sun. The young professor was just",FIGURATIVE
under the sun,1,The old professor claimed to have seen everything under the sun,DRAFT-needs-2nd-annotator-validation,0.0,0,", but when it came to the new generation of music, he couldn't see anything but the worst. His eyes were fixed on the past, and he had no patience for the future. He was a man who hated change, and he hated the",FIGURATIVE
under the sun,1,The old professor claimed to have seen everything under the sun,DRAFT-needs-2nd-annotator-validation,0.0,1,". But he hadn’t seen this.
The professor had been asked to deliver a lecture to his students on the subject of “Life.” He knew that his lecture would be recorded and that the recording would be viewed by thousands of people. The professor decided",LITERAL
under the sun,1,The old professor claimed to have seen everything under the sun,DRAFT-needs-2nd-annotator-validation,0.0,2,". He was an expert on all things. He had a lot of experience and knew a lot about the world. He had lived a long time, so he had seen a lot of things. He had a lot of wisdom.",FIGURATIVE
under the sun,1,The old professor claimed to have seen everything under the sun,DRAFT-needs-2nd-annotator-validation,0.0,3, and yet was still shocked at the sight of a 14-year-old girl who had been sent to prison for 2 years. The professor’s daughter was just 14 years old when she was sent to prison for 2 years for stealing 20,LITERAL
under the sun,1,The old professor claimed to have seen everything under the sun,DRAFT-needs-2nd-annotator-validation,0.0,4,", but was amazed at what he saw in the new world. The old professor claimed to have seen everything under the sun, but was amazed at what he saw in the new world.
The old professor claimed to have seen everything under the sun, but",FIGURATIVE
under the sun,1,The old professor claimed to have seen everything under the sun,DRAFT-needs-2nd-annotator-validation,1.2,0,". He was a man of the world, who had lived to the full, and who knew that the world was not all good. But he had never seen anything like this.
He was a man of the world, who had lived to the full",FIGURATIVE
under the sun,1,The old professor claimed to have seen everything under the sun,DRAFT-needs-2nd-annotator-validation,1.2,1,", but the truth is that there is always something new. The same can be said for the world of online casinos. The market is constantly changing and developing, and as soon as you think you have it all figured out, something new comes along that",FIGURATIVE
under the sun,1,The old professor claimed to have seen everything under the sun,DRAFT-needs-2nd-annotator-validation,1.2,2,". But even he was stunned by the incredible news that he received in the post.
An elderly professor at a prestigious university was known to have seen and heard everything. He had a keen mind, a sharp wit and an active interest in all aspects of",FIGURATIVE
under the sun,1,The old professor claimed to have seen everything under the sun,DRAFT-needs-2nd-annotator-validation,1.2,3,". He said he had been in the field for 40 years, but there was still something he had not seen. He told his students that he would retire in three years. But three years later, he said he would still retire, and that",UNPARSEABLE
under the sun,1,The old professor claimed to have seen everything under the sun,DRAFT-needs-2nd-annotator-validation,1.2,4,". Yet when he was asked about his favorite thing, he couldn’t come up with an answer.
The old professor claimed to have seen everything under the sun. Yet when he was asked about his favorite thing, he couldn’t come up with an answer",LITERAL
under the sun,1,The old professor claimed to have seen everything under the sun,DRAFT-needs-2nd-annotator-validation,2.39,0,". After a long, careful look, he said, “This is the most beautiful sight I have ever seen!” He turned to his students and said, “Let us all go to the window. Let us all look at this beautiful sight!” The",FIGURATIVE
under the sun,1,The old professor claimed to have seen everything under the sun,DRAFT-needs-2nd-annotator-validation,2.39,1,", but it was not until he saw a 12-year-old girl on the street in a black dress and with a white carnation in her hair that he realized that he had never seen anything like it. He asked the girl to sit down and",LITERAL
under the sun,1,The old professor claimed to have seen everything under the sun,DRAFT-needs-2nd-annotator-validation,2.39,2,. But his claim was in vain. He had never seen anything like the new discovery of a young man with a strange disease. The professor was so fascinated by the discovery that he decided to make a study of it. He kept the young man in,LITERAL
under the sun,1,The old professor claimed to have seen everything under the sun,DRAFT-needs-2nd-annotator-validation,2.39,3,". The young professor was about to find out otherwise.
Professor X was a master of the martial arts. He was also a man who had seen it all. He had seen it all in the martial arts, that is.
But there was one thing",LITERAL
under the sun,1,The old professor claimed to have seen everything under the sun,DRAFT-needs-2nd-annotator-validation,2.39,4,", and this was no exception. It was a little disappointing that the story wasn’t any more interesting than a typical ghost story, but then again, I guess it was pretty much a ghost story. It was a good one, though, and I",FIGURATIVE
under the sun,1,The old professor claimed to have seen everything under the sun,DRAFT-needs-2nd-annotator-validation,3.59,0,", and I could not wait to hear what he had to say. “I have seen the best and the worst of humanity,” he said. “I have seen a man who was once a professor of philosophy, but who now works as a dishwasher",FIGURATIVE
under the sun,1,The old professor claimed to have seen everything under the sun,DRAFT-needs-2nd-annotator-validation,3.59,1,". He had been a professor of political science at the University of Illinois for decades and he had lived in many countries. He had seen the fall of the Berlin Wall, the collapse of the Soviet Union, and the rise of the EU. He had",LITERAL
under the sun,1,The old professor claimed to have seen everything under the sun,DRAFT-needs-2nd-annotator-validation,3.59,2,", and he was a master of the subject. He had been a student of the game in his youth and he had played it well. He was a man of experience and he knew the game as well as any man could know it.
He was",UNPARSEABLE
under the sun,1,The old professor claimed to have seen everything under the sun,DRAFT-needs-2nd-annotator-validation,3.59,3,". I was to be his last student, and he was certain to have something to teach me.
He began his lecture with a detailed history of the development of the subject, and I listened attentively. I wanted to be a good student. The",LITERAL
under the sun,1,The old professor claimed to have seen everything under the sun,DRAFT-needs-2nd-annotator-validation,3.59,4,". He was a little off his rocker, but I had to give him credit for his candor. I was there at the time.
He was one of the few who had witnessed the events of the day. The day the world was rocked.",LITERAL
under the sun,1,The old professor claimed to have seen everything under the sun,DRAFT-needs-2nd-annotator-validation,4.78,0," when it came to the workings of the human mind. The young woman, however, was not convinced by this. She was convinced that her mind could work even better than the old professor. She had a plan to prove it. She had an idea",FIGURATIVE
under the sun,1,The old professor claimed to have seen everything under the sun,DRAFT-needs-2nd-annotator-validation,4.78,1,", but what he really saw was nothing. A void. A place where the dead were kept. A place where the future was kept. A place where the future was kept in a box.
The professor was not the only one who saw the box",FIGURATIVE
under the sun,1,The old professor claimed to have seen everything under the sun,DRAFT-needs-2nd-annotator-validation,4.78,2,". His students were not convinced and tried to prove him wrong. This is the story of how they did it.
When I was 11, I was given a book called ""The Science of the Impossible"". It was the story of a professor who",LITERAL
under the sun,1,The old professor claimed to have seen everything under the sun,DRAFT-needs-2nd-annotator-validation,4.78,3,". He was a man who had been in the business for a long time, and he had seen the good and the bad. He had been through the best and the worst, and he knew all about it. He had been in the thick of",FIGURATIVE
under the sun,1,The old professor claimed to have seen everything under the sun,DRAFT-needs-2nd-annotator-validation,4.78,4,", but he never told me that I would be able to get away with such a blatant lie. He claimed that a lot of people die on the streets of this city, and that there were many more people than the official statistics showed. He said",FIGURATIVE
under the sun,2,The lizards spent the whole afternoon basking under the sun,DRAFT-needs-2nd-annotator-validation,-4.78,0," leaves, and then came out to bask under the sun.
The sun was very warm, and the lizards were very happy to be out in the sun.
The lizards were so happy that they even forgot to be afraid of the people who",LITERAL
under the sun,2,The lizards spent the whole afternoon basking under the sun,DRAFT-needs-2nd-annotator-validation,-4.78,1," shade in the sun. I thought they are enjoying the sun. But as I was going to leave the place, they all started moving towards the water. They were moving slowly, as if they were drunk. They were all moving towards the water,",FIGURATIVE
under the sun,2,The lizards spent the whole afternoon basking under the sun,DRAFT-needs-2nd-annotator-validation,-4.78,2," in the shade of the trees, before taking their turn to bask in the sun and swim in the pool. It was a perfect day!
In the evening, the sun was still out, so we decided to have a BBQ on the beach,",LITERAL
under the sun,2,The lizards spent the whole afternoon basking under the sun,DRAFT-needs-2nd-annotator-validation,-4.78,3," in the hot sun. When the sun was setting, the lizards got ready for the night.
The lizards climbed the tree to hide themselves from the predators. They did not know that they would be attacked by the bird.
The bird swooped",LITERAL
under the sun,2,The lizards spent the whole afternoon basking under the sun,DRAFT-needs-2nd-annotator-validation,-4.78,4," shade and I spent the whole afternoon taking pictures of them.
I love their bright colors and their interesting patterns. They are a fascinating creature.
They are also very friendly. When I was taking pictures of them, they would come closer and closer to me",UNPARSEABLE
under the sun,2,The lizards spent the whole afternoon basking under the sun,DRAFT-needs-2nd-annotator-validation,-3.59,0," of the sunshade, enjoying the heat. It was an idyllic scene, but unfortunately not for long. I had to take them back into the house. The lizards were quite happy, and seemed to enjoy the attention, but then they",FIGURATIVE
under the sun,2,The lizards spent the whole afternoon basking under the sun,DRAFT-needs-2nd-annotator-validation,-3.59,1," shade, and I spent the whole afternoon taking photos of them. A lizard is a lizard is a lizard, right? They look the same from the front, so I can take photos of one and just replace the lizard with the other, right?
",LITERAL
under the sun,2,The lizards spent the whole afternoon basking under the sun,DRAFT-needs-2nd-annotator-validation,-3.59,2, of the hot sun. I was in the room looking out of the window. I could see the lizards basking under the sun. The sun was setting. The lizards were moving away. I could see the sun setting and the sky was,FIGURATIVE
under the sun,2,The lizards spent the whole afternoon basking under the sun,DRAFT-needs-2nd-annotator-validation,-3.59,3, of the sun. It was a great day for a lizard. There was a cool breeze and the sun was out. The sun shone on the lizard's skin and the lizard felt warm and happy. The lizard was happy because it was warm and,LITERAL
under the sun,2,The lizards spent the whole afternoon basking under the sun,DRAFT-needs-2nd-annotator-validation,-3.59,4," of the sun, the sun of the sun.
I don’t know how to say “sun” in Thai.
The sun of the sun is a very important thing in Thailand. It is not only important for the people, but also for the l",INCOHERENT
under the sun,2,The lizards spent the whole afternoon basking under the sun,DRAFT-needs-2nd-annotator-validation,-2.39,0,", and then they went into the shade. It was too hot for them to be out in the sun all day, so they moved into the shade to cool down. Then they went back to the sun to warm up again. This cycle continued throughout",FIGURATIVE
under the sun,2,The lizards spent the whole afternoon basking under the sun,DRAFT-needs-2nd-annotator-validation,-2.39,1,". The heat of the sun was unbearable, but the lizards did not care. They basked on the hot rocks until the sun went down. When the sun went down, the lizards went back to the trees to rest.
The l",FIGURATIVE
under the sun,2,The lizards spent the whole afternoon basking under the sun,DRAFT-needs-2nd-annotator-validation,-2.39,2," in the sun, the temperature was 40 degrees, and the sunshine was very good, and the wind was very good. I went to the hotel to have a meal, and the chef prepared a delicious meal for me. I was very happy.",LITERAL
under the sun,2,The lizards spent the whole afternoon basking under the sun,DRAFT-needs-2nd-annotator-validation,-2.39,3, in the garden. This is what they did for the rest of the afternoon. The rest of the afternoon was spent basking under the sun. This is what they did for the rest of the afternoon.,LITERAL
under the sun,2,The lizards spent the whole afternoon basking under the sun,DRAFT-needs-2nd-annotator-validation,-2.39,4," in the middle of the road. I was tempted to stop and take a photo, but I thought better of it and just drove on.
The lizards spent the whole afternoon basking under the sun in the middle of the road. I was tempted",FIGURATIVE
under the sun,2,The lizards spent the whole afternoon basking under the sun,DRAFT-needs-2nd-annotator-validation,-1.2,0,", and a lot of them went into the water, but we did not see any of them eating anything. We were also surprised to see a big tortoise walking on the beach. We are not sure what kind of turtle this is, but it",LITERAL
under the sun,2,The lizards spent the whole afternoon basking under the sun,DRAFT-needs-2nd-annotator-validation,-1.2,1," and getting ready for the summer.
The lizard was basking in the sun, and it was so hot.
The lizard was basking in the sun, and it was so hot.",FIGURATIVE
under the sun,2,The lizards spent the whole afternoon basking under the sun,DRAFT-needs-2nd-annotator-validation,-1.2,2,". They would just sit there and enjoy the sun and the warmth. Sometimes, when the sun was very hot, they would go to the water and drink water. When the sun was not too hot, they would just sit there and enjoy the sun",FIGURATIVE
under the sun,2,The lizards spent the whole afternoon basking under the sun,DRAFT-needs-2nd-annotator-validation,-1.2,3,". They are so cute. I wish I could bring them home.
I love the lizards, they are so cute. I wish I could bring them home too.",FIGURATIVE
under the sun,2,The lizards spent the whole afternoon basking under the sun,DRAFT-needs-2nd-annotator-validation,-1.2,4,. I was in the garden when I noticed a lizard lying under the sun. He was so beautiful and calm. I took out my camera and started to photograph him. He was so beautiful with his bright green scales and his yellow eyes. He was,LITERAL
under the sun,2,The lizards spent the whole afternoon basking under the sun,DRAFT-needs-2nd-annotator-validation,0.0,0," in the grass and hiding in the holes in the ground. It was a beautiful sunny day, and they had a great time. I had a great time watching them. It was a perfect day.",LITERAL
under the sun,2,The lizards spent the whole afternoon basking under the sun,DRAFT-needs-2nd-annotator-validation,0.0,1,", and I was not allowed to disturb them. I had to be content with the two lizards who had come to drink water from the pond. The sun was so bright that the photos are not very good.
I took some photos of the two",LITERAL
under the sun,2,The lizards spent the whole afternoon basking under the sun,DRAFT-needs-2nd-annotator-validation,0.0,2,", but as the sun began to set, they all started to move to their roosting places. The lizards were quite content, and they continued to enjoy the warm, dry weather.
But as the night fell, the weather started to change",FIGURATIVE
under the sun,2,The lizards spent the whole afternoon basking under the sun,DRAFT-needs-2nd-annotator-validation,0.0,3,". They were so happy that they didn’t notice that their favorite tree was being eaten by a tree frog. The tree frog ate the leaves of the tree and the lizards started to worry about the future of their home.
One day, a group",LITERAL
under the sun,2,The lizards spent the whole afternoon basking under the sun,DRAFT-needs-2nd-annotator-validation,0.0,4,", as they are doing in this picture. The lizards are basking in the sun to absorb heat and warm up. It is very important for them to absorb as much heat as they can, because they need to stay warm all day long.",LITERAL
under the sun,2,The lizards spent the whole afternoon basking under the sun,DRAFT-needs-2nd-annotator-validation,1.2,0,". I couldn’t help but take a photo of this lizard, as I was wondering how come it was able to stay out of the sun for such a long time. The answer is simple: the lizards have a special layer of fat that is",LITERAL
under the sun,2,The lizards spent the whole afternoon basking under the sun,DRAFT-needs-2nd-annotator-validation,1.2,1,".
A. true
B. false
Answer: A",FIGURATIVE
under the sun,2,The lizards spent the whole afternoon basking under the sun,DRAFT-needs-2nd-annotator-validation,1.2,2,", and I have to say they were quite a sight. They were just lying there in the most beautiful positions, and you could just imagine that they were posing for a painting.
I took a few shots of them, but I didn’t want to",UNPARSEABLE
under the sun,2,The lizards spent the whole afternoon basking under the sun,DRAFT-needs-2nd-annotator-validation,1.2,3,. It was a great day. It was great to see the lizards out and about. It was great to see them basking in the sun. It was great to see the sun shining so bright. It was great to see the grass so,LITERAL
under the sun,2,The lizards spent the whole afternoon basking under the sun,DRAFT-needs-2nd-annotator-validation,1.2,4,". I love it when they do that. When I took this photo, it was a little past noon.
There are some days when I am not so productive. I don’t really know why. Sometimes, it’s because I have a lot of",FIGURATIVE
under the sun,2,The lizards spent the whole afternoon basking under the sun,DRAFT-needs-2nd-annotator-validation,2.39,0,", but at the end of the day they were all fast asleep on the roof of the house. It was nice to see them doing what they do best!
I love that you have your camera and lens ready for the lizards to get their ",UNPARSEABLE
under the sun,2,The lizards spent the whole afternoon basking under the sun,DRAFT-needs-2nd-annotator-validation,2.39,1,". I was just getting ready to leave, when I heard a loud thud and looked up to see a big lizard lying on the ground. It was still moving and it looked as if it was trying to climb up the tree. It seemed to",LITERAL
under the sun,2,The lizards spent the whole afternoon basking under the sun,DRAFT-needs-2nd-annotator-validation,2.39,2,", and the most active of the lot was a gecko that seemed to be a bit of a show-off. It would climb up on the wall and then run back down it, and then repeat the process, over and over again, until it",FIGURATIVE
under the sun,2,The lizards spent the whole afternoon basking under the sun,DRAFT-needs-2nd-annotator-validation,2.39,3,", even though it was raining. I was walking on the road from the village to the lake and suddenly I saw a snake, a long one, crossing the road. I was really surprised and I stopped to take a look. The snake was crossing",LITERAL
under the sun,2,The lizards spent the whole afternoon basking under the sun,DRAFT-needs-2nd-annotator-validation,2.39,4,". We spent most of the afternoon watching them bask. They are so photogenic. The one on the right is the largest one of the four.
The one on the left is the smallest of the four. It is a male, and I",FIGURATIVE
under the sun,2,The lizards spent the whole afternoon basking under the sun,DRAFT-needs-2nd-annotator-validation,3.59,0,".
The lizard climbed on the wall.
The lizard was a snake.
The lizard is in the water.
The lizard is a snake.
The lizard is in the water.",INCOHERENT
under the sun,2,The lizards spent the whole afternoon basking under the sun,DRAFT-needs-2nd-annotator-validation,3.59,1,", with the sun shining on them for the entire time. At least, they did until the afternoon thunderstorm came by, which brought them to shelter under the nearest rock.
It was a rather strange scene, as they were all lined up in a",FIGURATIVE
under the sun,2,The lizards spent the whole afternoon basking under the sun,DRAFT-needs-2nd-annotator-validation,3.59,2,. I found a few that were still out and about but they were very difficult to get close to. The weather was overcast and a bit drizzly but the sun came out for a few minutes and I was able to get some good shots.,FIGURATIVE
under the sun,2,The lizards spent the whole afternoon basking under the sun,DRAFT-needs-2nd-annotator-validation,3.59,3,".
The lizards spent the whole afternoon basking under the sun.
The lizards spent the whole afternoon basking under the sun.
The lizards spent the whole afternoon basking under the sun.
The lizards spent the whole afternoon basking under",FIGURATIVE
under the sun,2,The lizards spent the whole afternoon basking under the sun,DRAFT-needs-2nd-annotator-validation,3.59,4,". They basked in the sun, and they basked in the shade, and they basked in the rain, and they basked in the fog. They basked all the time, and they basked all",FIGURATIVE
under the sun,2,The lizards spent the whole afternoon basking under the sun,DRAFT-needs-2nd-annotator-validation,4.78,0,", but they didn't make any move to leave the rock. When I was walking by, I noticed that they were in the same spot and they were still basking in the sun. I was curious to know why they didn't move. I",FIGURATIVE
under the sun,2,The lizards spent the whole afternoon basking under the sun,DRAFT-needs-2nd-annotator-validation,4.78,1,". They were so relaxed they didn’t even bother to move when we approached. I took a few shots, but it was clear that they were more interested in the sun than in being photographed.",FIGURATIVE
under the sun,2,The lizards spent the whole afternoon basking under the sun,DRAFT-needs-2nd-annotator-validation,4.78,2,".
What will happen if they spent the whole afternoon basking under the sun?
A. They will die.
B. They will get sunburned.
Answer: B
Explanation: Underline the verb in the sentence. The verb is the main",UNPARSEABLE
under the sun,2,The lizards spent the whole afternoon basking under the sun,DRAFT-needs-2nd-annotator-validation,4.78,3,", and I was glad I had my long lenses with me, to capture their every move.
The lizards are all very different, with their own unique personalities.
The lizards are all very different, with their own unique personalities. Some are more",FIGURATIVE
under the sun,2,The lizards spent the whole afternoon basking under the sun,DRAFT-needs-2nd-annotator-validation,4.78,4,".
The lizards basked all afternoon.
The lizards basked all day.
The lizards basked all day long.
The lizards basked all day long in the sun.
The lizards basked all day",LITERAL
take a bow,1,"As the applause grew, the violinist stepped forward to take a bow",DRAFT-needs-2nd-annotator-validation,-4.78,0," from the hands of the man in the wheelchair. He then took the bow from the violinist and bowed back.
The audience broke into applause, then applause turned into prolonged, thunderous applause as the man in the wheelchair began to weep. The",LITERAL
take a bow,1,"As the applause grew, the violinist stepped forward to take a bow",DRAFT-needs-2nd-annotator-validation,-4.78,1,"stick and bow from the audience and started playing. The orchestra began to play and the musicians continued to play. The violinist continued to play until the applause stopped. Then he stopped playing, sat down, and waited for the applause to start again.
",FIGURATIVE
take a bow,1,"As the applause grew, the violinist stepped forward to take a bow",DRAFT-needs-2nd-annotator-validation,-4.78,2," from the floor. He bowed to the audience and took his place on the stage.
A violinist was sitting in a train going from Warsaw to Krakow. He had a violin in a case, and was playing a violin concerto.
He was",INCOHERENT
take a bow,1,"As the applause grew, the violinist stepped forward to take a bow",DRAFT-needs-2nd-annotator-validation,-4.78,3," and bow and the applause grew even louder. He had begun to play the violin with the orchestra and the applause grew even louder. He had begun to play the violin with the orchestra and the applause grew even louder.
He had begun to play the violin",FIGURATIVE
take a bow,1,"As the applause grew, the violinist stepped forward to take a bow",DRAFT-needs-2nd-annotator-validation,-4.78,4," from the violinist and placed it in the hands of the pianist. The pianist opened the music and the violinist placed the bow on the strings. He then looked at the pianist and smiled.
The pianist took a deep breath and",FIGURATIVE
take a bow,1,"As the applause grew, the violinist stepped forward to take a bow",DRAFT-needs-2nd-annotator-validation,-3.59,0," from a young boy, who had been sitting alone in the front row. The violinist then began to play a melody so pure and beautiful that it brought tears to many in the audience. He continued to play for about an hour, and then he",FIGURATIVE
take a bow,1,"As the applause grew, the violinist stepped forward to take a bow",DRAFT-needs-2nd-annotator-validation,-3.59,1," from the audience and began to play. I was deeply moved, and in my heart I knew I was not alone.
I saw that the applause was not only for the violinist, but for the fact that the music was played so beautifully. I",FIGURATIVE
take a bow,1,"As the applause grew, the violinist stepped forward to take a bow",DRAFT-needs-2nd-annotator-validation,-3.59,2," from her violin case, and the audience fell silent. She pulled the bow across the strings, and the sound that came out was unlike anything any of the audience had ever heard. It was haunting, and beautiful, and magical. It was the sound",FIGURATIVE
take a bow,1,"As the applause grew, the violinist stepped forward to take a bow",DRAFT-needs-2nd-annotator-validation,-3.59,3," that was passed to him. The bow was passed from one to another until it reached the conductor who took it from the bow of the last person and began to conduct the orchestra. As the music started, the violinist watched the conductor. As the",FIGURATIVE
take a bow,1,"As the applause grew, the violinist stepped forward to take a bow",DRAFT-needs-2nd-annotator-validation,-3.59,4," bow. The violinist was dressed in black, and a black bow was also used. It is a bow that is made of ebony, and the bow is very smooth. The violinist then began to play the first movement of the violin concerto",FIGURATIVE
take a bow,1,"As the applause grew, the violinist stepped forward to take a bow",DRAFT-needs-2nd-annotator-validation,-2.39,0," and a flower, but he didn't say anything. He just smiled and kept playing.
The applause increased with each passing second and the violinist continued to play. He took another bow and the applause continued. Finally, the applause died down.
The",FIGURATIVE
take a bow,1,"As the applause grew, the violinist stepped forward to take a bow",DRAFT-needs-2nd-annotator-validation,-2.39,1," from the crowd. He had just played a song that had been written and sung by the woman in the wheelchair. It was her song, and she had given him the music as a gift.
The violinist said, “I would like to share",LITERAL
take a bow,1,"As the applause grew, the violinist stepped forward to take a bow",DRAFT-needs-2nd-annotator-validation,-2.39,2," and give it to the young girl, who began to play. The violinist started to play and the young girl followed. The violinist began to play some chords, and the young girl started to play some notes. Then the violinist began to",FIGURATIVE
take a bow,1,"As the applause grew, the violinist stepped forward to take a bow",DRAFT-needs-2nd-annotator-validation,-2.39,3," from the audience. Then he put the bow on the violin and began to play. He played a soft, sweet melody. The audience clapped in time to the music. When he finished, the violinist put the bow on the violin and stepped",FIGURATIVE
take a bow,1,"As the applause grew, the violinist stepped forward to take a bow",DRAFT-needs-2nd-annotator-validation,-2.39,4," from the audience, and the orchestra played the first movement of Beethoven’s violin concerto. He played with such passion and virtuosity that it seemed he was not only playing the violin but also telling a story. The music was so beautiful that",FIGURATIVE
take a bow,1,"As the applause grew, the violinist stepped forward to take a bow",DRAFT-needs-2nd-annotator-validation,-1.2,0,". He stood there, bow in hand, looking out at the crowd. His eyes were closed. His breathing had changed. His body was relaxed. The violin was silent. He continued to stand there for a moment, bowing and receiving the applause",FIGURATIVE
take a bow,1,"As the applause grew, the violinist stepped forward to take a bow",DRAFT-needs-2nd-annotator-validation,-1.2,1," from the conductor. The audience rose and clapped. He was a virtuoso. He was a maestro. He was a genius.
But, he was not the conductor.
He was the violinist.",LITERAL
take a bow,1,"As the applause grew, the violinist stepped forward to take a bow",DRAFT-needs-2nd-annotator-validation,-1.2,2,", but he was then met by a collective gasp from the audience. Instead of taking a bow, the violinist removed his jacket, rolled up his sleeves, and began to play the violin shirtless.
The audience was stunned. But, as",FIGURATIVE
take a bow,1,"As the applause grew, the violinist stepped forward to take a bow",DRAFT-needs-2nd-annotator-validation,-1.2,3," and then, holding the violin to his shoulder, walked down the aisle of the church.
The violinist stood and faced the audience. He held his violin and began to play a melody for all to hear. The music was beautiful. A beautiful melody",FIGURATIVE
take a bow,1,"As the applause grew, the violinist stepped forward to take a bow",DRAFT-needs-2nd-annotator-validation,-1.2,4," from the audience. The bow was very beautiful and very expensive, and the violinist was deeply touched. He wanted to give the violinist a bow in return. But he did not know how to bow to the audience. He was so embarrassed that",LITERAL
take a bow,1,"As the applause grew, the violinist stepped forward to take a bow",DRAFT-needs-2nd-annotator-validation,0.0,0,".
But the music wasn't over yet. The audience stood and applauded again, then again, and again. The musician's eyes grew wide, his expression of shock turning to one of elation as the applause continued.
He raised his violin to his",FIGURATIVE
take a bow,1,"As the applause grew, the violinist stepped forward to take a bow",DRAFT-needs-2nd-annotator-validation,0.0,1,". As she did, a woman in the front row stood up and walked slowly toward the stage. She stood there for a few seconds, looking up at the violinist, then, reaching into her purse, she pulled out a piece of paper.
",FIGURATIVE
take a bow,1,"As the applause grew, the violinist stepped forward to take a bow",DRAFT-needs-2nd-annotator-validation,0.0,2,". But he had only a few seconds to do so, for a figure had suddenly appeared behind him. He turned to see the face of a man who looked to be in his late twenties. He was wearing a long black robe and a hood,",FIGURATIVE
take a bow,1,"As the applause grew, the violinist stepped forward to take a bow",DRAFT-needs-2nd-annotator-validation,0.0,3,". The conductor motioned for him to stop.
“Excuse me,” he said, “I think you might be confused. That was a piano solo, not a violin solo.”
The man looked at the violinist for a moment, then turned",LITERAL
take a bow,1,"As the applause grew, the violinist stepped forward to take a bow",DRAFT-needs-2nd-annotator-validation,0.0,4,".
He stopped, his eyes on the ground.
A few people smiled at the mistake, but most people’s faces fell.
One man in the audience, who had been listening to the performance, leaned over and whispered to the person next to him.
",FIGURATIVE
take a bow,1,"As the applause grew, the violinist stepped forward to take a bow",DRAFT-needs-2nd-annotator-validation,1.2,0,", but stopped in his tracks as he saw the audience. He was completely oblivious to the fact that he was playing for a group of people with disabilities. As he began to play again, he quickly realized that the noise around him was coming from the",FIGURATIVE
take a bow,1,"As the applause grew, the violinist stepped forward to take a bow",DRAFT-needs-2nd-annotator-validation,1.2,1,", and then, still as a statue, raised his bow and began to play the last notes of the Concerto for Violin and Orchestra in D Minor. The notes swelled and swelled until the music reached a crescendo, and then,",FIGURATIVE
take a bow,1,"As the applause grew, the violinist stepped forward to take a bow",DRAFT-needs-2nd-annotator-validation,1.2,2,". The concertmaster of the Philadelphia Orchestra, David Shifrin, raised his hand to stop the ovation. “There is someone who deserves a lot more applause than me,” he said. “This is a very special occasion.”
Shifrin",FIGURATIVE
take a bow,1,"As the applause grew, the violinist stepped forward to take a bow",DRAFT-needs-2nd-annotator-validation,1.2,3,". The crowd roared with approval.
As the applause grew, the violinist stepped forward to take a bow. The crowd roared with approval. But as the applause slowly died down, and no one clapped or applauded any more, he kept",FIGURATIVE
take a bow,1,"As the applause grew, the violinist stepped forward to take a bow",DRAFT-needs-2nd-annotator-validation,1.2,4,". He was a tall, thin man with a face like a skull, and his eyes, which were set very close together, glistened with a greenish light. His hair was as white as his violin, and his fingers were long and",FIGURATIVE
take a bow,1,"As the applause grew, the violinist stepped forward to take a bow",DRAFT-needs-2nd-annotator-validation,2.39,0,". He had been a student of the master violinist, and he was here to present his final recital.
The master stepped forward to the podium. He began to play the violin with such passion that the audience was enraptured.
The violinist",FIGURATIVE
take a bow,1,"As the applause grew, the violinist stepped forward to take a bow",DRAFT-needs-2nd-annotator-validation,2.39,1,".
He picked up a violin and began to play. The music was beautiful and he played it perfectly.
After the concert, a little old man came up to him and said, ""Son, you played wonderful.
I have been playing violin for ",LITERAL
take a bow,1,"As the applause grew, the violinist stepped forward to take a bow",DRAFT-needs-2nd-annotator-validation,2.39,2,", but her eyes were focused on the front row. She bowed her head, and then, holding the violin with its bow in her arms, she placed it against her chin. She took a deep breath, closed her eyes, and opened her mouth",FIGURATIVE
take a bow,1,"As the applause grew, the violinist stepped forward to take a bow",DRAFT-needs-2nd-annotator-validation,2.39,3,". “I was invited to play at this event, but I decided to give the proceeds to a charity of your choice,” he said. “I’ve heard about your work with the homeless, and I’d like to help you out.” The crowd",FIGURATIVE
take a bow,1,"As the applause grew, the violinist stepped forward to take a bow",DRAFT-needs-2nd-annotator-validation,2.39,4,". But there was a problem: She was playing a violin that had no strings. It was a violin made of plastic.
It was one of the most amazing performances I have ever seen.
It was a violin made of plastic.
It was one of",INCOHERENT
take a bow,1,"As the applause grew, the violinist stepped forward to take a bow",DRAFT-needs-2nd-annotator-validation,3.59,0,".
As the applause grew, the violinist stepped forward to take a bow. His hand shook, his face flushed, and when he spoke it was in a foreign tongue. No one in the audience had the slightest idea what he was saying. He",LITERAL
take a bow,1,"As the applause grew, the violinist stepped forward to take a bow",DRAFT-needs-2nd-annotator-validation,3.59,1,". “I have some good news and some bad news,” he said. “The good news is that you can buy a violin for $15,000. The bad news is that you have to buy one of those.”
This was the opening line",FIGURATIVE
take a bow,1,"As the applause grew, the violinist stepped forward to take a bow",DRAFT-needs-2nd-annotator-validation,3.59,2,". She was a young black woman in a conservative black dress with a white collar. She was beautiful. She was also an amateur. But she had learned to play the violin and, when the time came, she was going to play her best.",LITERAL
take a bow,1,"As the applause grew, the violinist stepped forward to take a bow",DRAFT-needs-2nd-annotator-validation,3.59,3,".
This year’s Young Artist Competition Finalists were introduced. They were an impressive group of musicians from all over the country.
The first finalist was 15-year-old violinist, Olivia Goh.
A native of New Jersey, she is a student",FIGURATIVE
take a bow,1,"As the applause grew, the violinist stepped forward to take a bow",DRAFT-needs-2nd-annotator-validation,3.59,4,". The orchestra’s concertmaster, he was responsible for tuning the entire orchestra and for selecting the first violin soloist for each piece. He was also the soloist in the first movement of the Beethoven symphony, a piece he had selected himself",LITERAL
take a bow,1,"As the applause grew, the violinist stepped forward to take a bow",DRAFT-needs-2nd-annotator-validation,4.78,0,".
A man named David was walking home from work when he saw a violinist in the street. The violinist looked tired, like he hadn't had much to eat, and he was playing a beautiful song, but he wasn't getting many tips",FIGURATIVE
take a bow,1,"As the applause grew, the violinist stepped forward to take a bow",DRAFT-needs-2nd-annotator-validation,4.78,1,". He began to play, but what came out of the violin was not music - it was just noise. The audience was stunned. The player, obviously not knowing what to do, stood there with the bow in his hands, waiting.
After what",FIGURATIVE
take a bow,1,"As the applause grew, the violinist stepped forward to take a bow",DRAFT-needs-2nd-annotator-validation,4.78,2,".
And yet, this was not a concert at the local community center, or the local college. This was the Academy of Music in Philadelphia, the same venue where the Philadelphia Orchestra plays its home season. The violinist was Joshua Bell, one of",FIGURATIVE
take a bow,1,"As the applause grew, the violinist stepped forward to take a bow",DRAFT-needs-2nd-annotator-validation,4.78,3,". Then he pulled out a flute. Then a guitar. Then a mandolin. Then a banjo.
He then pulled out a cello. Then a bass. Then a trombone. Then a trumpet. Then a tuba. Then a",INCOHERENT
take a bow,1,"As the applause grew, the violinist stepped forward to take a bow",DRAFT-needs-2nd-annotator-validation,4.78,4,". He raised his bow, but then dropped it, breaking the bow in two.
The audience was stunned and silent, but the violinist took the two pieces and, still bow in hand, he began to play again.
His playing was even more",FIGURATIVE
take a bow,2,The archer reached into the quiver and prepared to take a bow,DRAFT-needs-2nd-annotator-validation,-4.78,0," from the wooden shaft. The bow was strong and well made. The arrow was strong and well made. The arrowhead was strong and well made.
He drew back the bowstring and held the arrow in his hand. The bow was strong and well",LITERAL
take a bow,2,The archer reached into the quiver and prepared to take a bow,DRAFT-needs-2nd-annotator-validation,-4.78,1," from the bowstring. He was surprised when he found the arrow had disappeared. ""What happened?"" he asked. ""Well,"" said the arrow, ""you have to be careful when you're in the forest. I was going to hit you,",FIGURATIVE
take a bow,2,The archer reached into the quiver and prepared to take a bow,DRAFT-needs-2nd-annotator-validation,-4.78,2, off the target. His aim was true. He knew it was true. The arrow flew true. The target was hit. The archer was satisfied. But he was not finished. He took another arrow and prepared to take another shot. His aim,LITERAL
take a bow,2,The archer reached into the quiver and prepared to take a bow,DRAFT-needs-2nd-annotator-validation,-4.78,3, off the target. The bow was drawn to a full draw and he was ready to let fly. The target was a bullseye and he was aiming for it. The arrow was released and it flew true to the target. He was delighted.,FIGURATIVE
take a bow,2,The archer reached into the quiver and prepared to take a bow,DRAFT-needs-2nd-annotator-validation,-4.78,4, from the quiver. He had to be careful because he only had one more arrow left in his quiver and he was worried that he would run out. The archer took the arrow and readied it. He took a deep breath and then,FIGURATIVE
take a bow,2,The archer reached into the quiver and prepared to take a bow,DRAFT-needs-2nd-annotator-validation,-3.59,0," from the quiver. He took a breath and sent the arrow flying. The bow was now empty. He turned to the quiver and pulled out another arrow. He took a breath and sent the arrow flying. The bow was now empty.
The",FIGURATIVE
take a bow,2,The archer reached into the quiver and prepared to take a bow,DRAFT-needs-2nd-annotator-validation,-3.59,1," from it. He pulled out the bow and nocked an arrow, preparing to take his shot. The bow was a longbow and was not a compound bow. It was made from yew wood and was well over six feet long. It",FIGURATIVE
take a bow,2,The archer reached into the quiver and prepared to take a bow,DRAFT-needs-2nd-annotator-validation,-3.59,2, from the bow. The bow was set in the archer's hand and the arrow was placed on the bow. The bow was held in place and the archer was ready to fire the arrow. The archer's eyes were fixed on the target,FIGURATIVE
take a bow,2,The archer reached into the quiver and prepared to take a bow,DRAFT-needs-2nd-annotator-validation,-3.59,3," out. The arrow was already on the bowstring. Aiming at the target, he pulled back and released the arrow.
The arrow soared through the air and hit its target. The archer took out another arrow and prepared to take another shot.
",FIGURATIVE
take a bow,2,The archer reached into the quiver and prepared to take a bow,DRAFT-needs-2nd-annotator-validation,-3.59,4,". He had no idea what he was aiming for. There were so many possibilities. He had to choose.
He took a deep breath and pulled the bowstring back. It was time to aim.
This entry was posted in Uncategorized and tagged arrow,",FIGURATIVE
take a bow,2,The archer reached into the quiver and prepared to take a bow,DRAFT-needs-2nd-annotator-validation,-2.39,0," from it. She could see her target, and the arrow that she shot would be aimed at him. She was a skilled archer, and she knew that she could hit the target with ease. However, she also knew that she would have to",FIGURATIVE
take a bow,2,The archer reached into the quiver and prepared to take a bow,DRAFT-needs-2nd-annotator-validation,-2.39,1,string to the bow. The bowstring was wrapped around the bow and held it in place. The bowstring was then pulled to the top of the bow and the arrow was released. The archer then released the bowstring and the arrow flew through,FIGURATIVE
take a bow,2,The archer reached into the quiver and prepared to take a bow,DRAFT-needs-2nd-annotator-validation,-2.39,2,". He took the bow, drew it back to his ear and aimed. The arrow shot off into the sky. A few seconds later the arrow came back to earth, crashing into the ground. The archer laughed and said, ""I'm getting",LITERAL
take a bow,2,The archer reached into the quiver and prepared to take a bow,DRAFT-needs-2nd-annotator-validation,-2.39,3," from the top, but the stringer caught his arm.
“What’s that?” he asked, not taking his eyes off the target.
The archer looked up and saw the stringer’s face. It was the same one from the previous day.",LITERAL
take a bow,2,The archer reached into the quiver and prepared to take a bow,DRAFT-needs-2nd-annotator-validation,-2.39,4," out. The quiver was full, but he had to find a good spot to shoot from. He looked around, but the trees were too thick. He looked up at the sky and saw that the clouds were moving in. He knew that it",LITERAL
take a bow,2,The archer reached into the quiver and prepared to take a bow,DRAFT-needs-2nd-annotator-validation,-1.2,0,"string, but the air was suddenly filled with the sound of a thousand birds. As he looked up, he saw the entire forest covered in a swarm of birds, and they were all coming straight for him.
The archer quickly took aim, but",FIGURATIVE
take a bow,2,The archer reached into the quiver and prepared to take a bow,DRAFT-needs-2nd-annotator-validation,-1.2,1,". The bow was a long, heavy wooden stick, with a string stretched across it. It had a string that was held in place with a string. The string was then tied to a bowstring, which was then tied to the bowstring.",INCOHERENT
take a bow,2,The archer reached into the quiver and prepared to take a bow,DRAFT-needs-2nd-annotator-validation,-1.2,2, from the quiver. The bow was long and sturdy and the arrows were short and sharp. He took one out and prepared it for use. He took the bowstring and placed it on the bow. He took the arrow and placed it on the,FIGURATIVE
take a bow,2,The archer reached into the quiver and prepared to take a bow,DRAFT-needs-2nd-annotator-validation,-1.2,3, from the quiver. He was a skilled hunter and his arrows were well made. He took one out of the quiver and looked at it closely. He looked at the tip and at the feathers. He looked at the arrow carefully. He looked,FIGURATIVE
take a bow,2,The archer reached into the quiver and prepared to take a bow,DRAFT-needs-2nd-annotator-validation,-1.2,4," and an arrow. The quiver was small, but it was filled with arrows.
The archer was confident in his aim and in his ability to hit his target. He had been practicing for years and he knew that he could hit the bullsey",FIGURATIVE
take a bow,2,The archer reached into the quiver and prepared to take a bow,DRAFT-needs-2nd-annotator-validation,0.0,0,". He had been waiting for this moment for a long time. The target was a small, round object with a red dot on it. The archer took aim and let the arrow fly.
The arrow struck the target, but it didn’t fall",FIGURATIVE
take a bow,2,The archer reached into the quiver and prepared to take a bow,DRAFT-needs-2nd-annotator-validation,0.0,1,". The arrow was pulled back, and the bow was drawn to the ear. He pulled the string back to his cheek and took aim. The arrow flew, and it flew straight. The arrow flew straight and true, and it flew straight and true",FIGURATIVE
take a bow,2,The archer reached into the quiver and prepared to take a bow,DRAFT-needs-2nd-annotator-validation,0.0,2," and arrow. He knew the archery contest was coming up soon and he needed to practice. He loaded the arrow and pulled the string back, aiming for the target. Suddenly, the arrow fell to the ground and he heard a familiar voice.
“",UNPARSEABLE
take a bow,2,The archer reached into the quiver and prepared to take a bow,DRAFT-needs-2nd-annotator-validation,0.0,3,". He was a skilled archer, but this shot was not going to be easy. The target was not stationary, and the wind was blowing. The archer took a deep breath and focused his attention on the target. He drew the bowstring",FIGURATIVE
take a bow,2,The archer reached into the quiver and prepared to take a bow,DRAFT-needs-2nd-annotator-validation,0.0,4,". The bow was heavy, but the archer had been preparing for this day for years. He took the bowstring and placed it against his cheek, and the arrow was drawn back to the full length. The archer aimed his arrow and let",FIGURATIVE
take a bow,2,The archer reached into the quiver and prepared to take a bow,DRAFT-needs-2nd-annotator-validation,1.2,0,". He was on the move and ready to take his target down. The bow was aimed, the arrow was in hand, and he took aim at the target. But as the arrow was about to be released, the archer stopped. “Wait",FIGURATIVE
take a bow,2,The archer reached into the quiver and prepared to take a bow,DRAFT-needs-2nd-annotator-validation,1.2,1,. The bow was a composite bow and the arrow was a feathered arrow. The archer took aim and shot the arrow at the target. The target was a wooden target and the arrow hit the target. The archer was happy with his shot,FIGURATIVE
take a bow,2,The archer reached into the quiver and prepared to take a bow,DRAFT-needs-2nd-annotator-validation,1.2,2,". He aimed and fired. The arrow flew true, hitting the target square in the center.
“Good shot, archer,” said the king. “Now, go back to your village and tell everyone that the king has a new archery contest",LITERAL
take a bow,2,The archer reached into the quiver and prepared to take a bow,DRAFT-needs-2nd-annotator-validation,1.2,3,". He drew the bowstring back and aimed at the target. Then, he let go and the arrow flew through the air. The target was hit right in the center.
The archer was very proud of himself. He had just made his first",LITERAL
take a bow,2,The archer reached into the quiver and prepared to take a bow,DRAFT-needs-2nd-annotator-validation,1.2,4,". He drew the bowstring back to his ear and looked at the target. The target was a little too small for him. He looked around for a larger target. As he looked around, he noticed a few people standing around talking. He started",FIGURATIVE
take a bow,2,The archer reached into the quiver and prepared to take a bow,DRAFT-needs-2nd-annotator-validation,2.39,0,". He was in the middle of the forest, far from civilization. The woods were dark, and the air was thick with humidity. He had been in the woods for hours and was starting to lose his focus. He looked around, and noticed a",LITERAL
take a bow,2,The archer reached into the quiver and prepared to take a bow,DRAFT-needs-2nd-annotator-validation,2.39,1,".
But the arrow flew past the target.
The archer took another arrow from the quiver and tried again. But the arrow flew past the target.
The archer took a third arrow from the quiver and fired. This time the arrow hit",LITERAL
take a bow,2,The archer reached into the quiver and prepared to take a bow,DRAFT-needs-2nd-annotator-validation,2.39,2,". The quiver was full of arrows and ready for the fight. As he prepared to take aim, he heard a voice in his ear. It said, “You are ready for the fight, but not for the war.” The voice continued,",FIGURATIVE
take a bow,2,The archer reached into the quiver and prepared to take a bow,DRAFT-needs-2nd-annotator-validation,2.39,3,". His arrow was aimed at the middle of the bullseye. His breath was held. He was ready.
A loud noise sounded in the distance.
The archer looked up.
It was the fire alarm.
The archer and the fire alarm",FIGURATIVE
take a bow,2,The archer reached into the quiver and prepared to take a bow,DRAFT-needs-2nd-annotator-validation,2.39,4,. A small arrow was pulled out of the quiver and released. The arrow flew towards the target with a small puff of air. The archer took a second arrow from the quiver and pulled it back. This time the arrow flew straight at,LITERAL
take a bow,2,The archer reached into the quiver and prepared to take a bow,DRAFT-needs-2nd-annotator-validation,3.59,0,". He was well trained and had honed his skills over the years. His arrows were carefully selected and had been sharpened to a razor’s edge. He was ready to face the enemy.
As he aimed his bow, he noticed a figure standing",LITERAL
take a bow,2,The archer reached into the quiver and prepared to take a bow,DRAFT-needs-2nd-annotator-validation,3.59,1,". The quiver was filled with arrows, but there were no arrows in the quiver that would do the job. The archer had to find the arrow that would fit the situation. The archer was faced with a choice. Either he would",LITERAL
take a bow,2,The archer reached into the quiver and prepared to take a bow,DRAFT-needs-2nd-annotator-validation,3.59,2,". His hand closed around the bow and he drew back the string. He aimed and let fly. The arrow went right through the heart of his target. The target was a large, dead, cow.",FIGURATIVE
take a bow,2,The archer reached into the quiver and prepared to take a bow,DRAFT-needs-2nd-annotator-validation,3.59,3,". He knew he had to be quick, so he began to load his bowstring. After a few seconds, the arrow was in place and he was ready to shoot. He drew back the bowstring and let it fly.
The arrow hit the",FIGURATIVE
take a bow,2,The archer reached into the quiver and prepared to take a bow,DRAFT-needs-2nd-annotator-validation,3.59,4,". He had already shot at the target and found that his aim was true. He now had to try his luck again. He took aim and released the arrow. It flew through the air and struck the target. He was satisfied with the result.
",FIGURATIVE
take a bow,2,The archer reached into the quiver and prepared to take a bow,DRAFT-needs-2nd-annotator-validation,4.78,0,", but a strange sense of dread crept over him. He had a feeling that he was not going to be able to pull the trigger. He felt the pull of the bowstring in his fingers. His muscles tensed. His breath came in",FIGURATIVE
take a bow,2,The archer reached into the quiver and prepared to take a bow,DRAFT-needs-2nd-annotator-validation,4.78,1,. He had to get the arrow through the target before the next shot. It was an important moment in the contest. The archer’s opponent had been waiting for his turn and was getting impatient. The archer had to make his shot count.,LITERAL
take a bow,2,The archer reached into the quiver and prepared to take a bow,DRAFT-needs-2nd-annotator-validation,4.78,2,". He had already fired one arrow but missed its target. It had landed in a nearby tree. The second arrow was already drawn back, ready to be released. He was confident that he would hit his target this time. He had a good eye",LITERAL
take a bow,2,The archer reached into the quiver and prepared to take a bow,DRAFT-needs-2nd-annotator-validation,4.78,3,". His heart was pounding, but he couldn’t be seen to be nervous. His eyes fixed on the target and he took a deep breath. He aimed, pulled the string back and let the arrow fly. The arrow hit the target square in the",FIGURATIVE
take a bow,2,The archer reached into the quiver and prepared to take a bow,DRAFT-needs-2nd-annotator-validation,4.78,4,", but before he could pull the arrow out, the man on the other side of the river shouted, “Don’t shoot!”
The archer hesitated for a moment, but then, he drew back the string and took aim. As he",FIGURATIVE
have a ball,1,The kids at the birthday party were clearly having a ball,DRAFT-needs-2nd-annotator-validation,-4.78,0," slide on the floor, but their parents weren’t too thrilled about the mess. It was up to the party host to clean up the mess and get the party back on track.
The party host used a vacuum cleaner to clean up the mess, but",FIGURATIVE
have a ball,1,The kids at the birthday party were clearly having a ball,DRAFT-needs-2nd-annotator-validation,-4.78,1," of a time. I was having a time, too, taking photos. My friend’s little girl was so excited to be celebrating her 2nd birthday and it was so much fun to be a part of it. She was so busy running around",FIGURATIVE
have a ball,1,The kids at the birthday party were clearly having a ball,DRAFT-needs-2nd-annotator-validation,-4.78,2,"less time. There was no fun, no games, no food, no party favors, no music, and no cake. The only thing that they had was a pile of wet towels, and they were just staring at it. The only thing that",INCOHERENT
have a ball,1,The kids at the birthday party were clearly having a ball,DRAFT-needs-2nd-annotator-validation,-4.78,3," of a time. They were running, laughing and playing. As they did, they were enjoying their friends and the activities.
The birthday girl was in the middle of it all. She was playing with her friends, enjoying the activities, and laughing.
",FIGURATIVE
have a ball,1,The kids at the birthday party were clearly having a ball,DRAFT-needs-2nd-annotator-validation,-4.78,4," with the new toy. The boy was so excited to show it off to his friend. He had the toy in his hand, but he couldn’t stop running around and playing with it. The friend was so excited to get to play with it.",FIGURATIVE
have a ball,1,The kids at the birthday party were clearly having a ball,DRAFT-needs-2nd-annotator-validation,-3.59,0," of a time.
The balloons were flying, the streamers were streaming and the kids were jumping up and down. It was the perfect birthday party. Until, that is, the smoke alarm went off.
The kids were confused. What was going on",FIGURATIVE
have a ball,1,The kids at the birthday party were clearly having a ball,DRAFT-needs-2nd-annotator-validation,-3.59,1," of a time. They were throwing the ball up and down, spinning it around, and even using it as a swing. It was a great time for everyone involved. However, there was one problem that kept popping up. The ball was getting caught",LITERAL
have a ball,1,The kids at the birthday party were clearly having a ball,DRAFT-needs-2nd-annotator-validation,-3.59,2, of a time with the giant bouncy castle. The kids all seemed to be having a great time. We did not hear any complaints or any issues with the bouncy castle.,FIGURATIVE
have a ball,1,The kids at the birthday party were clearly having a ball,DRAFT-needs-2nd-annotator-validation,-3.59,3," of a time. It was a day of fun and games, but there was one thing missing: a good cupcake.
It’s hard to find a good cupcake, but I think I’ve found the best one: a cupcake with a",LITERAL
have a ball,1,The kids at the birthday party were clearly having a ball,DRAFT-needs-2nd-annotator-validation,-3.59,4," of a time, but the birthday boy, his parents and the guests were left with a huge mess. The cake was a chocolate fudge cake with chocolate buttercream frosting. The kids were all throwing pieces of cake in the air and catching it in",FIGURATIVE
have a ball,1,The kids at the birthday party were clearly having a ball,DRAFT-needs-2nd-annotator-validation,-2.39,0," of a time.
It was all about the balloons, as you can see from the balloons floating around the room. And the balloons floating around the room were all different sizes and shapes, with different designs and patterns.
The kids were all playing with balloons",FIGURATIVE
have a ball,1,The kids at the birthday party were clearly having a ball,DRAFT-needs-2nd-annotator-validation,-2.39,1,"on fight. Some were blowing up balloons, and others were popping them. We were given the task of figuring out how many balloons were popped and how many were still intact. We also had to figure out how many balloons were in the fight. The",LITERAL
have a ball,1,The kids at the birthday party were clearly having a ball,DRAFT-needs-2nd-annotator-validation,-2.39,2,"on fight. They were so excited to get their hands on the balloons that they were jumping up and down in anticipation. As the balloons were being filled up, the kids were all yelling and cheering each other on. It was a fun and energetic atmosphere",FIGURATIVE
have a ball,1,The kids at the birthday party were clearly having a ball,DRAFT-needs-2nd-annotator-validation,-2.39,3,"on fight. The balloon was being passed around and everyone was trying to pop it.
One boy, who I will call the winner, was trying to pop the balloon and was getting very frustrated. He was yelling at the balloon and throwing it at the",FIGURATIVE
have a ball,1,The kids at the birthday party were clearly having a ball,DRAFT-needs-2nd-annotator-validation,-2.39,4,"on fight. The balloons were flying through the air and bouncing off the ceiling. The kids were all laughing and having a great time. I asked one of the kids what was going on and he said ""Balloon fight"" and then he showed me",FIGURATIVE
have a ball,1,The kids at the birthday party were clearly having a ball,DRAFT-needs-2nd-annotator-validation,-1.2,0,". The cake was decorated with the Batman logo, and the Batman theme was apparent everywhere, from the tablecloths to the decorations. The kids were excited to play Batman games, like dodgeball and pin the tail on the bat. It was a",FIGURATIVE
have a ball,1,The kids at the birthday party were clearly having a ball,DRAFT-needs-2nd-annotator-validation,-1.2,1,". I was there as a guest, but I was still the best man. I was happy to see that the party was a hit.",LITERAL
have a ball,1,The kids at the birthday party were clearly having a ball,DRAFT-needs-2nd-annotator-validation,-1.2,2,".
The birthday boy was jumping up and down, laughing and crying at the same time.
The birthday girl was giggling with delight and jumping up and down in her seat.
The birthday boy’s mom was jumping up and down in her seat and laughing",FIGURATIVE
have a ball,1,The kids at the birthday party were clearly having a ball,DRAFT-needs-2nd-annotator-validation,-1.2,3,", and so were the parents. The party was held at the home of one of the guests, and the guests were a wide range of ages. One of the kids was a toddler, another was a teenager, and the rest were somewhere in between",LITERAL
have a ball,1,The kids at the birthday party were clearly having a ball,DRAFT-needs-2nd-annotator-validation,-1.2,4,". The only problem was that they were having a ball at a birthday party, not a baseball game.
The 10-year-old twins, dressed as the Twins, had a huge smile on their face. The 10-year-old girl, dressed as",LITERAL
have a ball,1,The kids at the birthday party were clearly having a ball,DRAFT-needs-2nd-annotator-validation,0.0,0,". They were laughing, running around and playing with the presents. The adults were talking about the food and the fun. Everyone was having a good time. But then it happened. One of the children broke a cup. Everyone stopped talking and looked at",FIGURATIVE
have a ball,1,The kids at the birthday party were clearly having a ball,DRAFT-needs-2nd-annotator-validation,0.0,1,. The DJ was spinning the tunes and the kids were dancing to the music. But something was missing. There was no one to capture all the fun and excitement on camera. The kids were missing their own personal photographers. That’s where I came in,FIGURATIVE
have a ball,1,The kids at the birthday party were clearly having a ball,DRAFT-needs-2nd-annotator-validation,0.0,2,". But was it a ball? Or was it a bawl? I was torn between two interpretations, so I asked the birthday boy. He said, “It was a ball.”
It’s a funny thing about kids. They can make you smile",FIGURATIVE
have a ball,1,The kids at the birthday party were clearly having a ball,DRAFT-needs-2nd-annotator-validation,0.0,3,". The party was so much fun that the kids didn't want to leave. The party was a blast!
My son's birthday party was a blast! The kids loved the bouncy house and the games we played. It was a great way to",LITERAL
have a ball,1,The kids at the birthday party were clearly having a ball,DRAFT-needs-2nd-annotator-validation,0.0,4,". They were dressed in all manner of costumes, and some of them were even having their photos taken. The kids were having a great time and the adults were having a good time as well. The kids were running around, and the adults were playing",FIGURATIVE
have a ball,1,The kids at the birthday party were clearly having a ball,DRAFT-needs-2nd-annotator-validation,1.2,0,". They were all giggling, throwing confetti and throwing a party. The kids were clearly having a great time and that’s what really mattered. There was a good time being had by all.
There was a good time being had by all.",FIGURATIVE
have a ball,1,The kids at the birthday party were clearly having a ball,DRAFT-needs-2nd-annotator-validation,1.2,1,". The birthday girl was running around, laughing and talking to everyone. The boy next to her was playing with a toy. And the girl in the corner was doing a dance.
They were clearly having a ball.
Then, the birthday girl ran to",FIGURATIVE
have a ball,1,The kids at the birthday party were clearly having a ball,DRAFT-needs-2nd-annotator-validation,1.2,2,". There were balloons, party hats, and all kinds of yummy food and drinks. But the best part was the cake. It was a giant, chocolate, three-tiered cake with an enormous, chocolate, three-tiered cake on top of it",LITERAL
have a ball,1,The kids at the birthday party were clearly having a ball,DRAFT-needs-2nd-annotator-validation,1.2,3,". The children were happy, running around and having a great time. The parents were relaxed, enjoying their time together and the party. The venue was well-appointed and the staff were friendly and helpful. And the food was delicious.",FIGURATIVE
have a ball,1,The kids at the birthday party were clearly having a ball,DRAFT-needs-2nd-annotator-validation,1.2,4,. The adults were dancing around the room like they were 10 again. I was not having fun. The music was blaring and the room was packed with people. It was a hot summer day and I was sweating. I could not wait for,FIGURATIVE
have a ball,1,The kids at the birthday party were clearly having a ball,DRAFT-needs-2nd-annotator-validation,2.39,0," when they sang to the birthday boy, “Happy Birthday To You,” and the birthday boy was clearly having a ball when he got his present and opened it. It was a little bit of everything that he liked. It was a little bit of everything",FIGURATIVE
have a ball,1,The kids at the birthday party were clearly having a ball,DRAFT-needs-2nd-annotator-validation,2.39,1,". The birthday girl was clearly thrilled, and all of her friends were clearly happy to be there. I, however, was having a bit of trouble. I was not having a great time. It was not the kids’ fault. I was just",FIGURATIVE
have a ball,1,The kids at the birthday party were clearly having a ball,DRAFT-needs-2nd-annotator-validation,2.39,2,". They were playing games, eating cake, and opening presents. All of them were having fun. But there was one little girl who wasn’t having fun. She wasn’t playing the games, she wasn’t eating the cake, and she wasn’t",FIGURATIVE
have a ball,1,The kids at the birthday party were clearly having a ball,DRAFT-needs-2nd-annotator-validation,2.39,3, when they spotted the party clown and balloon artist. The clown was dressed in a bright green costume and was wearing a big smile on his face. He was carrying a large balloon with a clown face on it and a few other smaller balloons with different designs,FIGURATIVE
have a ball,1,The kids at the birthday party were clearly having a ball,DRAFT-needs-2nd-annotator-validation,2.39,4,". They were dressed to the nines and had their faces painted like a carnival. I was dressed in a suit and tie and felt like an impostor. I didn’t belong at this party, but I was glad to be there. I was",UNPARSEABLE
have a ball,1,The kids at the birthday party were clearly having a ball,DRAFT-needs-2nd-annotator-validation,3.59,0,". But one little girl was feeling a bit left out. She was not getting the attention she deserved. So she decided to take matters into her own hands.
The birthday girl was not feeling very well, so her dad had to take her home.",FIGURATIVE
have a ball,1,The kids at the birthday party were clearly having a ball,DRAFT-needs-2nd-annotator-validation,3.59,1,". The party was planned around the popular board game, Uno, and the kids were having a blast. They were running around the room, laughing and shouting, and one little girl was running around the room with a big grin on her face. The",LITERAL
have a ball,1,The kids at the birthday party were clearly having a ball,DRAFT-needs-2nd-annotator-validation,3.59,2,". They were laughing and giggling and eating cake. I was there, too, but I was thinking about how my kids were going to have to make a difficult transition next week, and how I was going to have to make a difficult transition next",FIGURATIVE
have a ball,1,The kids at the birthday party were clearly having a ball,DRAFT-needs-2nd-annotator-validation,3.59,3,". They were having fun, they were playing together, they were having a great time. But as the party wore on, the kids started to get restless. They were getting bored, and they were getting tired.
And then, as the party was",FIGURATIVE
have a ball,1,The kids at the birthday party were clearly having a ball,DRAFT-needs-2nd-annotator-validation,3.59,4,", but their parents were a bit more reserved.
They were, in fact, a little nervous.
But they were excited about the prospect of a birthday party.
They were looking forward to the party, which would feature a birthday cake, a birthday cake",LITERAL
have a ball,1,The kids at the birthday party were clearly having a ball,DRAFT-needs-2nd-annotator-validation,4.78,0,". They were excited to be there, the party had been set up with fun activities, and the food looked good. The parents were there to have fun, too. They were relaxed and laughing and talking to each other. The birthday girl was surrounded",FIGURATIVE
have a ball,1,The kids at the birthday party were clearly having a ball,DRAFT-needs-2nd-annotator-validation,4.78,1,. But what was happening with their parents? It was obvious that the kids were having fun. But what was happening with their parents? They were clearly having a great time. But what was happening with their parents? They were clearly having a great time,LITERAL
have a ball,1,The kids at the birthday party were clearly having a ball,DRAFT-needs-2nd-annotator-validation,4.78,2,". They were running around, screaming, playing, and laughing. They were having a great time. They were also clearly having a great time. They were having a great time.
I think the kids are having a great time. I think the kids",UNPARSEABLE
have a ball,1,The kids at the birthday party were clearly having a ball,DRAFT-needs-2nd-annotator-validation,4.78,3,", but the adults had to be talked into it. What made the difference?
You may have noticed a few changes around here. We’ve added a new page, and a new category to the right sidebar. I’ve been working on a few new",LITERAL
have a ball,1,The kids at the birthday party were clearly having a ball,DRAFT-needs-2nd-annotator-validation,4.78,4,".
The girls were all dressed up, and the boys were decked out in superhero costumes.
But something was missing. It was the one thing that could make a birthday party really memorable.
The kids’ parents were nowhere to be found.
Where were",FIGURATIVE
have a ball,2,"The dog ran across the yard, thrilled to have a ball",DRAFT-needs-2nd-annotator-validation,-4.78,0," to chase. He chased the imaginary rabbit for a few moments, then he turned around and began running back to his owner. The dog had never seen a real rabbit before and he didn’t know how to chase one.
The dog ran across the yard",FIGURATIVE
have a ball,2,"The dog ran across the yard, thrilled to have a ball",DRAFT-needs-2nd-annotator-validation,-4.78,1," in his mouth. He looked up at his owners, and the pair of them looked at him. The dog dropped the bone on the ground and ran back across the yard, this time with a stick in his mouth.
The dog dropped the stick and",FIGURATIVE
have a ball,2,"The dog ran across the yard, thrilled to have a ball",DRAFT-needs-2nd-annotator-validation,-4.78,2," to play with. The dog ran across the yard, thrilled to have a new friend to play with. The dog ran across the yard, thrilled to have a new friend to play with. The dog ran across the yard, thrilled to have a new",FIGURATIVE
have a ball,2,"The dog ran across the yard, thrilled to have a ball",DRAFT-needs-2nd-annotator-validation,-4.78,3," to chase. The dog barked, the cat jumped. The cat chased the dog, the dog chased the cat. The dog barked, the cat jumped. The dog ran, the cat jumped. The dog barked, the cat jumped.",FIGURATIVE
have a ball,2,"The dog ran across the yard, thrilled to have a ball",DRAFT-needs-2nd-annotator-validation,-4.78,4," in the house again. He had not been in the house for a while. He ran into the kitchen, barking at the cat, who was also excited to be in the house. The dog ran out again, and the cat followed, both",FIGURATIVE
have a ball,2,"The dog ran across the yard, thrilled to have a ball",DRAFT-needs-2nd-annotator-validation,-3.59,0," to chase. He came back to the house and jumped up on the porch. He jumped on the porch, but he couldn’t jump on the porch. He couldn’t jump on the porch. He couldn’t jump on the porch. He couldn’t",INCOHERENT
have a ball,2,"The dog ran across the yard, thrilled to have a ball",DRAFT-needs-2nd-annotator-validation,-3.59,1," to chase. The dog ran across the yard, thrilled to have a ball to chase.
I just had a dream about my dog chasing a ball.
In the dream, I was standing on a deck, watching my dog chasing a ball. I was",FIGURATIVE
have a ball,2,"The dog ran across the yard, thrilled to have a ball",DRAFT-needs-2nd-annotator-validation,-3.59,2," of fur to chase. She was in a playful mood, and the dog did not care if the ball of fur was a cat or a dog. The dog chased the cat, and the cat ran away. The dog was not very good at catching",FIGURATIVE
have a ball,2,"The dog ran across the yard, thrilled to have a ball",DRAFT-needs-2nd-annotator-validation,-3.59,3," thrown at it, then ran to the tree to inspect it more closely. The dog has a tendency to jump up and bark at people, so I wasn’t sure how he’d react to the ball. The dog jumped up and grabbed the ball,",FIGURATIVE
have a ball,2,"The dog ran across the yard, thrilled to have a ball",DRAFT-needs-2nd-annotator-validation,-3.59,4," to play with. He grabbed the toy and then proceeded to run around the yard, jumping and wagging his tail.
The dog returned the toy and the cat pounced on it, chasing the dog away. The dog ran across the yard, thrilled",FIGURATIVE
have a ball,2,"The dog ran across the yard, thrilled to have a ball",DRAFT-needs-2nd-annotator-validation,-2.39,0," of fur to chase. She was so excited that she forgot to look where she was going and ran right into the back of the truck.
“Whoa, girl!” said her owner.
The dog stopped and looked up at the man, who was",FIGURATIVE
have a ball,2,"The dog ran across the yard, thrilled to have a ball",DRAFT-needs-2nd-annotator-validation,-2.39,1," of fur in his lap. The man sat down in the chair and began to pet the dog. The dog looked up at the man and began to lick his face.
The man smiled and the dog licked his face again. The man laughed and the",FIGURATIVE
have a ball,2,"The dog ran across the yard, thrilled to have a ball",DRAFT-needs-2nd-annotator-validation,-2.39,2," to chase. The dog is a German Shepherd. The dog was not barking.
The dog ran across the yard, thrilled to have a ball to chase. The dog is a German Shepherd. The dog was not barking.
The dog ran across",FIGURATIVE
have a ball,2,"The dog ran across the yard, thrilled to have a ball",DRAFT-needs-2nd-annotator-validation,-2.39,3," of fur to play with. He ran to the fence and tried to jump over it. His owner, a black man, yelled at him. He yelled at the dog, but he didn’t yell at his owner. He yelled at the dog,",LITERAL
have a ball,2,"The dog ran across the yard, thrilled to have a ball",DRAFT-needs-2nd-annotator-validation,-2.39,4," of fur in its mouth. The dog was happy, but the man was not. He was angry and frustrated. The dog ran back into the house, where it immediately hid behind the couch.
The man yelled at the dog and kicked the couch.",FIGURATIVE
have a ball,2,"The dog ran across the yard, thrilled to have a ball",DRAFT-needs-2nd-annotator-validation,-1.2,0," to play with. He was an old dog, and he was happy to have a ball to play with, even if he couldn’t quite catch it.
The ball was a good one, and it looked like it had been made by a craftsman",FIGURATIVE
have a ball,2,"The dog ran across the yard, thrilled to have a ball",DRAFT-needs-2nd-annotator-validation,-1.2,1," to chase. She didn't know the ball was a live one. She didn't know the ball was a live one. She didn't know the ball was a live one.
We were on the deck of the ferry, heading to the mainland.",INCOHERENT
have a ball,2,"The dog ran across the yard, thrilled to have a ball",DRAFT-needs-2nd-annotator-validation,-1.2,2," to chase. The owner was thrilled to have a ball. The dog had a ball, and the owner had a ball. Everyone had a ball, and the dog had a ball. That’s when it hit the owner: he had a ball,",LITERAL
have a ball,2,"The dog ran across the yard, thrilled to have a ball",DRAFT-needs-2nd-annotator-validation,-1.2,3," to chase. The dog ran across the yard, thrilled to have a ball to chase.
If you’re a dog owner, you’ve probably seen your dog chase a ball around the yard. You may have even tried to play fetch with your dog,",FIGURATIVE
have a ball,2,"The dog ran across the yard, thrilled to have a ball",DRAFT-needs-2nd-annotator-validation,-1.2,4," to chase. The dog was not very good at catching the ball, but he enjoyed the game and ran around the yard chasing it, sometimes running faster than the ball, but still keeping up with it.
The dog had been outside a long time,",FIGURATIVE
have a ball,2,"The dog ran across the yard, thrilled to have a ball",DRAFT-needs-2nd-annotator-validation,0.0,0," to play with. The owner watched, admiring the dog’s agility and speed. The dog, however, did not notice the owner’s admiration, and continued to run until it reached the end of the yard. Then, it turned around and started",FIGURATIVE
have a ball,2,"The dog ran across the yard, thrilled to have a ball",DRAFT-needs-2nd-annotator-validation,0.0,1," in his mouth. He’d been chasing it all morning. It was a good game.
He came back, panting. He dropped the ball at my feet.
I looked down at the ball. It was old and dirty. I’d thrown it",FIGURATIVE
have a ball,2,"The dog ran across the yard, thrilled to have a ball",DRAFT-needs-2nd-annotator-validation,0.0,2," in its mouth. But the dog was not running to retrieve a ball, it was running to retrieve a bone. It was running to retrieve its owner’s lunch, the lunch that had been left out on the counter. The dog ran to retrieve the",FIGURATIVE
have a ball,2,"The dog ran across the yard, thrilled to have a ball",DRAFT-needs-2nd-annotator-validation,0.0,3," in its mouth. The owner watched in amazement as the dog played with the ball in its mouth and threw it back and forth with the ball, as if it was a toy. The owner was so impressed that she asked her dog to run",LITERAL
have a ball,2,"The dog ran across the yard, thrilled to have a ball",DRAFT-needs-2nd-annotator-validation,0.0,4," in her mouth. She was on a mission to find a place to play, and she wasn’t about to stop until she did. She ran to the end of the yard and turned around, looking for the next challenge. She turned around again,",FIGURATIVE
have a ball,2,"The dog ran across the yard, thrilled to have a ball",DRAFT-needs-2nd-annotator-validation,1.2,0," to chase. The dog sat in the yard, staring at the tennis ball, waiting for the human to throw it again. The dog ran across the yard, thrilled to have a ball to chase. The dog sat in the yard, staring at the",FIGURATIVE
have a ball,2,"The dog ran across the yard, thrilled to have a ball",DRAFT-needs-2nd-annotator-validation,1.2,1,", but it was only a stick. A stick. But to a dog, a stick is a ball. It is a ball. And it is fun. And it is worth chasing. And the chase is a game. And a game is good",FIGURATIVE
have a ball,2,"The dog ran across the yard, thrilled to have a ball",DRAFT-needs-2nd-annotator-validation,1.2,2,". She had not been out for a romp in weeks, and now she was running full tilt, her tongue lolling out of her mouth. She was so excited, she did not see the cat until she was almost on top of her",FIGURATIVE
have a ball,2,"The dog ran across the yard, thrilled to have a ball",DRAFT-needs-2nd-annotator-validation,1.2,3," in her mouth. She ran straight into the fence and the ball dropped on the other side. The dog jumped over the fence, retrieved the ball and ran back to her owner.
The owner looked at her dog and said, “Good dog!” The",LITERAL
have a ball,2,"The dog ran across the yard, thrilled to have a ball",DRAFT-needs-2nd-annotator-validation,1.2,4," in his mouth, but when he was almost to the gate, he stopped and turned back to the house.
The owner, a young woman, watched with a frown. She had been trying to get the dog to go to the house, but",LITERAL
have a ball,2,"The dog ran across the yard, thrilled to have a ball",DRAFT-needs-2nd-annotator-validation,2.39,0,". He was chasing his tail, and the chase was on. He was running as fast as he could, and the chase was on. The dog ran across the yard, thrilled to have a ball. He was chasing his tail, and the chase",FIGURATIVE
have a ball,2,"The dog ran across the yard, thrilled to have a ball",DRAFT-needs-2nd-annotator-validation,2.39,1," after the longest day of its life. The owner was at the back door, waiting for it to come inside. The dog had not been in the house for days, and the owner had been worried. When the dog entered, it stopped to sniff",FIGURATIVE
have a ball,2,"The dog ran across the yard, thrilled to have a ball",DRAFT-needs-2nd-annotator-validation,2.39,2,". The dog ran across the yard, thrilled to have a ball.
The dog ran across the yard, thrilled to have a ball.
The dog ran across the yard, thrilled to have a ball.
The dog ran across the yard, thrilled to have",FIGURATIVE
have a ball,2,"The dog ran across the yard, thrilled to have a ball",DRAFT-needs-2nd-annotator-validation,2.39,3,", and the cat sat in the window, watching. I love the idea of a dog and a cat getting along, but this is not the way it works out in real life. The dog, who is in the doghouse for barking at",LITERAL
have a ball,2,"The dog ran across the yard, thrilled to have a ball",DRAFT-needs-2nd-annotator-validation,2.39,4,". A ball was a ball was a ball. A ball was a ball was a ball.
The dog ran across the yard, thrilled to have a ball.
A ball was a ball was a ball. A ball was a ball was a ball.
",FIGURATIVE
have a ball,2,"The dog ran across the yard, thrilled to have a ball",DRAFT-needs-2nd-annotator-validation,3.59,0,". We were going to a new place, a new home, a new life. We were excited. The house was not, but we didn’t care. It was clean and the furniture was new. It was the dog’s house now, and",FIGURATIVE
have a ball,2,"The dog ran across the yard, thrilled to have a ball",DRAFT-needs-2nd-annotator-validation,3.59,1,", and he jumped on his owner, who was in the process of feeding her cats. The cats went ballistic, and the owner, in an attempt to calm them, dropped her sandwich. The dogs took it and ate it, and the owner,",FIGURATIVE
have a ball,2,"The dog ran across the yard, thrilled to have a ball",DRAFT-needs-2nd-annotator-validation,3.59,2,". I was thrilled to have a dog. She ran and ran, her tail wagging wildly, her body moving in a frenzy. I was thrilled to have a dog. She ran and ran, her tail wagging wildly, her body moving in",INCOHERENT
have a ball,2,"The dog ran across the yard, thrilled to have a ball",DRAFT-needs-2nd-annotator-validation,3.59,3,".
The dog ran across the yard, thrilled to have a ball.
A ball of yarn was all he had to play with.
The dog ran across the yard, thrilled to have a ball.
The dog ran across the yard, thrilled to have a",FIGURATIVE
have a ball,2,"The dog ran across the yard, thrilled to have a ball",DRAFT-needs-2nd-annotator-validation,3.59,4,". The owners were so proud of the dog that they began to walk around the yard to show it off to their friends. The dog started to wag its tail, and its owner started to talk about how smart and beautiful the dog was.
A neighbor",FIGURATIVE
have a ball,2,"The dog ran across the yard, thrilled to have a ball",DRAFT-needs-2nd-annotator-validation,4.78,0,". He had no idea why he was there. He didn't even know his name. He was just happy to be alive.
""Where's my family?"" he asked the neighbor.
""They're not here. You're just a stray.""
He jumped",FIGURATIVE
have a ball,2,"The dog ran across the yard, thrilled to have a ball",DRAFT-needs-2nd-annotator-validation,4.78,1,", and then stopped in his tracks, looking up at the sky. He had no idea what had caused him to stop, but he knew it was something that he should not have missed. He turned around and trotted back to the house, not",FIGURATIVE
have a ball,2,"The dog ran across the yard, thrilled to have a ball",DRAFT-needs-2nd-annotator-validation,4.78,2,". The family had been watching TV, and when the dog saw the mailman, he decided he had to run to the door and meet him.
The dog was happy to see his owner, and the family was happy to see the mailman.",FIGURATIVE
have a ball,2,"The dog ran across the yard, thrilled to have a ball",DRAFT-needs-2nd-annotator-validation,4.78,3,. He ran past the yard of the neighbors and their dog was in the yard as well. He was barking and the dog ran past him as well. The barking dog got out of the yard and the two dogs began to run towards the,FIGURATIVE
have a ball,2,"The dog ran across the yard, thrilled to have a ball",DRAFT-needs-2nd-annotator-validation,4.78,4,". The cat, too, had something to say about the situation. The cat jumped up on the dog’s back, and the two dogs were in for a surprise. The dog’s head was shaking, and the cat was laughing. The cat’s",LITERAL
in stitches,1,The comedian's timing had the whole audience in stitches,DRAFT-needs-2nd-annotator-validation,-4.78,0," bucket seats of laughter as he told his story about his girlfriend and her sister.
In a recent interview with The Huffington Post, the comedian said he and his girlfriend have been dating for three years and are ""super serious"" about one another.
""Like",FIGURATIVE
in stitches,1,The comedian's timing had the whole audience in stitches,DRAFT-needs-2nd-annotator-validation,-4.78,1,"bells, but that's not all. The comedy and the music were the best I've ever heard. He's got a great sense of humor and a great sense of timing.
I can't think of a single thing that I didn't like",FIGURATIVE
in stitches,1,The comedian's timing had the whole audience in stitches,DRAFT-needs-2nd-annotator-validation,-4.78,2," bells
I was lucky enough to see a show by the comedian, Paul Merton, last night at the Edinburgh Festival. It was very funny and his timing had the whole audience in bells. His observations on life in Britain today were very apt and",LITERAL
in stitches,1,The comedian's timing had the whole audience in stitches,DRAFT-needs-2nd-annotator-validation,-4.78,3," bucket seats in stitches.
It was a night of laughter and tears on Friday, July 20, as the comedian took to the stage at the National Indoor Arena to make his first Birmingham appearance in six years.
And he was the life and soul of",FIGURATIVE
in stitches,1,The comedian's timing had the whole audience in stitches,DRAFT-needs-2nd-annotator-validation,-4.78,4," and his ability to get the audience involved with his characters was fantastic. He was able to make the audience laugh at the situation and make them feel like they were part of the show.
I would recommend this comedian to anyone who wants to see a great",LITERAL
in stitches,1,The comedian's timing had the whole audience in stitches,DRAFT-needs-2nd-annotator-validation,-3.59,0," of laughter.
Comedian and actor Aziz Ansari is well known for his unique style of comedy and his ability to connect with his audience. The comedian's latest performance at the Funny or Die Rooftop in Los Angeles is no exception.
In",FIGURATIVE
in stitches,1,The comedian's timing had the whole audience in stitches,DRAFT-needs-2nd-annotator-validation,-3.59,1," splits. It was a great show.
He was great! He was very funny! He was the best comedian I have ever seen!
I saw him a few years ago, and he was just as funny as ever!",LITERAL
in stitches,1,The comedian's timing had the whole audience in stitches,DRAFT-needs-2nd-annotator-validation,-3.59,2," on the floor.
On Sunday, January 6, 2019, the 23rd annual Screen Actors Guild Awards (SAG) was held at the Shrine Auditorium in Los Angeles. The awards ceremony celebrates the best performances in film and television",FIGURATIVE
in stitches,1,The comedian's timing had the whole audience in stitches,DRAFT-needs-2nd-annotator-validation,-3.59,3," of laughter.
Comedian David Cross recently took the stage at the University of Iowa in Iowa City, Iowa, to perform a routine for the school's comedy show, and he had some very funny things to say about the 2016 election. In",FIGURATIVE
in stitches,1,The comedian's timing had the whole audience in stitches,DRAFT-needs-2nd-annotator-validation,-3.59,4," of laughter. He was speaking at a talk show organised by the Kerala State Film Development Corporation (KFDC) at the KFDC auditorium here. The actor, who was in the city to participate in the ongoing Kerala International Film Festival, was",LITERAL
in stitches,1,The comedian's timing had the whole audience in stitches,DRAFT-needs-2nd-annotator-validation,-2.39,0," of laughter, as he was asked to share a joke about the recent election.
The comedian had to leave the stage after the incident, but not before he made sure he got his final joke in.
The comedian also apologized to his audience, saying that",FIGURATIVE
in stitches,1,The comedian's timing had the whole audience in stitches,DRAFT-needs-2nd-annotator-validation,-2.39,1," of laughter. The audience was not only laughing at his jokes, but laughing at themselves and their own situations. There was a very good atmosphere in the room, and I'm sure that the audience had a good time.",FIGURATIVE
in stitches,1,The comedian's timing had the whole audience in stitches,DRAFT-needs-2nd-annotator-validation,-2.39,2," of laughter. He was the perfect choice for the occasion. His quick wit, humor, and energy kept the audience engaged and entertained throughout the night. His performance was a hit and everyone left with a smile on their face.",FIGURATIVE
in stitches,1,The comedian's timing had the whole audience in stitches,DRAFT-needs-2nd-annotator-validation,-2.39,3,", and her delivery was spot on. She was hilarious.
I am so grateful for this experience. It was everything I expected it to be. I felt so comfortable and safe. I'm really glad I went to see her live. I love her",FIGURATIVE
in stitches,1,The comedian's timing had the whole audience in stitches,DRAFT-needs-2nd-annotator-validation,-2.39,4,", and he managed to make the most of it.
The actor was at the 2018 MTV Movie & TV Awards in Los Angeles on Sunday (June 17) and managed to make the most of the situation.
The comedian was hosting the event",LITERAL
in stitches,1,The comedian's timing had the whole audience in stitches,DRAFT-needs-2nd-annotator-validation,-1.2,0," as he told his story about the time he was driving to a gig in a taxi with his then-girlfriend, when he suddenly realised they were being followed by a black cab.
He continued: ""I'm not racist, I just know what I",FIGURATIVE
in stitches,1,The comedian's timing had the whole audience in stitches,DRAFT-needs-2nd-annotator-validation,-1.2,1,"
The comedian's timing had the whole audience in stitches
The comedian's timing had the whole audience in stitches
The comedian's timing had the whole audience in stitches
The comedian's timing had the whole audience in stitches
The comedian's timing had",FIGURATIVE
in stitches,1,The comedian's timing had the whole audience in stitches,DRAFT-needs-2nd-annotator-validation,-1.2,2," of laughter as she said: ""So, my husband and I have decided to get divorced. The reason is simply because I hate him so much.""
While the audience laughed, the 42-year-old was serious about her joke, and said that she",LITERAL
in stitches,1,The comedian's timing had the whole audience in stitches,DRAFT-needs-2nd-annotator-validation,-1.2,3," of laughter
If you’re looking for a great night out, you need to head to the Theatre Royal Haymarket this weekend, as the comedian, David Walliams, will be taking to the stage to perform his one-man show, Awful Aunt",FIGURATIVE
in stitches,1,The comedian's timing had the whole audience in stitches,DRAFT-needs-2nd-annotator-validation,-1.2,4," of laughter. He was on stage, dressed in a yellow t-shirt, and a pair of jeans. The microphone was placed on the stage, and he was ready to entertain the audience.
The comedian had a great sense of humor and was able to",LITERAL
in stitches,1,The comedian's timing had the whole audience in stitches,DRAFT-needs-2nd-annotator-validation,0.0,0,".
During his opening monologue at the White House Correspondents’ Dinner, Trevor Noah was in full “I’m not here to offend you” mode.
Noah, the host of Comedy Central’s The Daily Show, began by talking about the fact",FIGURATIVE
in stitches,1,The comedian's timing had the whole audience in stitches,DRAFT-needs-2nd-annotator-validation,0.0,1,". But not all the jokes were a hit.
A couple of weeks ago, I went to a comedy club in London to see the comedian, Jason Manford, in action. The show was well attended and the audience was very appreciative of his",LITERAL
in stitches,1,The comedian's timing had the whole audience in stitches,DRAFT-needs-2nd-annotator-validation,0.0,2," and was the perfect way to launch the new series of 'Mock the Week' with Dara O'Briain.
The comedian's timing had the whole audience in stitches and was the perfect way to launch the new series of 'Mock the Week'",FIGURATIVE
in stitches,1,The comedian's timing had the whole audience in stitches,DRAFT-needs-2nd-annotator-validation,0.0,3,". But he didn't stop there. He also poked fun at a few of his own personal habits, like his obsession with ""Sesame Street"" and his habit of ""going to the bathroom when no one is looking.""
In the end",FIGURATIVE
in stitches,1,The comedian's timing had the whole audience in stitches,DRAFT-needs-2nd-annotator-validation,0.0,4,".
If you have ever been to a comedy show, you’ll know that the audience can make or break the show. They can be loud and boisterous, or they can be quiet and respectful. But if you’re lucky enough to be at",FIGURATIVE
in stitches,1,The comedian's timing had the whole audience in stitches,DRAFT-needs-2nd-annotator-validation,1.2,0,. The funny man's jokes were well received. He had a really good time on stage. The comedian's timing was great. He kept everyone in stitches. The comedian was in stitches. The comedian was a big hit with the audience. The comedian,FIGURATIVE
in stitches,1,The comedian's timing had the whole audience in stitches,DRAFT-needs-2nd-annotator-validation,1.2,1,", but it was a serious issue he was addressing.
It was a great night for the comedy community last night with the announcement of the 2015 Australian Comedy Awards.
The winners were announced at the Melbourne Town Hall in front of a packed crowd of",FIGURATIVE
in stitches,1,The comedian's timing had the whole audience in stitches,DRAFT-needs-2nd-annotator-validation,1.2,2,", but it was his message that was the real winner.
The comedian had the audience in stitches with his hilarious jokes about marriage and sex.
The comedian had the audience in stitches with his hilarious jokes about marriage and sex.
The comedian's timing had the",FIGURATIVE
in stitches,1,The comedian's timing had the whole audience in stitches,DRAFT-needs-2nd-annotator-validation,1.2,3,".
It's not every day that you get to see a comedy legend like Billy Connolly in the flesh, but if you're a regular at the Edinburgh International Festival, then you're no stranger to his act.
The 78-year-old is one",LITERAL
in stitches,1,The comedian's timing had the whole audience in stitches,DRAFT-needs-2nd-annotator-validation,1.2,4,".
Comedian Dave Chappelle's performance at the Hollywood Bowl was as hilarious as it was controversial.
Chappelle's latest Netflix special ""Equanimity"" features him making fun of the 2016 presidential election and the Hollywood elite, but",FIGURATIVE
in stitches,1,The comedian's timing had the whole audience in stitches,DRAFT-needs-2nd-annotator-validation,2.39,0,".
If you ever wondered what a comedian would be like as a doctor, then you might have just got your answer.
Comedian John Bishop's hilarious hospital routine had the audience in stitches.
The comedian, who is a qualified doctor, was on the",LITERAL
in stitches,1,The comedian's timing had the whole audience in stitches,DRAFT-needs-2nd-annotator-validation,2.39,1,". But as the show wore on, she grew increasingly self-conscious about her lack of material, and her confidence began to waver. The show was a disaster.
The comedian's timing had the whole audience in stitches. But as the show wore on",FIGURATIVE
in stitches,1,The comedian's timing had the whole audience in stitches,DRAFT-needs-2nd-annotator-validation,2.39,2," as he made his way around the room.
The audience was in stitches when a comedian took on the role of a blind man in a spoof interview with a blind woman.
The comedian was trying to interview the woman, who was wearing a blindfold and",FIGURATIVE
in stitches,1,The comedian's timing had the whole audience in stitches,DRAFT-needs-2nd-annotator-validation,2.39,3,".
Comedian, actor, and writer Kevin Hart is one of the most well-known comedians today. He has made a name for himself on the stand-up comedy circuit, in films, and on TV. On June 26, Hart was scheduled",FIGURATIVE
in stitches,1,The comedian's timing had the whole audience in stitches,DRAFT-needs-2nd-annotator-validation,2.39,4,", especially as he also managed to sneak in a couple of digs at the Prime Minister.
But as the show began, the audience was not in the mood for jokes, as they were still in shock after hearing the news of the Grenfell Tower fire",FIGURATIVE
in stitches,1,The comedian's timing had the whole audience in stitches,DRAFT-needs-2nd-annotator-validation,3.59,0,".
The comedy legend was performing at the Comedy Store in London when he decided to take a question from the audience.
One audience member asked: ""If you could live anywhere in the world, where would it be?""
To which the 80-year-old",FIGURATIVE
in stitches,1,The comedian's timing had the whole audience in stitches,DRAFT-needs-2nd-annotator-validation,3.59,1,".
In this week's episode, the comedian tells us what it's like to be a standup on a cruise ship.
The comedian tells us what it's like to be a standup on a cruise ship.
The comedian tells us what it's",FIGURATIVE
in stitches,1,The comedian's timing had the whole audience in stitches,DRAFT-needs-2nd-annotator-validation,3.59,2,".
I’m going to tell you a story about a young woman who was sitting in a movie theater when she was hit in the head with a popcorn kernel.
She screamed and ran out of the theater.
The kernel was lodged in her skull, and",FIGURATIVE
in stitches,1,The comedian's timing had the whole audience in stitches,DRAFT-needs-2nd-annotator-validation,3.59,3,". He'd been asked to say a few words to the congregation at a church in south London, and he couldn't resist a few digs at the Anglican Church's recent decision to allow women to become bishops. The congregation didn't seem to mind",FIGURATIVE
in stitches,1,The comedian's timing had the whole audience in stitches,DRAFT-needs-2nd-annotator-validation,3.59,4,".
The comedian's timing had the whole audience in stitches. (Photo: Getty Images)
As part of the  10th annual Comedy Central Roast of Bruce Willis , the actor was roasted by a slew of his celebrity friends, including  Seth",FIGURATIVE
in stitches,1,The comedian's timing had the whole audience in stitches,DRAFT-needs-2nd-annotator-validation,4.78,0,". I don't know if I could have kept a straight face through the whole thing. But then I don't have a job like his.
If you're not sure how to answer the question, you might want to think about the timing. How",FIGURATIVE
in stitches,1,The comedian's timing had the whole audience in stitches,DRAFT-needs-2nd-annotator-validation,4.78,1,". In the video, he says, ""I was sitting in a restaurant in the UK and I was watching this guy and I thought, 'I'm going to be the first one to say it out loud,'"" he said. ""I thought,",FIGURATIVE
in stitches,1,The comedian's timing had the whole audience in stitches,DRAFT-needs-2nd-annotator-validation,4.78,2,".
The comedian's timing had the whole audience in stitches.
The comedian's timing had the whole audience in stitches.
The comedian's timing had the whole audience in stitches.
The comedian's timing had the whole audience in stitches.
The comedian's timing had",LITERAL
in stitches,1,The comedian's timing had the whole audience in stitches,DRAFT-needs-2nd-annotator-validation,4.78,3,". She was on fire and the crowd loved it. She was able to tell a story about her life and the audience was able to relate to her. It was a great show.
This was my first time seeing her and I was not disappointed.",FIGURATIVE
in stitches,1,The comedian's timing had the whole audience in stitches,DRAFT-needs-2nd-annotator-validation,4.78,4,". He was able to make everyone laugh and get the whole audience on his side. I've never seen anyone get such a good reaction.
It was great. I was surprised at how much I enjoyed it. I had a lot of fun. I",FIGURATIVE
in stitches,2,"After the accident, the nurse said his arm was in stitches",DRAFT-needs-2nd-annotator-validation,-4.78,0," and the wrist was broken, the patient asked why the arm and wrist were broken, the nurse said, ""Because your leg was broken."" Which statement is correct?
A. This is an example of the nurse's statement
B. This is an",LITERAL
in stitches,2,"After the accident, the nurse said his arm was in stitches",DRAFT-needs-2nd-annotator-validation,-4.78,1," and his face was injured. The patient was taken to the hospital by ambulance. The patient's face was very swollen, his right eye was closed and his right cheekbone was deformed. There was a small amount of blood oozing from the",FIGURATIVE
in stitches,2,"After the accident, the nurse said his arm was in stitches",DRAFT-needs-2nd-annotator-validation,-4.78,2," and put it in a cast. His wife said he was not able to use his right arm for several months. He was unable to use the right arm to do anything.
He was unable to use the right arm to do anything.
His wife said",LITERAL
in stitches,2,"After the accident, the nurse said his arm was in stitches",DRAFT-needs-2nd-annotator-validation,-4.78,3," box, why?
A. The patient's arm was injured, the nerves were damaged
B. The patient's arm was injured, the muscles were damaged
C. The patient's arm was injured, the bones were broken
D. The patient",INCOHERENT
in stitches,2,"After the accident, the nurse said his arm was in stitches",DRAFT-needs-2nd-annotator-validation,-4.78,4," 20 degrees, the correct diagnosis of what?
A. Fracture of the elbow (Elbow fracture)
B. Fracture of the lower end of the humerus (Fracture of the distal humerus)
C. Fr",INCOHERENT
in stitches,2,"After the accident, the nurse said his arm was in stitches",DRAFT-needs-2nd-annotator-validation,-3.59,0,", but the doctor said it was not, so he asked the nurse to give him a blood test. The test results showed that the amount of hemoglobin in the blood was 12 grams per deciliter. The doctor said that the normal value",LITERAL
in stitches,2,"After the accident, the nurse said his arm was in stitches",DRAFT-needs-2nd-annotator-validation,-3.59,1," and it hurt.
The nurse said that if the patient does not go to the hospital, the arm may be infected.
The nurse said the patient's arm is in a sling and it hurts.
The nurse said that if the patient does not go to",FIGURATIVE
in stitches,2,"After the accident, the nurse said his arm was in stitches",DRAFT-needs-2nd-annotator-validation,-3.59,2," and that he was going to get it X-rayed. The doctor was called and he said that the fracture was in the upper arm bone, and that he needed to get it set and put a cast on. The doctor said that it was going",FIGURATIVE
in stitches,2,"After the accident, the nurse said his arm was in stitches",DRAFT-needs-2nd-annotator-validation,-3.59,3," 4 hours, 6 hours later, he was transferred to the emergency room, but he still felt pain in his arm. The nurse found that the injured arm is swollen, red, hot, painful, and the skin is indurated.",FIGURATIVE
in stitches,2,"After the accident, the nurse said his arm was in stitches",DRAFT-needs-2nd-annotator-validation,-3.59,4," splint, he took off the bandage, found that the arm was swollen, and went to the hospital, the doctor said that the arm has been broken, and the fracture was not open, so there is no need to operate, then the",LITERAL
in stitches,2,"After the accident, the nurse said his arm was in stitches",DRAFT-needs-2nd-annotator-validation,-2.39,0,", because the accident, the arm was injured, and the doctor to the hospital, because of the accident, the patient's right arm was injured, and the doctor said that he could not move the arm, and the patient was injured in the hospital",LITERAL
in stitches,2,"After the accident, the nurse said his arm was in stitches",DRAFT-needs-2nd-annotator-validation,-2.39,1,", and he was in the hospital. The patient was admitted to the hospital, but his family did not give him a hand. He was a young man, and the family was not happy, and the family was not happy. The doctor said that",FIGURATIVE
in stitches,2,"After the accident, the nurse said his arm was in stitches",DRAFT-needs-2nd-annotator-validation,-2.39,2," bandage, but it was not in the arm. The doctor said it was only a few hours ago, why can not I feel the pain? What should I do?
A. Need to check again
B. Need to go to the emergency",LITERAL
in stitches,2,"After the accident, the nurse said his arm was in stitches",DRAFT-needs-2nd-annotator-validation,-2.39,3," and put the bandage on the arm. A few days later, he came to the doctor and found that the arm had a lot of pus. The doctor diagnosed him with cellulitis. The doctor gave him the following treatment: (1) Antib",LITERAL
in stitches,2,"After the accident, the nurse said his arm was in stitches",DRAFT-needs-2nd-annotator-validation,-2.39,4,". This is wrong
After the accident, the nurse said his arm was in a sling. This is wrong
After the accident, the nurse said his arm was in a sling. This is wrong
1. The nurse said the patient’s arm",FIGURATIVE
in stitches,2,"After the accident, the nurse said his arm was in stitches",DRAFT-needs-2nd-annotator-validation,-1.2,0,", and his brother said it was in a sling, and the patient's family said it was in a sling, so the patient asked for a copy of the medical report, but the nurse refused to provide it, and the patient went to the hospital",FIGURATIVE
in stitches,2,"After the accident, the nurse said his arm was in stitches",DRAFT-needs-2nd-annotator-validation,-1.2,1," and a bone was broken. He was in the hospital for about a month. The accident happened in March, and he was discharged in April. He was given a wheelchair to help him walk. He was also told not to do too much. He",LITERAL
in stitches,2,"After the accident, the nurse said his arm was in stitches",DRAFT-needs-2nd-annotator-validation,-1.2,2," and the doctor said he could not move it. The accident happened on April 21, 1999. He is now 24 years old and has been in a wheelchair since the accident. He has no control of his left arm or leg.",FIGURATIVE
in stitches,2,"After the accident, the nurse said his arm was in stitches",DRAFT-needs-2nd-annotator-validation,-1.2,3,", and after a few days, the wound was not healed. He went to the hospital and found that there were still no wounds after 10 days. The doctor said that the wound was not infected, and the wound should be removed. The patient",LITERAL
in stitches,2,"After the accident, the nurse said his arm was in stitches",DRAFT-needs-2nd-annotator-validation,-1.2,4,. It is now 7 weeks later and the stitches are still on. The arm has been in a cast for 2 weeks now and the cast is just now coming off. The arm is still swollen and feels hot to the touch. The doctor,LITERAL
in stitches,2,"After the accident, the nurse said his arm was in stitches",DRAFT-needs-2nd-annotator-validation,0.0,0,", so the patient asked the nurse to cut the stitches, the nurse said that this was not the case, and the patient insisted, the nurse said that the patient’s request was unreasonable, and the patient insisted on cutting the stitches, and the nurse",LITERAL
in stitches,2,"After the accident, the nurse said his arm was in stitches",DRAFT-needs-2nd-annotator-validation,0.0,1," and he needed to go to the emergency room. He didn't know what happened and said he was in pain, but didn't think it was serious.
The nurse took him to the emergency room where he was told he needed surgery to repair his arm",FIGURATIVE
in stitches,2,"After the accident, the nurse said his arm was in stitches",DRAFT-needs-2nd-annotator-validation,0.0,2," and he should not wash it.
What is the cause of the accident?
A. The nurse's mistake
B. The patient's own negligence
C. The patient's poor operation
D. The patient's poor treatment
Answer: C",FIGURATIVE
in stitches,2,"After the accident, the nurse said his arm was in stitches",DRAFT-needs-2nd-annotator-validation,0.0,3,". He asked if it was infected. She said she didn't think so, but he should see his doctor.
The patient went to see his doctor, who told him he had to go to the hospital. The patient went to the hospital and was",LITERAL
in stitches,2,"After the accident, the nurse said his arm was in stitches",DRAFT-needs-2nd-annotator-validation,0.0,4,". He asked her to tell him where they were, and she replied, “We don’t have to worry about that. We’ll just take care of it.” He asked her if he could take the stitches out, and she said, “Yes",LITERAL
in stitches,2,"After the accident, the nurse said his arm was in stitches",DRAFT-needs-2nd-annotator-validation,1.2,0,", and asked me to keep it warm. After a while, I saw a small hole on the right side of the arm, and the wound was bleeding a little. The nurse said, ""Just do not worry, it's normal, it will",LITERAL
in stitches,2,"After the accident, the nurse said his arm was in stitches",DRAFT-needs-2nd-annotator-validation,1.2,1," and would be in a cast for about three months.
He said he had to take a lot of painkillers to relieve the pain and the nurse was very helpful in giving him the right dosage.
The man said the pain was very bad and he",FIGURATIVE
in stitches,2,"After the accident, the nurse said his arm was in stitches",DRAFT-needs-2nd-annotator-validation,1.2,2,", and his wife was shocked. She asked the nurse if he could do it at home, and the nurse said he couldn’t do it at home. The wife took him to the hospital and asked him to do it. The nurse was furious and",LITERAL
in stitches,2,"After the accident, the nurse said his arm was in stitches",DRAFT-needs-2nd-annotator-validation,1.2,3,", and the doctor told him that he would have to take a month off work. The nurse's arm is in stitches because of the accident. The doctor told him that he would have to take a month off work.
A. true
B.",FIGURATIVE
in stitches,2,"After the accident, the nurse said his arm was in stitches",DRAFT-needs-2nd-annotator-validation,1.2,4," and he needed a doctor’s help. The ambulance took him to the hospital. He was then admitted to the hospital for further treatment. The nurse was told to take him to the emergency room for further treatment.
The nurse was told to take the patient",FIGURATIVE
in stitches,2,"After the accident, the nurse said his arm was in stitches",DRAFT-needs-2nd-annotator-validation,2.39,0,", but the doctors said it was not broken. Then the nurse gave him a shot of morphine. The pain was gone.
A couple of days later the nurse said he was still in pain. The doctor said, ""Oh, it's broken",FIGURATIVE
in stitches,2,"After the accident, the nurse said his arm was in stitches",DRAFT-needs-2nd-annotator-validation,2.39,1,", and the doctor said it was a broken bone. The doctor asked the patient, ""How much is the broken arm worth?"" The patient replied, ""It depends on how much I can sell it for."" The doctor said, ""That's what",FIGURATIVE
in stitches,2,"After the accident, the nurse said his arm was in stitches",DRAFT-needs-2nd-annotator-validation,2.39,2,". It was a very bad accident. He had to stay in the hospital for a few days. He was very lucky, he could still use his arm. He was also very lucky that the car wasn't moving at the time of the accident.",FIGURATIVE
in stitches,2,"After the accident, the nurse said his arm was in stitches",DRAFT-needs-2nd-annotator-validation,2.39,3," and that he was in the hospital for several days. The driver of the car was not injured and was not involved in the accident. The insurance company of the driver of the car has not yet made a claim against the driver of the car.
The",FIGURATIVE
in stitches,2,"After the accident, the nurse said his arm was in stitches",DRAFT-needs-2nd-annotator-validation,2.39,4,", but he was not sure whether the arm was in the hospital for a long time, but he felt that the arm was a little stiff. After a few days, the doctor said that his arm was fractured, and the arm was in a plaster",LITERAL
in stitches,2,"After the accident, the nurse said his arm was in stitches",DRAFT-needs-2nd-annotator-validation,3.59,0,". The doctors at the hospital were able to stabilize the patient’s condition. However, the doctors still needed to operate on the patient. They had to use the patient’s blood to transfuse the patient. The patient’s blood was the only blood in",LITERAL
in stitches,2,"After the accident, the nurse said his arm was in stitches",DRAFT-needs-2nd-annotator-validation,3.59,1,", and the patient's family asked him to get the blood of the patient, but the nurse refused to do it, the patient's family went to the hospital and saw the nurse, he said he had to go to the hospital to get the blood",INCOHERENT
in stitches,2,"After the accident, the nurse said his arm was in stitches",DRAFT-needs-2nd-annotator-validation,3.59,2,". He was told he had no chance of ever using his arm again. The surgeon was a top specialist who had performed hundreds of operations. The surgeon was an expert, the nurse said.
The patient was so upset, he thought he was going to",FIGURATIVE
in stitches,2,"After the accident, the nurse said his arm was in stitches",DRAFT-needs-2nd-annotator-validation,3.59,3,". The nurse, who was a little more than a year away from retirement, was not going to miss out on any extra income. In addition to the extra hours she worked, she also got a pay increase. She felt like she was being rewarded",LITERAL
in stitches,2,"After the accident, the nurse said his arm was in stitches",DRAFT-needs-2nd-annotator-validation,3.59,4,". He was in a lot of pain. They told him he had to stay in the hospital for a couple of days. They took him to a room and gave him some pain medication. After a while, he fell asleep. He woke up a",FIGURATIVE
in stitches,2,"After the accident, the nurse said his arm was in stitches",DRAFT-needs-2nd-annotator-validation,4.78,0,". He didn’t like the way it looked, and the nurse said it was just bruising. He said it looked like a broken arm and the nurse said she would check it again, but that she didn’t think it was broken. He said",LITERAL
in stitches,2,"After the accident, the nurse said his arm was in stitches",DRAFT-needs-2nd-annotator-validation,4.78,1,. She said he was in a lot of pain. He was not. The doctor said he was in a lot of pain. He was not. He was not. He was not. He was not. He was not. He was not.,FIGURATIVE
in stitches,2,"After the accident, the nurse said his arm was in stitches",DRAFT-needs-2nd-annotator-validation,4.78,2,". A little over a year later, he still has a hard time with his right arm, and a lot of pain. The doctor says he is in good health, but it's hard to believe that. He's been to the doctor several times",LITERAL
in stitches,2,"After the accident, the nurse said his arm was in stitches",DRAFT-needs-2nd-annotator-validation,4.78,3,", but after a week of pain and swelling, the nurse’s arm was amputated. After the accident, the nurse said his arm was in stitches, but after a week of pain and swelling, the nurse’s arm was amputated.
",LITERAL
in stitches,2,"After the accident, the nurse said his arm was in stitches",DRAFT-needs-2nd-annotator-validation,4.78,4,". The doctor told him his arm would be in a cast for 6 weeks. The doctor also said that he would be back to work in 3 weeks.
The doctor also said that he would be back to work in 3 weeks.
This",INCOHERENT
in the pink,1,"Despite his age, the old farmer still looked in the pink",DRAFT-needs-2nd-annotator-validation,-4.78,0," box for the day’s special.
It was just like he used to do when he was young and strong.
He reached for the apple and handed it to his wife.
She took it and looked at it.
Then she smiled and said, “Thank",FIGURATIVE
in the pink,1,"Despite his age, the old farmer still looked in the pink",DRAFT-needs-2nd-annotator-validation,-4.78,1," barrel for his daily dose of medicine. He always took his medicine with a teaspoon of honey. This morning, though, the honey was gone. The farmer was furious. He demanded to know where the honey was.
The doctor looked the farmer in the",FIGURATIVE
in the pink,1,"Despite his age, the old farmer still looked in the pink",DRAFT-needs-2nd-annotator-validation,-4.78,2," bucket and shook his head. “I’m not sure what to do. I thought I was being helpful by giving you this bucket of apples, but now I see that you are going to be in trouble. I’m afraid I may have to call",LITERAL
in the pink,1,"Despite his age, the old farmer still looked in the pink",DRAFT-needs-2nd-annotator-validation,-4.78,3," barrel for the ripest apples. He put the apples in a basket and went to the market. On his way home, he stopped to visit his old friend, the farmer who lived next door. The old farmer said, ""I've got some",LITERAL
in the pink,1,"Despite his age, the old farmer still looked in the pink",DRAFT-needs-2nd-annotator-validation,-4.78,4," box every morning. He could not explain why. But he did it anyway. He looked at the box and he knew. He knew that it was going to be a good day.
So he would get up early and go to the barn. There",FIGURATIVE
in the pink,1,"Despite his age, the old farmer still looked in the pink",DRAFT-needs-2nd-annotator-validation,-3.59,0," barrel to check on the condition of the apples. He said that the apples were good to eat but that he would probably have to cook them because they were not good enough to sell.
The farmer said that he had been growing apples since he was a",LITERAL
in the pink,1,"Despite his age, the old farmer still looked in the pink",DRAFT-needs-2nd-annotator-validation,-3.59,1," barrel, but could not find the ball he had dropped in it. He asked his grandson to help him look. After a while, the boy found the ball and handed it to his grandfather. The old man was very pleased and asked the boy,",LITERAL
in the pink,1,"Despite his age, the old farmer still looked in the pink",DRAFT-needs-2nd-annotator-validation,-3.59,2," of condition. He was wearing his old straw hat, and his trousers were patched in several places. But his face was still youthful, and he still had a twinkle in his eye.
As he turned the pages, the old man could not help",FIGURATIVE
in the pink,1,"Despite his age, the old farmer still looked in the pink",DRAFT-needs-2nd-annotator-validation,-3.59,3," barrel for a snake. He knew there were snakes in the barrel, but he also knew that they were not poisonous. However, the old farmer knew that snakes were dangerous, and he was afraid of snakes. He was afraid that one of the snakes",LITERAL
in the pink,1,"Despite his age, the old farmer still looked in the pink",DRAFT-needs-2nd-annotator-validation,-3.59,4," barrel of the rifle.
""I can still do this,"" he said, ""if you can.""
The old farmer had been blind for over 20 years, and he had no idea what the boy was pointing at.
The old man closed his eyes and",INCOHERENT
in the pink,1,"Despite his age, the old farmer still looked in the pink",DRAFT-needs-2nd-annotator-validation,-2.39,0," barrel for his favorite apple. He was disappointed to find that there were no more apples left. ""I guess I'll have to look in the other barrels"", he said to himself. He opened the next barrel and was surprised to see that there were",LITERAL
in the pink,1,"Despite his age, the old farmer still looked in the pink",DRAFT-needs-2nd-annotator-validation,-2.39,1," barrel for the pink eggs. He would take a couple to the doctor, then he would take some to his neighbor, and then he would take some to the bank. His wife said, ""Honey, you are not going to take any more",LITERAL
in the pink,1,"Despite his age, the old farmer still looked in the pink",DRAFT-needs-2nd-annotator-validation,-2.39,2,"ed mirror at the back of the barn. It had been a long day, and he was tired. He rubbed his eyes, then rubbed his beard. It had been a good year. He had been able to pay off his mortgage, and now",FIGURATIVE
in the pink,1,"Despite his age, the old farmer still looked in the pink",DRAFT-needs-2nd-annotator-validation,-2.39,3," of condition as he worked his way up the steep hillside. I was surprised he was able to make it up the hill. He had been working his way up the hill since before dawn, and he had been doing it for a long time.",LITERAL
in the pink,1,"Despite his age, the old farmer still looked in the pink",DRAFT-needs-2nd-annotator-validation,-2.39,4," barrel for the ripest apples. He was sure they were there somewhere. He’d been looking for them for years. As he bent over, he fell forward, breaking his neck.
He had searched for those apples for years and never found them.
",LITERAL
in the pink,1,"Despite his age, the old farmer still looked in the pink",DRAFT-needs-2nd-annotator-validation,-1.2,0," of condition. He was 83, but he looked younger. He had a firm, muscular body, and his eyes sparkled with the joy of life.
The farmer was a widower, and he had no children. But he had a very",FIGURATIVE
in the pink,1,"Despite his age, the old farmer still looked in the pink",DRAFT-needs-2nd-annotator-validation,-1.2,1," of condition. He was tall, with a lean body and a weather-beaten face. He wore a black felt hat, a homespun shirt, and a pair of buckskin trousers. His boots were worn and scuffed, and his belt was",LITERAL
in the pink,1,"Despite his age, the old farmer still looked in the pink",DRAFT-needs-2nd-annotator-validation,-1.2,2,ish light of the morning sky and saw the green of the corn and the blue of the sky. He saw the blue of the sky and the green of the corn. He saw the green of the corn and the blue of the sky. He saw,UNPARSEABLE
in the pink,1,"Despite his age, the old farmer still looked in the pink",DRAFT-needs-2nd-annotator-validation,-1.2,3," mirror. The old farmer looked at the old man’s face in the mirror and saw the wrinkles, the lines of the face, and the gray hairs. He was proud of his wrinkles and gray hairs. He had earned them. He had spent a",FIGURATIVE
in the pink,1,"Despite his age, the old farmer still looked in the pink",DRAFT-needs-2nd-annotator-validation,-1.2,4," mirror every morning before he left for the fields to check that his teeth were still straight.
The farmer always found them to be. He was proud of them. He'd never had a tooth taken out, and he wasn't going to start now.
",LITERAL
in the pink,1,"Despite his age, the old farmer still looked in the pink",DRAFT-needs-2nd-annotator-validation,0.0,0," of health. He was a small man with a wrinkled face and a shock of white hair. His eyes twinkled with intelligence and good humor.
His name was John. He lived on a farm with his wife, Martha, and their two children",FIGURATIVE
in the pink,1,"Despite his age, the old farmer still looked in the pink",DRAFT-needs-2nd-annotator-validation,0.0,1," of condition. He was a man of medium height, with a sturdy build, and his face was deeply tanned by the sun. His hair was grey, but his eyes were clear and bright. He had a cheerful manner, and he was always",FIGURATIVE
in the pink,1,"Despite his age, the old farmer still looked in the pink",DRAFT-needs-2nd-annotator-validation,0.0,2," of health. He had a rosy complexion, a clear eye and a bright smile. He was dressed in a pair of trousers and a shirt, but his appearance was very old-fashioned. He wore a pair of slippers on his feet and a",FIGURATIVE
in the pink,1,"Despite his age, the old farmer still looked in the pink",DRAFT-needs-2nd-annotator-validation,0.0,3," of health. He was a big man, with a large, ruddy face, a big, bushy white beard, and a big, bushy white mustache. He was dressed in a gray suit with a wide-brimmed, black",LITERAL
in the pink,1,"Despite his age, the old farmer still looked in the pink",DRAFT-needs-2nd-annotator-validation,0.0,4," of health as he rode to church with his young wife on his arm. But when he reached the church door, he fell down dead at the entrance. His wife was beside herself with grief. Her only child was now an orphan. The little boy",FIGURATIVE
in the pink,1,"Despite his age, the old farmer still looked in the pink",DRAFT-needs-2nd-annotator-validation,1.2,0,", and his eyes sparkled when he talked of his favorite subject: his garden.
""Ah, the garden! The garden! My little patch of heaven!"" he said. ""I've been growing vegetables there for fifty years. I've been growing",FIGURATIVE
in the pink,1,"Despite his age, the old farmer still looked in the pink",DRAFT-needs-2nd-annotator-validation,1.2,1,". He had a white beard, a white mustache, and a white head of hair. His skin was a healthy pink, and his blue eyes sparkled with youth and vitality. His eyes were bright and clear. His hands were as strong and",FIGURATIVE
in the pink,1,"Despite his age, the old farmer still looked in the pink",DRAFT-needs-2nd-annotator-validation,1.2,2,", and the red-faced, middle-aged farmer with him, was obviously impressed. “If you don’t mind, I’d like to ask you a few questions about your experience with the new machine,” he said.
The old farmer looked around the barn",LITERAL
in the pink,1,"Despite his age, the old farmer still looked in the pink",DRAFT-needs-2nd-annotator-validation,1.2,3,". He had the look of a man who lived life in the full, with a smile on his face and a spring in his step. He had been a farmer all his life and had a great love for the land. He told me that he",LITERAL
in the pink,1,"Despite his age, the old farmer still looked in the pink",DRAFT-needs-2nd-annotator-validation,1.2,4,". He was fit, healthy and strong. He still worked his own land, and was as tough as they come. But, he knew his time was up. He had reached the end of the road.
One day, as he was plough",FIGURATIVE
in the pink,1,"Despite his age, the old farmer still looked in the pink",DRAFT-needs-2nd-annotator-validation,2.39,0,". His eyes sparkled, his smile was infectious, and his words were clear and concise. I was happy to sit and listen to his story, but I was also a bit nervous. I was about to hear a story of a man who lived",FIGURATIVE
in the pink,1,"Despite his age, the old farmer still looked in the pink",DRAFT-needs-2nd-annotator-validation,2.39,1,. He was as sharp as a tack. His memory was as clear as a bell. He was sharp as a tack and clear as a bell. You could tell by the way he talked. He was so sharp and clear that you could tell by,FIGURATIVE
in the pink,1,"Despite his age, the old farmer still looked in the pink",DRAFT-needs-2nd-annotator-validation,2.39,2,". He was still able to drive a tractor and harvest his corn and beans. He also continued to do the gardening and work in his yard, though he had to rely on a walker for support.
The farmer’s wife was still very active. She",LITERAL
in the pink,1,"Despite his age, the old farmer still looked in the pink",DRAFT-needs-2nd-annotator-validation,2.39,3,", though his once tanned face had taken on a grayish cast. His voice, too, had lost some of its youthful vigor, but he was still a man who could talk for hours on end, and who could tell you with great detail",FIGURATIVE
in the pink,1,"Despite his age, the old farmer still looked in the pink",DRAFT-needs-2nd-annotator-validation,2.39,4,". His body was lean, his skin smooth and his eyes were clear. He was in good health and was not slowing down. He had no trouble keeping up with his grandchildren, and he was still a strong man.
But the old farmer had a",FIGURATIVE
in the pink,1,"Despite his age, the old farmer still looked in the pink",DRAFT-needs-2nd-annotator-validation,3.59,0,". He was a tough old man, and he was not afraid to use his fists. But there was a time when he was a young man, and he was a champion of the local boxing ring. The old man had a long history of winning",FIGURATIVE
in the pink,1,"Despite his age, the old farmer still looked in the pink",DRAFT-needs-2nd-annotator-validation,3.59,1,". He said he’d done it all his life and he was still learning.
I’m sure he’s right, he was probably one of the first farmers to use the internet to market his produce.
I’ve been thinking a lot about the old farmer",FIGURATIVE
in the pink,1,"Despite his age, the old farmer still looked in the pink",DRAFT-needs-2nd-annotator-validation,3.59,2,". He was a handsome man, a little on the heavy side but his face was unlined and he still had a shock of black hair that was beginning to show a little grey. He wore a white shirt, and a pair of brown trousers,",LITERAL
in the pink,1,"Despite his age, the old farmer still looked in the pink",DRAFT-needs-2nd-annotator-validation,3.59,3,". He was the most productive and profitable farmer in the area. He had a strong work ethic and was always working. He was known for his good nature, and he was a good friend to his neighbors.
He was also known for his strong faith",LITERAL
in the pink,1,"Despite his age, the old farmer still looked in the pink",DRAFT-needs-2nd-annotator-validation,3.59,4,".
The man who was 84 years old was walking down the street in his hometown of Bemidji, Minnesota.
As he was about to cross the road, he noticed a big, black truck approaching. The driver of the truck was a",FIGURATIVE
in the pink,1,"Despite his age, the old farmer still looked in the pink",DRAFT-needs-2nd-annotator-validation,4.78,0,". He looked like a walking, talking, talking picture. He could have been a poster boy for the health food industry. He was a good example of a healthy and happy man.
The old farmer was in his 90s and he was still",LITERAL
in the pink,1,"Despite his age, the old farmer still looked in the pink",DRAFT-needs-2nd-annotator-validation,4.78,1,".
He was a hard worker, but he wasn’t a spring chicken anymore.
One day, he went to town to visit his doctor. The doctor said he was in good health, but that he needed to have his eyes checked. The old farmer",FIGURATIVE
in the pink,1,"Despite his age, the old farmer still looked in the pink",DRAFT-needs-2nd-annotator-validation,4.78,2,". He had a full head of gray hair, and his face was tanned and weathered. His eyes were deep-set and piercing. He had a large, strong nose and a mouth that was always set in a frown. His eyes never",UNPARSEABLE
in the pink,1,"Despite his age, the old farmer still looked in the pink",DRAFT-needs-2nd-annotator-validation,4.78,3,". He was a good-looking man with thick white hair, a beard and mustache, and a strong, muscular build. The man was so strong that he could easily outwork any young man, even those who were in their twenties. He had",LITERAL
in the pink,1,"Despite his age, the old farmer still looked in the pink",DRAFT-needs-2nd-annotator-validation,4.78,4,". He didn’t miss anything. He was always on the lookout for anything out of place. He was a very sharp old man.
On one such occasion, he saw a young boy from his neighborhood digging a hole in the garden. He rushed up",FIGURATIVE
in the pink,2,The interior designer wanted the nursery walls in the pink,DRAFT-needs-2nd-annotator-validation,-4.78,0," to look as if they were made of wood. She wanted to give the walls a rustic look that would be a nice contrast to the clean white walls in the rest of the nursery. To accomplish this, she decided to paint the walls with a wood",LITERAL
in the pink,2,The interior designer wanted the nursery walls in the pink,DRAFT-needs-2nd-annotator-validation,-4.78,1," area to be painted in a warm, muted color palette. The color palette was chosen because it is a gender neutral color scheme, and will be able to be used for many years to come. We chose the color palette of soft blue, pale yellow",FIGURATIVE
in the pink,2,The interior designer wanted the nursery walls in the pink,DRAFT-needs-2nd-annotator-validation,-4.78,2," room to be covered with a graphic print. The nursery walls are a soft blush pink and the designer used a bold print to make the walls pop. A soft blue, white, and pink color palette was used to make the nursery feel feminine and calming",FIGURATIVE
in the pink,2,The interior designer wanted the nursery walls in the pink,DRAFT-needs-2nd-annotator-validation,-4.78,3," room to be a mix of colors, but she needed the right colors and a way to achieve it. She asked me for some ideas. I suggested that she use a color wheel to determine the right colors and then used the right colors to mix them",FIGURATIVE
in the pink,2,The interior designer wanted the nursery walls in the pink,DRAFT-needs-2nd-annotator-validation,-4.78,4, to look like they were covered in paint. We used the 3M Paintable Film to create a painted look. The nursery is now complete and it looks fantastic!,LITERAL
in the pink,2,The interior designer wanted the nursery walls in the pink,DRAFT-needs-2nd-annotator-validation,-3.59,0," room to be a calming white, but she wanted to add a pop of color to the room. She chose a patterned wallpaper that was a white and gray color with an abstract pattern. The pattern was very subtle, so it did not overpower the",FIGURATIVE
in the pink,2,The interior designer wanted the nursery walls in the pink,DRAFT-needs-2nd-annotator-validation,-3.59,1," room to be a soothing pale blue. However, she was worried that the color might be too ""girlie"" for the baby boy. To counteract this, she chose a neutral gray for the crib and the changing table. The gray walls and",FIGURATIVE
in the pink,2,The interior designer wanted the nursery walls in the pink,DRAFT-needs-2nd-annotator-validation,-3.59,2," to be painted a light shade of green, to give the room a fresh, clean feel. The walls were painted using Farrow and Ball's 'Railings' paint. The walls were also painted using Farrow and Ball's 'Railings'",FIGURATIVE
in the pink,2,The interior designer wanted the nursery walls in the pink,DRAFT-needs-2nd-annotator-validation,-3.59,3, and blue color. But the walls are made up of a wall-to-wall carpet and the designer did not want to paint the walls because of the color of the carpet. She asked me to create a mural on the wall with the nursery theme. I,FIGURATIVE
in the pink,2,The interior designer wanted the nursery walls in the pink,DRAFT-needs-2nd-annotator-validation,-3.59,4, of her choice but the mother-to-be had a problem with the white walls. She could not see herself decorating the nursery with bold and bright colors. She did not want her child to be exposed to bright colors as they would be harmful for the child,FIGURATIVE
in the pink,2,The interior designer wanted the nursery walls in the pink,DRAFT-needs-2nd-annotator-validation,-2.39,0, room to be covered in a calming neutral colour. This was chosen to give the space a peaceful and restful feel. The designer decided to use a white paint to cover the walls and then added a pale grey wall paper to add texture and depth to,LITERAL
in the pink,2,The interior designer wanted the nursery walls in the pink,DRAFT-needs-2nd-annotator-validation,-2.39,1," and grey color scheme. The furniture was chosen to match the colors and the accessories were selected to complement the color scheme.
The interior designer wanted the nursery walls in the pink and grey color scheme. The furniture was chosen to match the colors and the accessories",FIGURATIVE
in the pink,2,The interior designer wanted the nursery walls in the pink,DRAFT-needs-2nd-annotator-validation,-2.39,2," room to be the same color as the walls in the baby's room.
The client was looking for a warm and cozy bedroom that would feel inviting to the baby when they visit.
The client wanted to create a calming and peaceful space for the baby to",LITERAL
in the pink,2,The interior designer wanted the nursery walls in the pink,DRAFT-needs-2nd-annotator-validation,-2.39,3," room to be painted a soft, subtle color, so we used Farrow & Ball’s “Stiffkey Blue” in the lower third of the wall to create a subtle, but eye-catching accent. A simple, modern crib and furniture collection was",LITERAL
in the pink,2,The interior designer wanted the nursery walls in the pink,DRAFT-needs-2nd-annotator-validation,-2.39,4," bedroom to be painted in a pale pink color. The nursery walls were painted in a pale pink color. The nursery walls were painted in a pale pink color.
The interior designer wanted the nursery walls in the pink bedroom to be painted in a pale pink",FIGURATIVE
in the pink,2,The interior designer wanted the nursery walls in the pink,DRAFT-needs-2nd-annotator-validation,-1.2,0," room to be painted a soft, baby pink color. The nursery walls in the blue room are painted a light blue color.
The designer decided to paint the nursery walls in the blue room a dark blue color. The designer wanted to paint the nursery walls",INCOHERENT
in the pink,2,The interior designer wanted the nursery walls in the pink,DRAFT-needs-2nd-annotator-validation,-1.2,1," room to be painted in a soft pink. This was in contrast to the bright, bold colors of the rest of the nursery. To achieve this, she used a light pink paint on the walls and then added a layer of a darker pink paint over",LITERAL
in the pink,2,The interior designer wanted the nursery walls in the pink,DRAFT-needs-2nd-annotator-validation,-1.2,2," nursery to be neutral, with a touch of pink and a little sparkle. She chose the Benjamin Moore color, Simply White, and a pink trim. The room is done in a modern style, with the crib and dresser from Pottery Barn Kids.",LITERAL
in the pink,2,The interior designer wanted the nursery walls in the pink,DRAFT-needs-2nd-annotator-validation,-1.2,3," room to be a neutral, yet vibrant color. She chose Benjamin Moore’s Simply White for the walls and Benjamin Moore’s Pink Zest for the trim. The walls were painted with two coats of Benjamin Moore’s Advance and then two coats of Benjamin Moore",FIGURATIVE
in the pink,2,The interior designer wanted the nursery walls in the pink,DRAFT-needs-2nd-annotator-validation,-1.2,4," room to be a soft pink, but she wanted the baby’s crib to be a light gray, and she wanted a modern rug for the floor. She also wanted the crib to be the focal point of the room. This nursery was designed for a",LITERAL
in the pink,2,The interior designer wanted the nursery walls in the pink,DRAFT-needs-2nd-annotator-validation,0.0,0," and blue hues. But the walls were covered with white paint and the floor was covered with light grey tiles.
The room was small and it was not very difficult to decorate it with minimal items.
The walls were painted with pink and blue paint. A",LITERAL
in the pink,2,The interior designer wanted the nursery walls in the pink,DRAFT-needs-2nd-annotator-validation,0.0,1," and blue color scheme. The crib was a pink and blue theme. The room was decorated with a vintage nursery theme and a few modern pieces. The room is also decorated with a few modern pieces.
The nursery walls were decorated with a variety of pink",FIGURATIVE
in the pink,2,The interior designer wanted the nursery walls in the pink,DRAFT-needs-2nd-annotator-validation,0.0,2," room to be painted in a soft pink shade. The colour, ‘Tiffany’, was selected by the designer from the Farrow & Ball range of paints.
The nursery walls in the pink room were painted in a soft pink shade called ‘Tiffany",FIGURATIVE
in the pink,2,The interior designer wanted the nursery walls in the pink,DRAFT-needs-2nd-annotator-validation,0.0,3," of her daughter’s love of the color. The baby’s room was located in the basement, and the pink walls were a stark contrast to the white walls in the rest of the house. The designer also wanted to create a space that would be safe",FIGURATIVE
in the pink,2,The interior designer wanted the nursery walls in the pink,DRAFT-needs-2nd-annotator-validation,0.0,4," color scheme. To add a pop of color to the room, she chose this nursery rug. The pattern is inspired by the color palette of the nursery. The nursery rug is also available in a white color scheme. The nursery rug is made of ",LITERAL
in the pink,2,The interior designer wanted the nursery walls in the pink,DRAFT-needs-2nd-annotator-validation,1.2,0,", so we painted them with a soft pink. We chose a wallpaper that has a subtle floral pattern and is easy to look at. We also wanted to add some color to the room. The wallpaper is a bit bright, but we didn’t want",FIGURATIVE
in the pink,2,The interior designer wanted the nursery walls in the pink,DRAFT-needs-2nd-annotator-validation,1.2,1,", and we delivered. This nursery features a large custom-made bed with a built-in changing station, a pink wall, and a pink crib. The furniture and decor were chosen by the client. The nursery also features a white crib with a pink accent",LITERAL
in the pink,2,The interior designer wanted the nursery walls in the pink,DRAFT-needs-2nd-annotator-validation,1.2,2,", and the room in general to have a subtle, girly vibe. The client didn't want a lot of bright colors or bold patterns, so the designer decided to go with a light pink color palette and some simple patterns. For the furniture,",FIGURATIVE
in the pink,2,The interior designer wanted the nursery walls in the pink,DRAFT-needs-2nd-annotator-validation,1.2,3,", and a neutral color for the rest of the room. The walls were painted with Benjamin Moore’s “Pink Lemonade” and the ceiling was painted with “Lapiz Blue” by the same manufacturer.
A modern crib with a classic look is",LITERAL
in the pink,2,The interior designer wanted the nursery walls in the pink,DRAFT-needs-2nd-annotator-validation,1.2,4,". The baby boy’s nursery is decorated in a soft, feminine palette of pink, white, and gray. A pink tufted headboard anchors the room, while a white dresser and pink rocking chair provide a place for the baby to rest.
",FIGURATIVE
in the pink,2,The interior designer wanted the nursery walls in the pink,DRAFT-needs-2nd-annotator-validation,2.39,0,". In fact, she was so in love with the nursery, she wanted to paint it. The nursery walls in the pink were painted by a local contractor. The nursery walls in the pink are now a very popular color in nurseries, and they",FIGURATIVE
in the pink,2,The interior designer wanted the nursery walls in the pink,DRAFT-needs-2nd-annotator-validation,2.39,1,", but the rest of the room was a different story. The owner, a father, had a specific idea for the room. “He wanted to make it fun and masculine,” the designer says. She decided to stick with a color palette of black",FIGURATIVE
in the pink,2,The interior designer wanted the nursery walls in the pink,DRAFT-needs-2nd-annotator-validation,2.39,2,". She wanted them painted a soft blue with a hint of green, with pops of color and texture in the form of a crib, dresser, and bedding. She wanted the crib to be the focal point of the room, and she wanted the dresser",LITERAL
in the pink,2,The interior designer wanted the nursery walls in the pink,DRAFT-needs-2nd-annotator-validation,2.39,3,".
She decided to use wallpaper that had a pink background and black and white geometric designs on it. The wallpaper was purchased from a company that sells wallpaper that is made for children’s rooms.
The wallpaper was installed on the walls in the nursery and the",FIGURATIVE
in the pink,2,The interior designer wanted the nursery walls in the pink,DRAFT-needs-2nd-annotator-validation,2.39,4," and we did not disappoint. We installed a custom painted wall mural of a beautiful pink floral print, as well as a pink chevron accent wall with a matching pink chair rail. The nursery was complete with a custom built crib, changing table, and",LITERAL
in the pink,2,The interior designer wanted the nursery walls in the pink,DRAFT-needs-2nd-annotator-validation,3.59,0,", so we took to Pinterest and the web to find some inspiration.
We also found some great wallpaper online. We were able to purchase the wallpaper and have it shipped to our office. Once we received the wallpaper, we had it shipped to the designer",FIGURATIVE
in the pink,2,The interior designer wanted the nursery walls in the pink,DRAFT-needs-2nd-annotator-validation,3.59,1,".
The designer and the client came up with a plan to use the nursery walls as a gallery.
The walls were painted white, and the designer chose a mix of black and white frames to hold the photos.
The client loved the idea, and the",FIGURATIVE
in the pink,2,The interior designer wanted the nursery walls in the pink,DRAFT-needs-2nd-annotator-validation,3.59,2,". She wanted the walls to look like a gallery of her favourite children’s art. She also wanted to include a gallery of her own work, which she thought would be a great way to connect with her child.
The walls were painted in a pale",LITERAL
in the pink,2,The interior designer wanted the nursery walls in the pink,DRAFT-needs-2nd-annotator-validation,3.59,3,". She had her heart set on a gray paint color, but it was a bit too dark and needed to be brightened up a bit. I added a white paint to the mix and it worked like a charm. The room is now brighter and",FIGURATIVE
in the pink,2,The interior designer wanted the nursery walls in the pink,DRAFT-needs-2nd-annotator-validation,3.59,4,. She wanted to use a fabric wallpaper in the baby’s room. The nursery is in a large room with an adjoining room that serves as a playroom. The client wanted to use the adjoining room for a playroom. The interior designer used a,FIGURATIVE
in the pink,2,The interior designer wanted the nursery walls in the pink,DRAFT-needs-2nd-annotator-validation,4.78,0,", but there were several challenges to overcome. The first was the lack of space in the room, which meant that the walls had to be decorated in a way that maximised the available space. The second was the colour of the walls, which was",FIGURATIVE
in the pink,2,The interior designer wanted the nursery walls in the pink,DRAFT-needs-2nd-annotator-validation,4.78,1,". But she had no idea how to achieve it.
The nursery walls in this London home were painted in a neutral shade. But the client wanted something more striking, and to make the most of the room’s high ceilings.
The client wanted the nursery",LITERAL
in the pink,2,The interior designer wanted the nursery walls in the pink,DRAFT-needs-2nd-annotator-validation,4.78,2,". A neutral palette, a few accent pieces, and a little bit of whimsy is all it takes to make a nursery feel special. With a few easy DIY projects, you can easily create a beautiful nursery for your new baby. Here are some",UNPARSEABLE
in the pink,2,The interior designer wanted the nursery walls in the pink,DRAFT-needs-2nd-annotator-validation,4.78,3,. It was a blank slate. The nursery is located in a home built in 1936. It is a typical mid-century modern home. The mid-century modern style has a modern look with a mid-century feel. The designer wanted to bring in,FIGURATIVE
in the pink,2,The interior designer wanted the nursery walls in the pink,DRAFT-needs-2nd-annotator-validation,4.78,4,". So he and his team went to work. They removed the existing wallpaper, then applied a fresh coat of white paint. Then they installed a coat rack, a table, and a bench. They also hung a few pieces of artwork, including a",LITERAL
green light,1,"After months of delays, the city council finally gave the project the green light",DRAFT-needs-2nd-annotator-validation,-4.78,0," light last week. But the council is still waiting for the state to provide funding for the project.
The city is also waiting for a permit from the state Department of Transportation to allow the project to proceed. That permit was originally scheduled to be issued in",FIGURATIVE
green light,1,"After months of delays, the city council finally gave the project the green light",DRAFT-needs-2nd-annotator-validation,-4.78,1," light, clearing the way for the demolition of the old hospital on East Street.
The $5.6 million project will be paid for with a combination of state and city money. It will include a new fire station, a community center and a new",LITERAL
green light,1,"After months of delays, the city council finally gave the project the green light",DRAFT-needs-2nd-annotator-validation,-4.78,2,"light.
The 2.5-acre park is located at 17th and I Streets NW, near the U.S. Department of Agriculture headquarters. It’s part of the city’s effort to revitalize the area.
The park will feature a playground",FIGURATIVE
green light,1,"After months of delays, the city council finally gave the project the green light",DRAFT-needs-2nd-annotator-validation,-4.78,3," on Monday. The city council voted to approve the project for 40 units, with a minimum of 25 units being affordable.
The project was originally planned for 35 units, with 15 being affordable, but the council decided to increase the number",FIGURATIVE
green light,1,"After months of delays, the city council finally gave the project the green light",DRAFT-needs-2nd-annotator-validation,-4.78,4," at their meeting on Monday. The council voted to approve the contract with the engineering firm, Fehr & Peers, at the same meeting.
The city has been working on the project since 2014. The city and the engineering firm have been",LITERAL
green light,1,"After months of delays, the city council finally gave the project the green light",DRAFT-needs-2nd-annotator-validation,-3.59,0," in 2016, and the company was able to break ground in 2017. However, the project faced another delay when the developer’s financial partner pulled out of the project in 2018.
The project is now expected to be completed in",FIGURATIVE
green light,1,"After months of delays, the city council finally gave the project the green light",DRAFT-needs-2nd-annotator-validation,-3.59,1," to go forward. The project will be funded through the sale of tax-exempt bonds and will be paid off through property taxes over 20 years.
The city council gave the project the green light, and the developer plans to start construction in the spring",FIGURATIVE
green light,1,"After months of delays, the city council finally gave the project the green light",DRAFT-needs-2nd-annotator-validation,-3.59,2,".
The 16th Street Mall in Denver has been under construction for almost 5 years now. It’s a project that’s been in the works since 2005, and it’s finally ready to go. The project has been delayed due to",FIGURATIVE
green light,1,"After months of delays, the city council finally gave the project the green light",DRAFT-needs-2nd-annotator-validation,-3.59,3,".
The city of San Antonio is moving forward with its plans to build a new city hall and headquarters for the Bexar County District Attorney’s Office.
The San Antonio City Council gave the go-ahead Tuesday for the city to enter into a $30",FIGURATIVE
green light,1,"After months of delays, the city council finally gave the project the green light",DRAFT-needs-2nd-annotator-validation,-3.59,4," to move forward. The project has been a long time coming and will take approximately 12 months to complete. The project will replace the existing 60 year old water main with a new, larger pipe. The new water main will be installed from ",FIGURATIVE
green light,1,"After months of delays, the city council finally gave the project the green light",DRAFT-needs-2nd-annotator-validation,-2.39,0," to move forward. The city will be taking on a new approach to this project, by using a design-build contract, which is a contract where the city hires a design firm and a construction firm at the same time. The design-build contract was chosen",FIGURATIVE
green light,1,"After months of delays, the city council finally gave the project the green light",DRAFT-needs-2nd-annotator-validation,-2.39,1," to proceed. The project is expected to cost $150 million. The city has allocated $10 million in the budget for the project.
The new library will be located at 1200 7th Avenue. The building will be 40,000",LITERAL
green light,1,"After months of delays, the city council finally gave the project the green light",DRAFT-needs-2nd-annotator-validation,-2.39,2,".
The city council finally gave the green light to a project that has been in the works for months.
A project that has been in the works for months finally got the green light from the city council.
The council voted to approve a project to create",FIGURATIVE
green light,1,"After months of delays, the city council finally gave the project the green light",DRAFT-needs-2nd-annotator-validation,-2.39,3," for approval. The project will cost $1.2 billion and will be financed by a mix of federal, state, and city funds. The project is expected to create thousands of jobs and will help to improve the economy of the area.
The project",FIGURATIVE
green light,1,"After months of delays, the city council finally gave the project the green light",DRAFT-needs-2nd-annotator-validation,-2.39,4," on Friday night. The vote was 5-2, with Council members Karen Gaffney and Mary Ellen Zellner dissenting. The council also approved the design of the project, including the height of the towers, and a plan to build",FIGURATIVE
green light,1,"After months of delays, the city council finally gave the project the green light",DRAFT-needs-2nd-annotator-validation,-1.2,0," on Thursday, February 6. The 50-acre development will include 1,300 apartments, 150,000 square feet of office space and 25,000 square feet of retail space. The development will also include a park and a public",FIGURATIVE
green light,1,"After months of delays, the city council finally gave the project the green light",DRAFT-needs-2nd-annotator-validation,-1.2,1," on August 7th, 2018. The project is expected to be completed by the end of 2019. The project will be the first in the city of San Francisco to be built entirely with solar power.
The project will be the",LITERAL
green light,1,"After months of delays, the city council finally gave the project the green light",DRAFT-needs-2nd-annotator-validation,-1.2,2,".
The council approved the plans for the 200-room hotel that will be built at the corner of 5th Street and Chestnut Avenue in the downtown area.
The hotel will be built by a development team that includes the Hilton brand, the developer",LITERAL
green light,1,"After months of delays, the city council finally gave the project the green light",DRAFT-needs-2nd-annotator-validation,-1.2,3,".
A 15-story residential building on the corner of 9th and South Streets is finally moving forward after months of delays.
The city council voted on Monday to approve the project, which will have 60 residential units and a ground floor retail space",FIGURATIVE
green light,1,"After months of delays, the city council finally gave the project the green light",DRAFT-needs-2nd-annotator-validation,-1.2,4," in December. The city will contribute $1.7 million to the project, and the rest will come from private donors and the state. The city also will get a tax break on the property.
The city has been looking to develop the land for",FIGURATIVE
green light,1,"After months of delays, the city council finally gave the project the green light",DRAFT-needs-2nd-annotator-validation,0.0,0," at its June 5 meeting. The city had to wait until the state legislature approved the new project and the state Department of Transportation (DOT) released the money. The project, which is funded through the state’s Transportation Enhancement Program, is expected to",FIGURATIVE
green light,1,"After months of delays, the city council finally gave the project the green light",DRAFT-needs-2nd-annotator-validation,0.0,1," on Monday, July 8.
The project, which will see the city build a new 6,000-seat stadium and practice facility for the Edmonton Football Team, will be funded through the city’s $4.5 billion budget, with the team",FIGURATIVE
green light,1,"After months of delays, the city council finally gave the project the green light",DRAFT-needs-2nd-annotator-validation,0.0,2," last week.
The city council gave the green light to a new $35 million youth sports complex in the heart of the city.
The 13-acre project will include an indoor soccer field, an outdoor soccer field, a football field, a baseball field",FIGURATIVE
green light,1,"After months of delays, the city council finally gave the project the green light",DRAFT-needs-2nd-annotator-validation,0.0,3,". The project will cost approximately $5.5 million and is expected to be completed in the fall of 2021.
The city of Miami Beach is making a push to bring a new, modernized transit system to the city. A plan to",LITERAL
green light,1,"After months of delays, the city council finally gave the project the green light",DRAFT-needs-2nd-annotator-validation,0.0,4," last week.
Now that the city has given the go-ahead to the development, it will need to work with the city to determine where to put the new stadium. According to the city council’s agenda, the city will be seeking to buy the old",LITERAL
green light,1,"After months of delays, the city council finally gave the project the green light",DRAFT-needs-2nd-annotator-validation,1.2,0,".
The city council unanimously approved the plan for the new park and pool on Tuesday night.
The council voted 5-0 to move forward with the $18.5 million project.
The new park and pool will be built on the site of the",LITERAL
green light,1,"After months of delays, the city council finally gave the project the green light",DRAFT-needs-2nd-annotator-validation,1.2,1," on Wednesday, approving a plan to convert the historic building into a five-story hotel, with 40 guest rooms, an 8,000-square-foot conference center and a 6,000-square-foot restaurant.
The building is located at 210 E",FIGURATIVE
green light,1,"After months of delays, the city council finally gave the project the green light",DRAFT-needs-2nd-annotator-validation,1.2,2,". The developer is now looking for funding to begin construction on the project.
The development will consist of 150 new homes, a 30,000-square-foot commercial center, and a 12,000-square-foot park.
The homes will be built",FIGURATIVE
green light,1,"After months of delays, the city council finally gave the project the green light",DRAFT-needs-2nd-annotator-validation,1.2,3," on April 22. The city will now be able to move forward with the $50 million project.
The project was originally scheduled to start in 2016, but was delayed by several issues. The project was originally estimated to be finished by the",LITERAL
green light,1,"After months of delays, the city council finally gave the project the green light",DRAFT-needs-2nd-annotator-validation,1.2,4,".
The city council approved the 2019 budget and set a 2019 tax rate of 7.5 cents per $100 of property value. The tax rate is the same as the 2018 rate.
The 2019 budget includes",LITERAL
green light,1,"After months of delays, the city council finally gave the project the green light",DRAFT-needs-2nd-annotator-validation,2.39,0,", and construction is underway on the 11th Street Bridge. The bridge is a key component of the Anacostia Riverwalk Trail, a 10-mile trail that connects the District with the Maryland suburbs. The trail will eventually be a key",FIGURATIVE
green light,1,"After months of delays, the city council finally gave the project the green light",DRAFT-needs-2nd-annotator-validation,2.39,1," and approved the project for construction. The project was originally planned to be completed by 2014, but will now be finished by 2016. The project will cost a total of $2.3 million.",FIGURATIVE
green light,1,"After months of delays, the city council finally gave the project the green light",DRAFT-needs-2nd-annotator-validation,2.39,2,".
After months of delays, the city council finally gave the project the green light. The council gave the go-ahead for the project at a meeting on Thursday night, but it did not provide a timetable for when the new stadium will be ready.
The",LITERAL
green light,1,"After months of delays, the city council finally gave the project the green light",DRAFT-needs-2nd-annotator-validation,2.39,3,".
The council unanimously approved the proposal by the city’s Housing and Development Agency to allow the development of a 3.8-acre parcel of land on the corner of South Street and West Avenue.
The project will include a 10-story apartment building and",FIGURATIVE
green light,1,"After months of delays, the city council finally gave the project the green light",DRAFT-needs-2nd-annotator-validation,2.39,4,".
The first phase of the new downtown parking garage will be completed in 2017.
Construction will begin on the new parking garage in the coming months.
The new parking garage will be open to the public by the end of the year.
The new",LITERAL
green light,1,"After months of delays, the city council finally gave the project the green light",DRAFT-needs-2nd-annotator-validation,3.59,0,". Now the project must undergo a rigorous environmental review and a public hearing.
The city council voted to approve the project on July 24. The vote came after the council voted 5-2 to approve the project’s environmental impact report on June ",LITERAL
green light,1,"After months of delays, the city council finally gave the project the green light",DRAFT-needs-2nd-annotator-validation,3.59,1,". The new center, to be named the ""Civic Center"" will be located at the corner of 1st and Main. The building will be 4 stories and have a large atrium that will be the new heart of the city.",FIGURATIVE
green light,1,"After months of delays, the city council finally gave the project the green light",DRAFT-needs-2nd-annotator-validation,3.59,2,".
The council voted 4-1 Tuesday night to approve a $1.5 million loan to the county to help build the 6,000-square-foot building. The loan comes with a 2 percent interest rate, which is half of the",FIGURATIVE
green light,1,"After months of delays, the city council finally gave the project the green light",DRAFT-needs-2nd-annotator-validation,3.59,3,". The city council approved a plan to move forward with the construction of a new downtown library and art gallery at the corner of South 9th and West Main streets.
The project, which will include a new library and art gallery, is expected to",FIGURATIVE
green light,1,"After months of delays, the city council finally gave the project the green light",DRAFT-needs-2nd-annotator-validation,3.59,4,".
The council voted unanimously to approve a zoning change that will allow the project to move forward. The council had originally approved the project in March, but the state Supreme Court overturned that decision, sending the matter back to the council for reconsideration.
The",FIGURATIVE
green light,1,"After months of delays, the city council finally gave the project the green light",DRAFT-needs-2nd-annotator-validation,4.78,0,". It was a hard-fought battle that included many hours of public testimony, but the council ultimately voted 6-1 to approve the plan. The project is expected to begin construction this fall and be completed by spring 2015.
This is",FIGURATIVE
green light,1,"After months of delays, the city council finally gave the project the green light",DRAFT-needs-2nd-annotator-validation,4.78,1,". In addition, the council approved an amended resolution that would allow the city to pursue a “joint powers agreement” with the county to build a new jail. The county will pay for the jail, which the city will manage. The jail will replace",FIGURATIVE
green light,1,"After months of delays, the city council finally gave the project the green light",DRAFT-needs-2nd-annotator-validation,4.78,2,". The council unanimously approved the ordinance allowing the project to move forward. The ordinance was approved by councilors Steve O’Connell, Mike O’Brien, Tim Burgess, Sally J. Clark, Jean Godden, and Peter Steinbrueck. Council",FIGURATIVE
green light,1,"After months of delays, the city council finally gave the project the green light",DRAFT-needs-2nd-annotator-validation,4.78,3,". The project will now go through a public process before a vote to approve the deal is made.
The city of Philadelphia announced the sale of the property to the developer on Wednesday, and it is a 100-year lease.
The property will be used",LITERAL
green light,1,"After months of delays, the city council finally gave the project the green light",DRAFT-needs-2nd-annotator-validation,4.78,4,". Now, the question is: Will the project be a success?
After months of delays, the city council finally gave the project the green light. Now, the question is: Will the project be a success? Photo Credit: City of Miami Beach",FIGURATIVE
green light,2,The driver waited nervously for the intersection's green light,DRAFT-needs-2nd-annotator-validation,-4.78,0, light. A car was approaching from the opposite direction and the driver started to worry that the driver of the oncoming car would not stop for him. The driver of the car approaching the intersection was a police officer. The police officer was driving 100,FIGURATIVE
green light,2,The driver waited nervously for the intersection's green light,DRAFT-needs-2nd-annotator-validation,-4.78,1," light to change, and then he was off, driving at a high speed, causing his car to shake and vibrate as he drove. He was driving his car at 110 miles per hour, and was not paying attention to the traffic around him",FIGURATIVE
green light,2,The driver waited nervously for the intersection's green light,DRAFT-needs-2nd-annotator-validation,-4.78,2," signal to change to yellow. He could see the approaching oncoming traffic and was trying to estimate how much time he had left to cross the intersection before the light turned red. He had just enough time. He turned right and sped off.
The driver",UNPARSEABLE
green light,2,The driver waited nervously for the intersection's green light,DRAFT-needs-2nd-annotator-validation,-4.78,3," light. As he crossed the intersection, he was startled when the light turned red. He immediately applied his brakes, but it was too late. The car in front of him didn't stop, and he hit it. The impact knocked the car into",LITERAL
green light,2,The driver waited nervously for the intersection's green light,DRAFT-needs-2nd-annotator-validation,-4.78,4," to turn red. Then, with the light in his favor, he put the pedal to the metal and raced across the intersection. The driver had every reason to feel confident. His speedometer registered 60 miles per hour, a speed at which most",LITERAL
green light,2,The driver waited nervously for the intersection's green light,DRAFT-needs-2nd-annotator-validation,-3.59,0," light, and the passenger, his wife, kept glancing at him.
""What's wrong?"" she asked.
""It's nothing,"" he said. ""I just don't want to get a ticket.""
""What's the matter with you?"" she said.
",LITERAL
green light,2,The driver waited nervously for the intersection's green light,DRAFT-needs-2nd-annotator-validation,-3.59,1," light. The traffic light was red, but the driver didn't wait for it to change. He drove through the red light, and a pedestrian was hit by the driver's car. The pedestrian was injured and sued the driver for negligence. The driver",FIGURATIVE
green light,2,The driver waited nervously for the intersection's green light,DRAFT-needs-2nd-annotator-validation,-3.59,2," light, and a few seconds later, he was able to turn left into the driveway. The driver's left turn was made at the same time as the pedestrian's crossing.
A vehicle's right-of-way is important to understand. The driver has the",UNPARSEABLE
green light,2,The driver waited nervously for the intersection's green light,DRAFT-needs-2nd-annotator-validation,-3.59,3," arrow. The light turned green. The driver accelerated and, as he reached the intersection, the light turned red.
The driver stopped and waited. He had already crossed the intersection and was now stuck in the middle of the intersection. The traffic light turned",FIGURATIVE
green light,2,The driver waited nervously for the intersection's green light,DRAFT-needs-2nd-annotator-validation,-3.59,4, to change to yellow. He was driving a small white car that had been loaned to him by the owner of the car dealership where he worked. The driver was a young man who had been driving cars since he was a teenager. He had never,FIGURATIVE
green light,2,The driver waited nervously for the intersection's green light,DRAFT-needs-2nd-annotator-validation,-2.39,0,". The driver was a Muslim man, and the intersection was in London, England. But the driver was not driving a car. He was driving a truck. And he was driving his truck into a crowd of people, mowing them down, killing",LITERAL
green light,2,The driver waited nervously for the intersection's green light,DRAFT-needs-2nd-annotator-validation,-2.39,1," signal. He had to be at his job at the factory in 30 minutes, but the signal had just turned red. He waited for a long time, but the light did not change. He thought the light was stuck, so he began to",FIGURATIVE
green light,2,The driver waited nervously for the intersection's green light,DRAFT-needs-2nd-annotator-validation,-2.39,2,", his car full of passengers and the air thick with the smell of marijuana. The driver was nervous, the passengers were nervous, and the air was thick with the smell of marijuana. The driver was nervous, the passengers were nervous, and the air",FIGURATIVE
green light,2,The driver waited nervously for the intersection's green light,DRAFT-needs-2nd-annotator-validation,-2.39,3,". He had been driving for years, but had never driven in a busy city. He had always driven on highways, where the roads were wide and straight. He was nervous because he knew that he would have to make several turns and stop signs in",LITERAL
green light,2,The driver waited nervously for the intersection's green light,DRAFT-needs-2nd-annotator-validation,-2.39,4," to change to yellow, and then he pressed the gas pedal to the floor.
The light changed to red, and he waited for the signal to turn green. When it did, he pressed the gas pedal again.
The light changed to yellow, and",FIGURATIVE
green light,2,The driver waited nervously for the intersection's green light,DRAFT-needs-2nd-annotator-validation,-1.2,0,". His foot was ready to step on the gas, and he was hoping that no one would stop the light from turning green. The light turned green, and the driver began to press on the gas pedal. However, the car did not move.",FIGURATIVE
green light,2,The driver waited nervously for the intersection's green light,DRAFT-needs-2nd-annotator-validation,-1.2,1," to change. The car in front of him was moving slowly, but he still accelerated as soon as the light turned green. As he passed the car in front of him, he glanced in his rear-view mirror and saw a police officer standing behind him",FIGURATIVE
green light,2,The driver waited nervously for the intersection's green light,DRAFT-needs-2nd-annotator-validation,-1.2,2,". He glanced to his left, then right, then left again. Then he checked his rearview mirror. He was ready to go. He looked left again and saw it. The car was coming straight at him.
The driver slammed on the brakes",FIGURATIVE
green light,2,The driver waited nervously for the intersection's green light,DRAFT-needs-2nd-annotator-validation,-1.2,3," to change before making the turn onto a busy street. A few cars and trucks were on the road, but there was plenty of room for him to turn. The car in front of him stopped at the red light, so the driver put his foot",FIGURATIVE
green light,2,The driver waited nervously for the intersection's green light,DRAFT-needs-2nd-annotator-validation,-1.2,4,". He'd never been this close to the border and was anxious to see the other side. He'd heard about it, but he'd never been there.
The light turned green and he drove across the border. He was on the other side now",FIGURATIVE
green light,2,The driver waited nervously for the intersection's green light,DRAFT-needs-2nd-annotator-validation,0.0,0,". He was on his way to a meeting. His company was expanding and they needed a new building. He was to meet with the architect and his partner.
As he approached the intersection, he saw that the traffic light was red. He stopped his",FIGURATIVE
green light,2,The driver waited nervously for the intersection's green light,DRAFT-needs-2nd-annotator-validation,0.0,1,". He was about to pull out onto a busy street, but a man in a white suit stood in the middle of the road. The driver stopped. The man in the white suit walked over to the car and tapped on the window.
""Hey",FIGURATIVE
green light,2,The driver waited nervously for the intersection's green light,DRAFT-needs-2nd-annotator-validation,0.0,2,". The car in front of him was already stopped at the intersection. The driver's foot was on the brake pedal. The car was about to stop. Then, suddenly, the car in front of him moved forward, and he drove forward as well",FIGURATIVE
green light,2,The driver waited nervously for the intersection's green light,DRAFT-needs-2nd-annotator-validation,0.0,3,", then rolled forward to cross the street. But the light never turned green. It stayed red.
The driver was a Toyota Prius. The red light was a warning sign that the intersection was about to be flooded with 6.3 million gallons",LITERAL
green light,2,The driver waited nervously for the intersection's green light,DRAFT-needs-2nd-annotator-validation,0.0,4," to change to red. He had been driving for hours, and the last thing he needed was another car in front of him. The driver's eyes darted back and forth between the road and his rearview mirror. Suddenly, he saw a car",FIGURATIVE
green light,2,The driver waited nervously for the intersection's green light,DRAFT-needs-2nd-annotator-validation,1.2,0,". The other drivers had already turned right, and the driver felt like the only one who hadn't turned. He was waiting for the light to turn green. But the light was red. He waited. The light stayed red. He waited. The",FIGURATIVE
green light,2,The driver waited nervously for the intersection's green light,DRAFT-needs-2nd-annotator-validation,1.2,1,", watching as the two red lights at the corner of the intersection changed to green. He then proceeded forward into the intersection and waited for the light to change to yellow. The driver then proceeded forward and stopped at the intersection. The driver then proceeded forward",LITERAL
green light,2,The driver waited nervously for the intersection's green light,DRAFT-needs-2nd-annotator-validation,1.2,2,", and his vehicle was one of the first to roll through. He drove the vehicle in a straight line, and it was not until he had passed the intersection that he realized that the traffic light had been red. The driver stopped, turned around,",FIGURATIVE
green light,2,The driver waited nervously for the intersection's green light,DRAFT-needs-2nd-annotator-validation,1.2,3,".
The driver waited nervously for the intersection's green light.
The driver waited nervously for the intersection's green light. As he stopped at the traffic light, he glanced up at the stop sign on the light pole and saw a large sign hanging",INCOHERENT
green light,2,The driver waited nervously for the intersection's green light,DRAFT-needs-2nd-annotator-validation,1.2,4,", but as he prepared to accelerate into the intersection, he was rear-ended by a vehicle that was traveling in the opposite direction. The driver of the vehicle that rear-ended him sued the driver of the vehicle that was rear-ended. The jury returned a",LITERAL
green light,2,The driver waited nervously for the intersection's green light,DRAFT-needs-2nd-annotator-validation,2.39,0,". He glanced at the rearview mirror, watching as the SUV crept forward. The driver of the SUV was not looking at the intersection's lights. He was watching the rearview mirror, too.
The driver of the SUV was not going to",FIGURATIVE
green light,2,The driver waited nervously for the intersection's green light,DRAFT-needs-2nd-annotator-validation,2.39,1,", but the light never changed. The traffic jam was so bad that he had to stop his car. There was no way he could make it through the intersection. The traffic jam was so bad that he had to stop his car. There was no",FIGURATIVE
green light,2,The driver waited nervously for the intersection's green light,DRAFT-needs-2nd-annotator-validation,2.39,2,". He was late for work and had to get to the next stop sign, or he'd be fired. He looked around the corner, and saw a truck speeding straight for him. He slammed on the brakes, but the truck hit him head-on",LITERAL
green light,2,The driver waited nervously for the intersection's green light,DRAFT-needs-2nd-annotator-validation,2.39,3,". He was late for work and had been stuck in a traffic jam. When the light finally turned green, he put his foot on the accelerator. The car sped off, and he thought he had made it in time. Suddenly, the car sk",FIGURATIVE
green light,2,The driver waited nervously for the intersection's green light,DRAFT-needs-2nd-annotator-validation,2.39,4,". The cars coming from the opposite direction were already in the intersection. The driver of the car behind him was not in a hurry and was not at all bothered by the red light.
The car driver turned on the horn to get the attention of the",LITERAL
green light,2,The driver waited nervously for the intersection's green light,DRAFT-needs-2nd-annotator-validation,3.59,0,", but the traffic light was red. In that moment, he was in the crosswalk of his life.
He looked both ways and proceeded to cross the street, but it was too late.
He hit the back of a Toyota Camry that was",LITERAL
green light,2,The driver waited nervously for the intersection's green light,DRAFT-needs-2nd-annotator-validation,3.59,1,". The traffic lights were red, and he was the only one who'd stopped. The driver's heart raced as he waited, and the traffic light turned green. The driver was forced to make a quick decision.
The driver hit the gas and the",FIGURATIVE
green light,2,The driver waited nervously for the intersection's green light,DRAFT-needs-2nd-annotator-validation,3.59,2,". He had been instructed to stop for a pedestrian crossing. He stopped, but he didn't look. He didn't see the pedestrian, and he didn't hear the pedestrian's pleas for help. He didn't hear the pedestrian's cries for mercy",FIGURATIVE
green light,2,The driver waited nervously for the intersection's green light,DRAFT-needs-2nd-annotator-validation,3.59,3,". He had been waiting for a long time, and he could feel his heart beating in his chest. The lights turned green, and he was finally able to cross the street. As he did so, he noticed a young man in a suit walking",FIGURATIVE
green light,2,The driver waited nervously for the intersection's green light,DRAFT-needs-2nd-annotator-validation,3.59,4,". As he looked both ways, he noticed a car coming from the opposite direction. The driver of the oncoming car also waited for the green light. However, before the light turned green, he pulled out and crashed into the front of the driver",LITERAL
green light,2,The driver waited nervously for the intersection's green light,DRAFT-needs-2nd-annotator-validation,4.78,0,". He had been driving the same route for 10 years and had never had an accident. But he had never had a green light at this intersection either.
The driver waited nervously for the intersection's green light. He had been driving the same",LITERAL
green light,2,The driver waited nervously for the intersection's green light,DRAFT-needs-2nd-annotator-validation,4.78,1,", as it was a known hot spot for police activity. After driving through a couple of red lights, he finally got the green light and sped off, but it was not long before the police lights started flashing in his rear view mirror. He was",FIGURATIVE
green light,2,The driver waited nervously for the intersection's green light,DRAFT-needs-2nd-annotator-validation,4.78,2,". He had just passed the turnoff for the local hospital, and the sight of the flashing red and blue lights made him sweat. The other cars slowed down, but he accelerated, passing them all.
He had no idea what he was doing,",LITERAL
green light,2,The driver waited nervously for the intersection's green light,DRAFT-needs-2nd-annotator-validation,4.78,3,".
The traffic light changed to red, but the car continued to drive straight through the intersection. The driver was killed.
The accident was not caused by a faulty traffic light, but by a fault in the driver's nervous system.
Nervous system",LITERAL
green light,2,The driver waited nervously for the intersection's green light,DRAFT-needs-2nd-annotator-validation,4.78,4,". The lights had been green for a few minutes, but he was still worried about the car's imminent arrival. The car was moving quickly and was on a collision course with his car. The driver's heart raced and he gripped the steering wheel",FIGURATIVE
rough edges,1,The new intern was talented but still had some rough edges,DRAFT-needs-2nd-annotator-validation,-4.78,0," splinters in his mind. He was an artist and wanted to paint the world in color, but his vision was obscured by the muck of his past. The world was a mess of pain, a dark and violent place. The new intern had",LITERAL
rough edges,1,The new intern was talented but still had some rough edges,DRAFT-needs-2nd-annotator-validation,-4.78,1, marks. The first thing we did was to fill in the marks with a new base coat. We then used a new colour and worked in sections. We also worked on the shading to bring out the eyes and nose. We then used a new colour,FIGURATIVE
rough edges,1,The new intern was talented but still had some rough edges,DRAFT-needs-2nd-annotator-validation,-4.78,2," hair. The boss was not pleased with the interns work and told him to go fix it.
The intern went into the bathroom and started to shave. He took the razor and began to shave his face. He was shaving his face when he heard the",FIGURATIVE
rough edges,1,The new intern was talented but still had some rough edges,DRAFT-needs-2nd-annotator-validation,-4.78,3," paper edges, and she was also struggling with her French.
We’re all still struggling with the French. I’m not sure if it’s a language problem, or a cultural problem, but I don’t think it’s a language problem.
The French",LITERAL
rough edges,1,The new intern was talented but still had some rough edges,DRAFT-needs-2nd-annotator-validation,-4.78,4,"paperwork. He was given a copy of the book, A Guide to Writing Better, and told to read it.
The next day he returned to the office, handed the book to his boss, and said, ""I've read the book and",FIGURATIVE
rough edges,1,The new intern was talented but still had some rough edges,DRAFT-needs-2nd-annotator-validation,-3.59,0,. She had to learn the ropes of her job and was a bit lost. She had a hard time finding the right tools for the job. The intern was in a difficult position. She had to work hard and learn fast. She had to learn,FIGURATIVE
rough edges,1,The new intern was talented but still had some rough edges,DRAFT-needs-2nd-annotator-validation,-3.59,1,". She asked if she could paint the new mural in the basement.
“Sure,” said the head painter.
The new intern was thrilled. She started working on her mural in the basement.
The head painter was busy painting the mural in the other room",FIGURATIVE
rough edges,1,The new intern was talented but still had some rough edges,DRAFT-needs-2nd-annotator-validation,-3.59,2," of edges. He was a good guy, but he had a lot of rough edges. I thought I could help him smooth them over. I was wrong. I thought I could help him. I was wrong. I thought I could help him to",FIGURATIVE
rough edges,1,The new intern was talented but still had some rough edges,DRAFT-needs-2nd-annotator-validation,-3.59,3," on her fingers. The other ladies were all looking at her. She knew it.
‘I’ll show you,’ she said to herself. ‘I’ll show them all.’
She went to the cupboard and took out the heavy, black, thick",LITERAL
rough edges,1,The new intern was talented but still had some rough edges,DRAFT-needs-2nd-annotator-validation,-3.59,4," to smooth out. This is the first step in the process.
The new intern was talented but still had some rough edges to smooth out. This is the first step in the process.
We had a new intern for a few weeks this summer, and",FIGURATIVE
rough edges,1,The new intern was talented but still had some rough edges,DRAFT-needs-2nd-annotator-validation,-2.39,0," and jagged lines, so I asked him to use a smoother brush for the first layer of the outline. This made it much easier for him to work on the second layer and get the lines much cleaner. He was very happy with this, and",FIGURATIVE
rough edges,1,The new intern was talented but still had some rough edges,DRAFT-needs-2nd-annotator-validation,-2.39,1,", so I had her take off the old and put on the new. The old had been damaged by heat and by the weather. The new was very smooth and even. She was able to see the difference.",LITERAL
rough edges,1,The new intern was talented but still had some rough edges,DRAFT-needs-2nd-annotator-validation,-2.39,2," to learn from. The boss gave him the task of cutting a few pieces of wood. The intern cut a few pieces and then went to get a drink of water. He returned and found the boss was not happy with his work.
“Why did",LITERAL
rough edges,1,The new intern was talented but still had some rough edges,DRAFT-needs-2nd-annotator-validation,-2.39,3," on her work. She was assigned to work with the master, but her work was still far from perfect. The master was a little upset with her, and asked her to go to the kitchen and get a big bowl of water. She was very",LITERAL
rough edges,1,The new intern was talented but still had some rough edges,DRAFT-needs-2nd-annotator-validation,-2.39,4, in her work. She was a little stressed as she was a student from another country and didn’t know much English. I had to help her a lot. It was quite difficult for me to work with her. She was not that good at painting,FIGURATIVE
rough edges,1,The new intern was talented but still had some rough edges,DRAFT-needs-2nd-annotator-validation,-1.2,0," to be polished. We decided to send him to the studio to get a makeover. The results are stunning!
The intern is now ready to face the world.",FIGURATIVE
rough edges,1,The new intern was talented but still had some rough edges,DRAFT-needs-2nd-annotator-validation,-1.2,1,. The manager wanted the intern to be more confident. So the manager offered to do some shadowing and mentoring to help the intern along. The manager didn't want to do this because the intern was a direct report to the manager. The manager was,FIGURATIVE
rough edges,1,The new intern was talented but still had some rough edges,DRAFT-needs-2nd-annotator-validation,-1.2,2,". So, he was given a task to clean the edges. This was not just about polishing the edges. It was about making the edges sharp, precise and clear. This was not a task that could be done with a simple brush. It needed",FIGURATIVE
rough edges,1,The new intern was talented but still had some rough edges,DRAFT-needs-2nd-annotator-validation,-1.2,3,. He had a lot of work to do. He had to learn how to be a professional. He had to learn how to work with other people. He had to learn how to communicate. He had to learn how to be an adult. He,FIGURATIVE
rough edges,1,The new intern was talented but still had some rough edges,DRAFT-needs-2nd-annotator-validation,-1.2,4,". I decided to use some of the same techniques I used for the last intern, but I also decided to try something new. I used the same technique for the background, but I decided to use the same technique for the background, but I also",INCOHERENT
rough edges,1,The new intern was talented but still had some rough edges,DRAFT-needs-2nd-annotator-validation,0.0,0,". He was young and inexperienced, but his passion for learning and his willingness to work hard were evident. I saw his potential, but I also saw his mistakes. He would make mistakes, but he would learn from them. I knew that with time",LITERAL
rough edges,1,The new intern was talented but still had some rough edges,DRAFT-needs-2nd-annotator-validation,0.0,1,. He was a little rough around the edges but not too rough. The interns had a rough day. He had a rough day. She had a rough day. The interns had a rough time. The intern had a rough time. She had a,FIGURATIVE
rough edges,1,The new intern was talented but still had some rough edges,DRAFT-needs-2nd-annotator-validation,0.0,2,". She was a quick learner and a hard worker. The problem was she lacked experience. She was a little too eager to please. She was a sponge, soaking up the knowledge and experience of her coworkers and taking it to heart. She wanted to",FIGURATIVE
rough edges,1,The new intern was talented but still had some rough edges,DRAFT-needs-2nd-annotator-validation,0.0,3,". She was bright and eager, but also a bit abrasive. She seemed to have a chip on her shoulder, and her attitude made it hard for her to get along with others.
The old man looked at the new girl and said, ""I",FIGURATIVE
rough edges,1,The new intern was talented but still had some rough edges,DRAFT-needs-2nd-annotator-validation,0.0,4,". She was bright, curious, and eager to learn. But she had a long way to go before she was ready for the real world.
I remember the day well. I was sitting at my desk, staring out the window. My mind was",FIGURATIVE
rough edges,1,The new intern was talented but still had some rough edges,DRAFT-needs-2nd-annotator-validation,1.2,0,", such as a tendency to skip meetings. So one of her managers, a seasoned veteran, decided to set up a meeting to give her a pep talk.
She arrived on time, dressed in a business suit, and the manager greeted her with a",LITERAL
rough edges,1,The new intern was talented but still had some rough edges,DRAFT-needs-2nd-annotator-validation,1.2,1,". She was bright, but sometimes seemed to lack focus. She was eager to please, but her eagerness sometimes led her to make errors. She was new to the job, but she seemed to have a lot of experience. She was very friendly",FIGURATIVE
rough edges,1,The new intern was talented but still had some rough edges,DRAFT-needs-2nd-annotator-validation,1.2,2,". She had to learn the ropes and get used to the work environment, but she was bright and eager to learn. She was also a bit of a free spirit, so she was always up for a challenge and a good time.
She was also",FIGURATIVE
rough edges,1,The new intern was talented but still had some rough edges,DRAFT-needs-2nd-annotator-validation,1.2,3,". Her work was good, but she had a tendency to get distracted by the cute puppies in the park or the view from her office window. She had a good heart but could be a little impulsive. And while she had a strong work ethic",LITERAL
rough edges,1,The new intern was talented but still had some rough edges,DRAFT-needs-2nd-annotator-validation,1.2,4,". He had been working with me for about two months when I noticed that he was a little more intense than I would have liked. He was always working, and he didn’t seem to be able to relax. I was concerned that he might be",LITERAL
rough edges,1,The new intern was talented but still had some rough edges,DRAFT-needs-2nd-annotator-validation,2.39,0,". He was not quite as good as the old intern, but he was definitely better than the old intern. He was not quite as good as the old intern, but he was definitely better than the old intern. He was not quite as good as",FIGURATIVE
rough edges,1,The new intern was talented but still had some rough edges,DRAFT-needs-2nd-annotator-validation,2.39,1,". I was able to help her learn the ropes, but I knew that she needed a mentor. I reached out to a colleague of mine who I knew was the best person for the job. I wanted to make sure that my intern was in good",FIGURATIVE
rough edges,1,The new intern was talented but still had some rough edges,DRAFT-needs-2nd-annotator-validation,2.39,2,". He didn’t have a lot of experience, and his first job was to help design a new line of watches. He wanted to create something that would appeal to a new generation of buyers who were more tech-savvy than the average customer.",FIGURATIVE
rough edges,1,The new intern was talented but still had some rough edges,DRAFT-needs-2nd-annotator-validation,2.39,3,". Her first week was filled with a lot of questions. She wanted to know the best way to file invoices and the difference between a W-4 and a 1099. She also wanted to know how to use the copier, where the",LITERAL
rough edges,1,The new intern was talented but still had some rough edges,DRAFT-needs-2nd-annotator-validation,2.39,4,". He was a little too casual, he didn’t have a lot of work experience, and he had a tendency to say, “I don’t know” or “I’m not sure” when the situation called for a firm answer.
“Don",FIGURATIVE
rough edges,1,The new intern was talented but still had some rough edges,DRAFT-needs-2nd-annotator-validation,3.59,0,". He had a lot of catching up to do. His supervisor was the best in the business and he had a lot to teach. The intern was going to be an excellent salesperson, he just needed to learn the ropes.
The intern was nervous",FIGURATIVE
rough edges,1,The new intern was talented but still had some rough edges,DRAFT-needs-2nd-annotator-validation,3.59,1,". He was a real go-getter, and he was going to be a real asset to the company. But he was also a real mess. He was a real mess.
The intern had a lot of problems. He had a lot of problems",INCOHERENT
rough edges,1,The new intern was talented but still had some rough edges,DRAFT-needs-2nd-annotator-validation,3.59,2,". She was still learning the ropes. The new intern was learning how to be a nurse. She was learning how to take care of patients. She was learning how to work in the hospital. She was learning how to be a nurse.
The new",LITERAL
rough edges,1,The new intern was talented but still had some rough edges,DRAFT-needs-2nd-annotator-validation,3.59,3,", and when she arrived at her desk, she noticed a small piece of paper stuck to the screen with a sticky note. It read, ""Don't do anything stupid. It's not your job."" She was confused but decided to ignore it and",LITERAL
rough edges,1,The new intern was talented but still had some rough edges,DRAFT-needs-2nd-annotator-validation,3.59,4,". She was an asset to the team, but she still needed a little bit of time to get the hang of things. As the seasoned veteran of the group, I was tasked with helping her out. It was my responsibility to teach her the ropes",FIGURATIVE
rough edges,1,The new intern was talented but still had some rough edges,DRAFT-needs-2nd-annotator-validation,4.78,0,". He was hired to work in the accounting department, and he started out doing some basic math and copying papers.
One day the boss said, ""I want you to run an errand for me.""
""Sure,"" he replied.
The boss said",LITERAL
rough edges,1,The new intern was talented but still had some rough edges,DRAFT-needs-2nd-annotator-validation,4.78,1,". When he was called in to work on a project, the project manager asked him what he thought about a certain aspect of the project. The intern responded by saying he wasn’t sure, and asked the project manager to explain. The project manager replied",FIGURATIVE
rough edges,1,The new intern was talented but still had some rough edges,DRAFT-needs-2nd-annotator-validation,4.78,2,". “You have a long way to go before you can get to the top,” said the CEO. “You will have to work hard to get there.” The intern had to agree. She was a little discouraged, but she had a long way",FIGURATIVE
rough edges,1,The new intern was talented but still had some rough edges,DRAFT-needs-2nd-annotator-validation,4.78,3,. He was a few years out of college and was working on his first real project. He was also very eager to learn and get his hands on every piece of hardware and software he could. I think he was about 6 feet tall and had,FIGURATIVE
rough edges,1,The new intern was talented but still had some rough edges,DRAFT-needs-2nd-annotator-validation,4.78,4,".
He’d been doing great with the content and writing, but he was having some trouble with the design. It was a little different than what he was used to. He didn’t have any experience with web design. He was getting the hang of",FIGURATIVE
rough edges,2,The carpenter ran sandpaper over the plank's rough edges,DRAFT-needs-2nd-annotator-validation,-4.78,0," surface. He had just sanded off the wood's outermost layer. The wood's grain pattern would still be visible, but it would be less obvious. He'd have to sand again when he was finished, to smooth out the wood's surface",FIGURATIVE
rough edges,2,The carpenter ran sandpaper over the plank's rough edges,DRAFT-needs-2nd-annotator-validation,-4.78,1," groove and then used a flathead screwdriver to remove the old nails.
She ran the sandpaper over the board, and then used a flathead screwdriver to remove the old nails.
I ran the sandpaper over the board, and then used",FIGURATIVE
rough edges,2,The carpenter ran sandpaper over the plank's rough edges,DRAFT-needs-2nd-annotator-validation,-4.78,2," surface, smoothing it down. He then used his hammer to pound nails into the plank, securing it to the wall. As he worked, the carpenter was careful to keep his tools sharp and clean, ensuring that they would be ready for the next",FIGURATIVE
rough edges,2,The carpenter ran sandpaper over the plank's rough edges,DRAFT-needs-2nd-annotator-validation,-4.78,3," surface, removing the rough edges and smoothing it. He then used a hammer to knock the nail out of the wood. The carpenter used the hammer to hit the nail at an angle, so that the nail would be driven into the wood, but",LITERAL
rough edges,2,The carpenter ran sandpaper over the plank's rough edges,DRAFT-needs-2nd-annotator-validation,-4.78,4," surface. The roughness of the sandpaper made the wood more scratch resistant.
A. true
B. false
Answer: A",UNPARSEABLE
rough edges,2,The carpenter ran sandpaper over the plank's rough edges,DRAFT-needs-2nd-annotator-validation,-3.59,0," and then over the smooth one. He then put the smooth side of the plank next to the rough side and sawed along the line. The result was a smooth side and a rough side.
The carpenter had to use the sandpaper to smooth",FIGURATIVE
rough edges,2,The carpenter ran sandpaper over the plank's rough edges,DRAFT-needs-2nd-annotator-validation,-3.59,1," surface. The carpenter used sandpaper to remove the rough edges from the plank. The plank's surface was no longer rough because the carpenter removed the rough edges.
A. true
B. false
Answer: B",LITERAL
rough edges,2,The carpenter ran sandpaper over the plank's rough edges,DRAFT-needs-2nd-annotator-validation,-3.59,2,", smoothing out the surface. ""This is going to take a while,"" he thought. ""I hope I can get it done before I have to go to work.""
As he worked, he started thinking about the new house he would build for his",LITERAL
rough edges,2,The carpenter ran sandpaper over the plank's rough edges,DRAFT-needs-2nd-annotator-validation,-3.59,3," and then used a chisel to remove the remaining bits of wood. The carpenter's work is done, but there's still a lot of work to do on the plank. The carpenter must now sand down the edges of the plank and smooth",FIGURATIVE
rough edges,2,The carpenter ran sandpaper over the plank's rough edges,DRAFT-needs-2nd-annotator-validation,-3.59,4," and the splinters fell off. The carpenter ran sandpaper over the plank's rough edges and the splinters fell off.
A carpenter was making a table. He started with a big, rough plank. He rubbed it with sandpaper and",LITERAL
rough edges,2,The carpenter ran sandpaper over the plank's rough edges,DRAFT-needs-2nd-annotator-validation,-2.39,0," to smooth them out. He then cut the plank to the desired length and width. He attached the plank to the wall using screws. Finally, he added a coat of varnish to protect the plank.
What is the Carpenter's Tool?
The Carpenter",LITERAL
rough edges,2,The carpenter ran sandpaper over the plank's rough edges,DRAFT-needs-2nd-annotator-validation,-2.39,1," and then finished the wood with his favorite stain. The carpenter applied the stain evenly with his brush and then allowed it to dry.
A. true
B. false
Answer: A",LITERAL
rough edges,2,The carpenter ran sandpaper over the plank's rough edges,DRAFT-needs-2nd-annotator-validation,-2.39,2, and then used a belt sander to remove the rest of the rough edges. This is a basic woodworking skill that will allow you to create furniture and other items. This is a very simple and basic woodworking skill. This is a very simple and basic,FIGURATIVE
rough edges,2,The carpenter ran sandpaper over the plank's rough edges,DRAFT-needs-2nd-annotator-validation,-2.39,3," to smooth them down. He finished the job in just a few minutes, and his work was perfect. The carpenter is a professional.
The carpenter ran sandpaper over the plank's rough edges to smooth them down. He finished the job in",UNPARSEABLE
rough edges,2,The carpenter ran sandpaper over the plank's rough edges,DRAFT-needs-2nd-annotator-validation,-2.39,4,", and it was smooth and ready for the final steps. It was a simple piece of wood, and the carpenter was pleased with himself. He had done a good job.
The carpenter turned the plank over, and a small creature jumped out",LITERAL
rough edges,2,The carpenter ran sandpaper over the plank's rough edges,DRAFT-needs-2nd-annotator-validation,-1.2,0,". He used his hand to smooth out the wood's surface.
The carpenter used his hand to smooth out the wood's surface.
A. true
B. false
Answer: A",LITERAL
rough edges,2,The carpenter ran sandpaper over the plank's rough edges,DRAFT-needs-2nd-annotator-validation,-1.2,1,".
I'm sorry I can't stay longer; I have to go back to work.
The doctor examined the patient's eyes.
I don't know what to do about my brother.
You can't be serious! This is impossible!
I've never",INCOHERENT
rough edges,2,The carpenter ran sandpaper over the plank's rough edges,DRAFT-needs-2nd-annotator-validation,-1.2,2,". The carpenter was using the sandpaper to smooth the plank's rough edges. A. true B. false
The carpenter ran sandpaper over the plank's rough edges. The carpenter was using the sandpaper to smooth the plank's",FIGURATIVE
rough edges,2,The carpenter ran sandpaper over the plank's rough edges,DRAFT-needs-2nd-annotator-validation,-1.2,3,".
The carpenter smoothed the rough edges of the plank.
The carpenter filed down the rough edges of the plank.
The carpenter sanded down the rough edges of the plank.
The carpenter used a file to smooth the rough edges of the",FIGURATIVE
rough edges,2,The carpenter ran sandpaper over the plank's rough edges,DRAFT-needs-2nd-annotator-validation,-1.2,4,".
The carpenter used sandpaper to smooth the edges of the plank.
The carpenter used sandpaper to smooth the edges of the plank.
The carpenter ran sandpaper over the plank's rough edges.
The carpenter used sandpaper to smooth",FIGURATIVE
rough edges,2,The carpenter ran sandpaper over the plank's rough edges,DRAFT-needs-2nd-annotator-validation,0.0,0,", then laid it on the floor and ran a level over it. He used a hammer and a nail to mark where the plank needed to be cut. Then, he used a saw to cut the plank. When he was done, he put the",LITERAL
rough edges,2,The carpenter ran sandpaper over the plank's rough edges,DRAFT-needs-2nd-annotator-validation,0.0,1," to smooth them out. After that, he painted the plank a bright orange color.
A. true
B. false
Answer: A",LITERAL
rough edges,2,The carpenter ran sandpaper over the plank's rough edges,DRAFT-needs-2nd-annotator-validation,0.0,2,". The carpenter ran sandpaper over the plank's rough edges.
The carpenter ran sandpaper over the plank's rough edges.
The carpenter ran sandpaper over the plank's rough edges.
The carpenter ran sandpaper over the plank's",FIGURATIVE
rough edges,2,The carpenter ran sandpaper over the plank's rough edges,DRAFT-needs-2nd-annotator-validation,0.0,3,".
The carpenter sanded down the rough edges of the plank.
The carpenter used sandpaper to smooth out the rough edges of the plank.
The carpenter used a sandpaper to smooth out the rough edges of the plank.
The carpenter",LITERAL
rough edges,2,The carpenter ran sandpaper over the plank's rough edges,DRAFT-needs-2nd-annotator-validation,0.0,4,", then rubbed the surface with a damp cloth.
I rubbed the paint with sandpaper to get rid of the brush marks.
They rubbed their hands together, and then rubbed the soap on.
The old man rubbed the soap on his hands.
She rubbed",FIGURATIVE
rough edges,2,The carpenter ran sandpaper over the plank's rough edges,DRAFT-needs-2nd-annotator-validation,1.2,0,".
The carpenter ran sandpaper over the plank's rough edges.
The carpenter ran sandpaper over the plank's rough edges.
The carpenter ran sandpaper over the plank's rough edges.
The carpenter ran sandpaper over the plank's",FIGURATIVE
rough edges,2,The carpenter ran sandpaper over the plank's rough edges,DRAFT-needs-2nd-annotator-validation,1.2,1,".
The carpenter used a hammer to tap the nail into place.
The carpenter used a saw to cut the plank to the proper length.
The carpenter used a level to make sure the plank was straight.
The carpenter used a measuring tape",LITERAL
rough edges,2,The carpenter ran sandpaper over the plank's rough edges,DRAFT-needs-2nd-annotator-validation,1.2,2,", but it still felt like sandpaper. He thought it might be a good idea to run it through the table saw, but it would take too long. He thought it might be a good idea to take it to the hardware store, but he",LITERAL
rough edges,2,The carpenter ran sandpaper over the plank's rough edges,DRAFT-needs-2nd-annotator-validation,1.2,3,".
The carpenter sanded the rough edges of the plank.
The carpenter sanded the rough edges of the plank.
The carpenter sanded the rough edges of the plank.
The carpenter sanded the rough edges of the plank.
The",UNPARSEABLE
rough edges,2,The carpenter ran sandpaper over the plank's rough edges,DRAFT-needs-2nd-annotator-validation,1.2,4," and smoothed out the splinters.
The carpenter smoothed the rough edges of the plank.
The carpenter ran sandpaper over the plank's rough edges and smoothed them out.
The carpenter smoothed the rough edges of the plank.
The carpenter smoothed",LITERAL
rough edges,2,The carpenter ran sandpaper over the plank's rough edges,DRAFT-needs-2nd-annotator-validation,2.39,0,". ""Why is there a nail hole here?"" he asked.
He went over to the workbench and pulled out a hammer, then returned to the worktable. He put the hammer down and pulled out a small block of wood. He picked up",INCOHERENT
rough edges,2,The carpenter ran sandpaper over the plank's rough edges,DRAFT-needs-2nd-annotator-validation,2.39,1,". He did it because he was in a hurry to finish the job, and because he had to. The sandpaper was not the most efficient tool, but it was the only one he had.
The carpenter was not aware of the power of",LITERAL
rough edges,2,The carpenter ran sandpaper over the plank's rough edges,DRAFT-needs-2nd-annotator-validation,2.39,2,. The roughness of the plank was an impediment to the carpenter's work. The plank was roughed up by the carpenter with sandpaper. The carpenter's rough work on the plank was done with sandpaper.,LITERAL
rough edges,2,The carpenter ran sandpaper over the plank's rough edges,DRAFT-needs-2nd-annotator-validation,2.39,3,". He was not satisfied with the sanding job. He started to rub the plank with a piece of cloth. Why did the carpenter use a piece of cloth?
A. The cloth was softer than the sandpaper.
B. The cloth was",FIGURATIVE
rough edges,2,The carpenter ran sandpaper over the plank's rough edges,DRAFT-needs-2nd-annotator-validation,2.39,4,", and the wood was sanded smooth.
The carpenter used sandpaper to smooth the rough edges of the plank.
The carpenter used sandpaper to smooth the rough edges of the plank.
The carpenter ran sandpaper over the rough edges of",FIGURATIVE
rough edges,2,The carpenter ran sandpaper over the plank's rough edges,DRAFT-needs-2nd-annotator-validation,3.59,0,", removing the rough patches. The carpenter ran sandpaper over the plank's rough edges, removing the rough patches. ... He ran sandpaper over the rough edges, removing the rough patches. He ran sandpaper over the rough edges, removing the",FIGURATIVE
rough edges,2,The carpenter ran sandpaper over the plank's rough edges,DRAFT-needs-2nd-annotator-validation,3.59,1,", but the wood was too porous to retain the finish. He turned to a professional who applied a sealant, but the material was too glossy. Next, he tried another product, but it was too heavy. Finally, he found a sealant",LITERAL
rough edges,2,The carpenter ran sandpaper over the plank's rough edges,DRAFT-needs-2nd-annotator-validation,3.59,2,", but the board's surface wasn't smooth enough. So he took his trusty chisel and removed some more material, and the surface became even rougher.
The carpenter ran sandpaper over the plank's rough edges, but the board's",FIGURATIVE
rough edges,2,The carpenter ran sandpaper over the plank's rough edges,DRAFT-needs-2nd-annotator-validation,3.59,3,". This was the 10th plank he had sanded. The first nine planks were sanded to a smooth surface, but the 10th plank was sanded to a rough surface. Why?
The carpenter ran sandpaper over the",LITERAL
rough edges,2,The carpenter ran sandpaper over the plank's rough edges,DRAFT-needs-2nd-annotator-validation,3.59,4,. The carpenter was a man who knew what he was doing. The carpenter was a man who knew what he was doing. He was not a carpenter who was going to be lazy about his work. The carpenter was not a carp,FIGURATIVE
rough edges,2,The carpenter ran sandpaper over the plank's rough edges,DRAFT-needs-2nd-annotator-validation,4.78,0,". The carpenter was not satisfied with the sandpaper, and he switched to a different sandpaper. The carpenter then ran the sandpaper over the plank for a while, but he was still not satisfied. He finally decided to run the sand",FIGURATIVE
rough edges,2,The carpenter ran sandpaper over the plank's rough edges,DRAFT-needs-2nd-annotator-validation,4.78,1,", but he couldn't get rid of all the grooves. He tried the same thing with the table, but the surface was too big to get a good grip on with his hand.
I used a small amount of sandpaper to smooth out a",FIGURATIVE
rough edges,2,The carpenter ran sandpaper over the plank's rough edges,DRAFT-needs-2nd-annotator-validation,4.78,2,". ""The edges are smoother,"" he said. ""I can now make a nice, smooth finish on the floor.""
""Smoothing the edges is not the same as making a nice, smooth finish,"" I said. ""I'd like to see",FIGURATIVE
rough edges,2,The carpenter ran sandpaper over the plank's rough edges,DRAFT-needs-2nd-annotator-validation,4.78,3,", but the roughness remained.
When you use sandpaper on a wood surface, you might notice that the surface is not completely smooth.
If you want to get rid of the roughness, you can sand the surface with sandpaper and a sand",LITERAL
rough edges,2,The carpenter ran sandpaper over the plank's rough edges,DRAFT-needs-2nd-annotator-validation,4.78,4,". He then took a 10 foot board and drew a straight line down it with a marker. He then cut the line into 2 foot sections, and then cut those into 4 foot sections. He then cut each 4 foot section into",INCOHERENT
in the fast lane,1,"Ever since the promotion, his career had been in the fast lane",DRAFT-needs-2nd-annotator-validation,-4.78,0," and he had never been the same again. It was obvious that the promotion had brought him a lot of changes and it was also obvious that these changes had made him a lot more selfish. In fact, he had become a person who only cared for",FIGURATIVE
in the fast lane,1,"Ever since the promotion, his career had been in the fast lane",DRAFT-needs-2nd-annotator-validation,-4.78,1," car.
The most famous among them is the first in the world of the car ""Ferrari"" and ""Lamborghini"".
But if you look at the career of the car ""Mercedes"", and the name of the player ""Michael Sch",INCOHERENT
in the fast lane,1,"Ever since the promotion, his career had been in the fast lane",DRAFT-needs-2nd-annotator-validation,-4.78,2, of success and his popularity had been on the rise. He had started to gain the attention of the public and his fan base was growing exponentially. His hard work and dedication had paid off and he was now one of the most popular and successful actors in,FIGURATIVE
in the fast lane,1,"Ever since the promotion, his career had been in the fast lane",DRAFT-needs-2nd-annotator-validation,-4.78,3,", and the two of them have not been able to keep up with him.
""Is he really so great?"" Lin Yuan was surprised.
""Is he really so great?"" Lin Yuan was surprised.
I thought he was just a little bit of a",FIGURATIVE
in the fast lane,1,"Ever since the promotion, his career had been in the fast lane",DRAFT-needs-2nd-annotator-validation,-4.78,4,", the last few years of which he had been engaged in the most important work of the department of the National Archives and Library. He was a very hard-working man, and had done much valuable work for the Government. He had been elected a member",LITERAL
in the fast lane,1,"Ever since the promotion, his career had been in the fast lane",DRAFT-needs-2nd-annotator-validation,-3.59,0,", and he was the first person to be promoted to the captain of the team. However, this did not mean that he had been promoted due to his talent, but because he was the only one who was able to survive the competition.
He was",LITERAL
in the fast lane,1,"Ever since the promotion, his career had been in the fast lane",DRAFT-needs-2nd-annotator-validation,-3.59,1,". At the same time, his career had been in the fast lane. The company was also in the fast lane, and the company was also in the fast lane. After the promotion, the company had been in the fast lane, and the company",INCOHERENT
in the fast lane,1,"Ever since the promotion, his career had been in the fast lane",DRAFT-needs-2nd-annotator-validation,-3.59,2,". The most important thing is that the main reason for the promotion of the new leader, it is because of the new leader to the new leader's own efforts, the new leader is not only a very good leader, but also a very good person",LITERAL
in the fast lane,1,"Ever since the promotion, his career had been in the fast lane",DRAFT-needs-2nd-annotator-validation,-3.59,3,". His first movie, ‘Suryavamsam’, was a blockbuster. After that, he did some decent movies like ‘Guru’ and ‘Aha Naa Pellanta’.
The actor who is known for his versatility in acting,",FIGURATIVE
in the fast lane,1,"Ever since the promotion, his career had been in the fast lane",DRAFT-needs-2nd-annotator-validation,-3.59,4,. The new car is equipped with the latest technology. The doctor is a specialist in his field. The patient will be operated on tomorrow. He is a very talented musician. The sun rises in the east. He is a good friend of mine.,FIGURATIVE
in the fast lane,1,"Ever since the promotion, his career had been in the fast lane",DRAFT-needs-2nd-annotator-validation,-2.39,0,". In the summer of 1989, he took a break and was invited to the ""Chinese New Year's Eve Party"" in 1990, which was held in the ""International Hotel"" in Beijing, where he performed the song ""L",INCOHERENT
in the fast lane,1,"Ever since the promotion, his career had been in the fast lane",DRAFT-needs-2nd-annotator-validation,-2.39,1,". It was the first time he had been able to work with the best actors and actresses, and it was also the first time he had been able to meet with a big director.
He was very excited to work with a big director, but he",LITERAL
in the fast lane,1,"Ever since the promotion, his career had been in the fast lane",DRAFT-needs-2nd-annotator-validation,-2.39,2, of success. He had been able to take his career to new heights. The people who had been following his career were very much impressed with his work. He had been able to get a lot of success and recognition. He had been able to become,UNPARSEABLE
in the fast lane,1,"Ever since the promotion, his career had been in the fast lane",DRAFT-needs-2nd-annotator-validation,-2.39,3,. He was not able to find any work for him. He had to work as a clerk in the government office. But he had to leave the job because he was unable to bear the humiliation of being treated as a clerk by the people who had,LITERAL
in the fast lane,1,"Ever since the promotion, his career had been in the fast lane",DRAFT-needs-2nd-annotator-validation,-2.39,4,". His salary was also increased. He was not in a hurry to buy a new car. Instead, he had been saving up for a house. The house was in a posh locality and was quite expensive. The house was not yet ready for",LITERAL
in the fast lane,1,"Ever since the promotion, his career had been in the fast lane",DRAFT-needs-2nd-annotator-validation,-1.2,0,. He was a rising star in the agency. His talent and hard work had been noticed by his superiors and he was well on his way to become a full-fledged actor. He was in his early twenties and his looks and body had not,LITERAL
in the fast lane,1,"Ever since the promotion, his career had been in the fast lane",DRAFT-needs-2nd-annotator-validation,-1.2,1,". But the day his wife died, he had to slow down. He did not know that the speed he was going at, was the same speed he would need to go in order to reach the destination.
I know I have not posted in a",FIGURATIVE
in the fast lane,1,"Ever since the promotion, his career had been in the fast lane",DRAFT-needs-2nd-annotator-validation,-1.2,2,. He was the top of the top of the top. He was the top of the top of the top of the top of the top. He was the top of the top of the top of the top of the top of the top of the,INCOHERENT
in the fast lane,1,"Ever since the promotion, his career had been in the fast lane",DRAFT-needs-2nd-annotator-validation,-1.2,3,". He was promoted to an A1 position in the department of the company he works for. He was also promoted to the position of the head of the department. After that, he was promoted to the position of the head of the department of the",FIGURATIVE
in the fast lane,1,"Ever since the promotion, his career had been in the fast lane",DRAFT-needs-2nd-annotator-validation,-1.2,4,". He had become a national and international brand. It was like the promotion of a product. It was a marketing strategy.
The same strategy that the company used to promote a product.
He had been the face of the company for almost two decades.",FIGURATIVE
in the fast lane,1,"Ever since the promotion, his career had been in the fast lane",DRAFT-needs-2nd-annotator-validation,0.0,0,". He was a new man. He was a new boss. He was a new husband. And he was a new father. In fact, he was everything new, and it felt great.
He had been promoted to the position of Vice President of",FIGURATIVE
in the fast lane,1,"Ever since the promotion, his career had been in the fast lane",DRAFT-needs-2nd-annotator-validation,0.0,1,". He had been promoted to assistant manager, then to general manager, and finally to chief executive officer. And now, at the age of thirty-eight, he was on the verge of becoming chairman of the board.
The only thing that seemed to slow",FIGURATIVE
in the fast lane,1,"Ever since the promotion, his career had been in the fast lane",DRAFT-needs-2nd-annotator-validation,0.0,2,". He had been promoted to the rank of captain, which was the highest rank that he had achieved so far in his police career. He had been promoted so quickly that many people had thought that the promotion was an act of nepotism on the",LITERAL
in the fast lane,1,"Ever since the promotion, his career had been in the fast lane",DRAFT-needs-2nd-annotator-validation,0.0,3,". Now, it was time for a break. As the manager of a major software company, he had been traveling all over the world, meeting with people, attending conventions, and promoting the company’s products. He was now looking forward to a vacation",LITERAL
in the fast lane,1,"Ever since the promotion, his career had been in the fast lane",DRAFT-needs-2nd-annotator-validation,0.0,4,". He had received a promotion from his position of assistant director to that of a director in the Police department. He was happy with his promotion and was working hard for the department. He had also been given a house as part of his promotion.
He",LITERAL
in the fast lane,1,"Ever since the promotion, his career had been in the fast lane",DRAFT-needs-2nd-annotator-validation,1.2,0,", and in just 2 years, he had become one of the most sought after actors in the industry. He is one of the highest paid actors in the industry and his films are always among the highest grossing films of the year.
The actor",LITERAL
in the fast lane,1,"Ever since the promotion, his career had been in the fast lane",DRAFT-needs-2nd-annotator-validation,1.2,1,". He had been given several roles in a series of television commercials, and now, at the age of eighteen, he was doing his first movie. He had been given the lead role in a romantic comedy, and his parents were so proud of him",LITERAL
in the fast lane,1,"Ever since the promotion, his career had been in the fast lane",DRAFT-needs-2nd-annotator-validation,1.2,2,. He was in the limelight and in the public eye. And he was loving every minute of it. He loved the attention. He loved the feeling of being a star. And he was just getting started.,LITERAL
in the fast lane,1,"Ever since the promotion, his career had been in the fast lane",DRAFT-needs-2nd-annotator-validation,1.2,3,". The first movie, which was a small film, had him in a supporting role. He played a part of a policeman. He was in a gang of four policemen and he was the one who was the most loyal to his colleagues. The other",LITERAL
in the fast lane,1,"Ever since the promotion, his career had been in the fast lane",DRAFT-needs-2nd-annotator-validation,1.2,4,", and he had been living in a dream world, where he was always the hero of the story. When he was young, he would always feel that he was different from other people. He never really had the ability to blend in, or to",LITERAL
in the fast lane,1,"Ever since the promotion, his career had been in the fast lane",DRAFT-needs-2nd-annotator-validation,2.39,0,". The same could not be said for the production of his latest film, ‘Rangoon’. The movie was in the news for all the wrong reasons. From the initial delay to the subsequent postponement of the release, the film was already facing",FIGURATIVE
in the fast lane,1,"Ever since the promotion, his career had been in the fast lane",DRAFT-needs-2nd-annotator-validation,2.39,1,. He was a hit with the fans and had been a part of several high profile movies. He has also been a part of several successful TV shows.,FIGURATIVE
in the fast lane,1,"Ever since the promotion, his career had been in the fast lane",DRAFT-needs-2nd-annotator-validation,2.39,2,". I’m not saying that I don’t think that it’s a good idea to get involved with this, but I’m not sure that it’s a good idea to get involved with this. I’m not saying that I don’t think that it",FIGURATIVE
in the fast lane,1,"Ever since the promotion, his career had been in the fast lane",DRAFT-needs-2nd-annotator-validation,2.39,3,". He had been the youngest Chief Minister of the state. He had been the youngest Chief Minister in the country. He had been the youngest Chief Minister in the world. He had been the youngest Chief Minister in the world, to become a Chief Minister",LITERAL
in the fast lane,1,"Ever since the promotion, his career had been in the fast lane",DRAFT-needs-2nd-annotator-validation,2.39,4,". He was now working with the best of the best, and he had to make sure he was up to the challenge. With the help of his friends, he was able to keep his head in the game and get the job done.
He was",UNPARSEABLE
in the fast lane,1,"Ever since the promotion, his career had been in the fast lane",DRAFT-needs-2nd-annotator-validation,3.59,0,. He had been anointed the next great thing in the NBA and his performance on the court had been the talk of the league. He was a player who was so talented that he was able to play multiple positions and play them all well. He,LITERAL
in the fast lane,1,"Ever since the promotion, his career had been in the fast lane",DRAFT-needs-2nd-annotator-validation,3.59,1,". He had been on the road for months, in and out of hotels, and it had taken a toll on him. He was tired, and he had no time to rest. He had been working in the gym at night, trying to stay",FIGURATIVE
in the fast lane,1,"Ever since the promotion, his career had been in the fast lane",DRAFT-needs-2nd-annotator-validation,3.59,2,", and he was doing well. He was getting a lot of work, and the paychecks were great. He’d done some things he wasn’t proud of, but they were just part of the job. And the job was the best. He",LITERAL
in the fast lane,1,"Ever since the promotion, his career had been in the fast lane",DRAFT-needs-2nd-annotator-validation,3.59,3,". In a matter of weeks, he had moved from a relatively unknown player on the periphery of the first team, to being in the starting XI. He was getting game time and scoring goals, and was on his way to being a regular first",FIGURATIVE
in the fast lane,1,"Ever since the promotion, his career had been in the fast lane",DRAFT-needs-2nd-annotator-validation,3.59,4,". He was now a major player. And he wanted to use it to the best of his ability. He didn't want to be a ""yes man"" anymore. He wanted to be a leader. He wanted to make a difference. He wanted",FIGURATIVE
in the fast lane,1,"Ever since the promotion, his career had been in the fast lane",DRAFT-needs-2nd-annotator-validation,4.78,0,". He was going to be the new head of the KGB, the head of the entire Soviet Union’s secret service. In the meantime, he was to go to the United States to see how the CIA was working, to see how the Americans",LITERAL
in the fast lane,1,"Ever since the promotion, his career had been in the fast lane",DRAFT-needs-2nd-annotator-validation,4.78,1,", and it seemed that everything was going his way. The money was rolling in, and the offers were coming in from all angles. He was even receiving offers from people who were not in the industry. It was clear that he was at the top",FIGURATIVE
in the fast lane,1,"Ever since the promotion, his career had been in the fast lane",DRAFT-needs-2nd-annotator-validation,4.78,2,", but he was still not completely sold on the idea that he had to become a full-time professional. He still had a great relationship with his parents, and he still wanted to take some time to focus on his education. He had been to school",FIGURATIVE
in the fast lane,1,"Ever since the promotion, his career had been in the fast lane",DRAFT-needs-2nd-annotator-validation,4.78,3,". And now, he was sitting in the back seat of a car that was moving at a speed that was faster than anything he had ever experienced. The driver was talking to him, but he was having trouble hearing what he was saying. He had",LITERAL
in the fast lane,1,"Ever since the promotion, his career had been in the fast lane",DRAFT-needs-2nd-annotator-validation,4.78,4,", and the 29-year-old was one of the first to be promoted to the Premier League.
He started his career in the youth system at his boyhood club, and made his senior debut in 2009.
He has been a regular starter",FIGURATIVE
in the fast lane,2,The sports car overtook everyone in the fast lane,DRAFT-needs-2nd-annotator-validation,-4.78,0," lane, and the police car was also chasing the driver, and then it was hit by a car
A sports car overtook everyone in the fast lane and was chased by a police car, and then it was hit by a car.
On the",FIGURATIVE
in the fast lane,2,The sports car overtook everyone in the fast lane,DRAFT-needs-2nd-annotator-validation,-4.78,1," lane.
The car stopped for a red light.
The car hit the gas pedal.
The car was in a car accident.
The car was on the wrong side of the road.
The car was stolen.
The car was a total loss.
The car",INCOHERENT
in the fast lane,2,The sports car overtook everyone in the fast lane,DRAFT-needs-2nd-annotator-validation,-4.78,2," of the first curve. The other car did not have time to react and hit the side of the car. The driver of the car was killed. The victim was 28 years old. He was a student at the University of California, Berkeley.",FIGURATIVE
in the fast lane,2,The sports car overtook everyone in the fast lane,DRAFT-needs-2nd-annotator-validation,-4.78,3," lane on the highway, and I didn't know what to do. I had no choice but to get out of the way. The driver was a young man in a suit and tie, and he was driving a sports car. He was driving so",LITERAL
in the fast lane,2,The sports car overtook everyone in the fast lane,DRAFT-needs-2nd-annotator-validation,-4.78,4," lane, the car was moving very fast, the driver was driving very carefully, the car was moving very fast, the driver was driving very carefully, the car was moving very fast, the driver was driving very carefully, the car was moving very fast",UNPARSEABLE
in the fast lane,2,The sports car overtook everyone in the fast lane,DRAFT-needs-2nd-annotator-validation,-3.59,0, of the track and was flying at the speed of 200 km / h. What would happen if the car would accelerate to 300 km / h? How long would it take for the car to stop? How much energy is released in the process,LITERAL
in the fast lane,2,The sports car overtook everyone in the fast lane,DRAFT-needs-2nd-annotator-validation,-3.59,1," and drove to the right to the exit of the street.
The driver of the car, which was in front of the car, did not notice the car and drove into the oncoming lane.
As a result, the car collided with the car,",FIGURATIVE
in the fast lane,2,The sports car overtook everyone in the fast lane,DRAFT-needs-2nd-annotator-validation,-3.59,2, lane. He had the fastest time in the fast lane and in the slow lane. He was the first to pass in both lanes.,INCOHERENT
in the fast lane,2,The sports car overtook everyone in the fast lane,DRAFT-needs-2nd-annotator-validation,-3.59,3," on the road, but the driver was so stupid that he did not even know what happened. He just thought that he was in the lead, but when he got out of the car, he was shocked to find that his car was already in a",UNPARSEABLE
in the fast lane,2,The sports car overtook everyone in the fast lane,DRAFT-needs-2nd-annotator-validation,-3.59,4," on the right, and it turned into the left lane. At that moment, the driver of the sports car was hit by the other car from behind. The driver of the sports car was seriously injured.",LITERAL
in the fast lane,2,The sports car overtook everyone in the fast lane,DRAFT-needs-2nd-annotator-validation,-2.39,0," of the race track, and the car's engine sounded like a bird's song. The sports car overtook everyone in the fast lane of the race track, and the car's engine sounded like a bird's song.
I like the sound of this",LITERAL
in the fast lane,2,The sports car overtook everyone in the fast lane,DRAFT-needs-2nd-annotator-validation,-2.39,1,". He could not be caught. The sports car could go faster than anyone else. No one could overtake him.
The sports car could not be caught.",LITERAL
in the fast lane,2,The sports car overtook everyone in the fast lane,DRAFT-needs-2nd-annotator-validation,-2.39,2," of the 2009 Shanghai Auto Show. From the exterior, the car is not much different from the previous generation of the same name, the only difference is the front end, and the side of the car with the car. The car is equipped",LITERAL
in the fast lane,2,The sports car overtook everyone in the fast lane,DRAFT-needs-2nd-annotator-validation,-2.39,3," in the video
The sports car overtook everyone in the fast lane in the video
The sports car overtook everyone in the fast lane in the video
The sports car overtook everyone in the fast lane in the video
The sports car over",FIGURATIVE
in the fast lane,2,The sports car overtook everyone in the fast lane,DRAFT-needs-2nd-annotator-validation,-2.39,4,". The sports car is 15 km from the first place.
A. true
B. false
Answer: A",UNPARSEABLE
in the fast lane,2,The sports car overtook everyone in the fast lane,DRAFT-needs-2nd-annotator-validation,-1.2,0,", and the other car immediately followed the sports car. The sports car suddenly accelerated sharply, and the other car also accelerated. The two cars were separated by only a few meters. The other car was still not able to catch up. The sports car",UNPARSEABLE
in the fast lane,2,The sports car overtook everyone in the fast lane,DRAFT-needs-2nd-annotator-validation,-1.2,1,".
A: He is a very good athlete.
B: He is a very good athlete.
A: Yes, he is very good at soccer.
B: He is a very good athlete.
A: Yes, he is very good at soccer.
",INCOHERENT
in the fast lane,2,The sports car overtook everyone in the fast lane,DRAFT-needs-2nd-annotator-validation,-1.2,2," and was driving in the opposite direction. When the sports car was 100 meters away from the police car, the driver of the sports car suddenly stopped the car and jumped out of the car. The police car was 50 meters away from the sports",LITERAL
in the fast lane,2,The sports car overtook everyone in the fast lane,DRAFT-needs-2nd-annotator-validation,-1.2,3," and the driver was able to leave the accident without injuries.
The accident happened on the 24th of June in the city of Hrodna. A 25-year-old man was driving a Mercedes sports car. The sports car overtook everyone in",LITERAL
in the fast lane,2,The sports car overtook everyone in the fast lane,DRAFT-needs-2nd-annotator-validation,-1.2,4,", leaving a trail of smoke behind.
The driver was furious because he was beaten.
He went to the police station to report.
The police asked him to come to the police station the next day.
The police told him that he was driving too fast",LITERAL
in the fast lane,2,The sports car overtook everyone in the fast lane,DRAFT-needs-2nd-annotator-validation,0.0,0,". It is a powerful car, with a high-speed engine. It is a high-performance sports car, with a very high top speed. It is a high-performance sports car, with a very high top speed.
The sports car overtook everyone in",LITERAL
in the fast lane,2,The sports car overtook everyone in the fast lane,DRAFT-needs-2nd-annotator-validation,0.0,1,", including the Ferrari Enzo, with a top speed of 258mph.
The Koenigsegg Agera RS has been crowned the world's fastest car.
The Swedish supercar, which was unveiled at the Geneva Motor Show in March",LITERAL
in the fast lane,2,The sports car overtook everyone in the fast lane,DRAFT-needs-2nd-annotator-validation,0.0,2,".
A sports car is a type of vehicle designed for speed and high performance.
A sports car is a vehicle with high performance and speed.
A sports car is a type of car that is designed for speed and high performance.
A sports car is a",UNPARSEABLE
in the fast lane,2,The sports car overtook everyone in the fast lane,DRAFT-needs-2nd-annotator-validation,0.0,3,"
The sports car overtook everyone in the fast lane
The sports car overtook everyone in the fast lane
The sports car overtook everyone in the fast lane
The sports car overtook everyone in the fast lane
The sports car overtook",FIGURATIVE
in the fast lane,2,The sports car overtook everyone in the fast lane,DRAFT-needs-2nd-annotator-validation,0.0,4,. It was a Ferrari 512S. The 512S was the first Ferrari to use a V-12 engine. The Ferrari 512S was the fastest car in the world when it was introduced. The car was built in 1969,FIGURATIVE
in the fast lane,2,The sports car overtook everyone in the fast lane,DRAFT-needs-2nd-annotator-validation,1.2,0,", and its name is Porsche 911. Porsche 911 is the most popular sports car in the world. The Porsche 911 is a sports car that has been produced by Porsche since 1963. It is the company’s most successful model and",LITERAL
in the fast lane,2,The sports car overtook everyone in the fast lane,DRAFT-needs-2nd-annotator-validation,1.2,1,"
There is no doubt that the most important event of the year for the automobile industry is the Geneva Motor Show. And, of course, the Geneva Motor Show is not just a show, it is a place where the most interesting cars of the year",FIGURATIVE
in the fast lane,2,The sports car overtook everyone in the fast lane,DRAFT-needs-2nd-annotator-validation,1.2,2,".
The car is a 2006 BMW M3. The car is red and is a coupe. The car is a sports car.",FIGURATIVE
in the fast lane,2,The sports car overtook everyone in the fast lane,DRAFT-needs-2nd-annotator-validation,1.2,3,".
The Audi R8 was not born to be a fast car, but a successful car. The R8 is not just a fast car, it is also a beautiful car. The Audi R8 is a car that is not only fast, but",FIGURATIVE
in the fast lane,2,The sports car overtook everyone in the fast lane,DRAFT-needs-2nd-annotator-validation,1.2,4," in 2019, including the Porsche 911 GT3 RS, which has a 4.0-liter flat-six engine that produces 520 hp and 346 lb-ft of torque.
The McLaren 720S is the most powerful and fastest McLaren",FIGURATIVE
in the fast lane,2,The sports car overtook everyone in the fast lane,DRAFT-needs-2nd-annotator-validation,2.39,0,". The 2008 Ford Shelby GT500, a muscle car that is a 550 horsepower, is the fastest production vehicle in the world, beating the competition in a series of tests.
The Ford Shelby GT500 is the fastest production car in the",LITERAL
in the fast lane,2,The sports car overtook everyone in the fast lane,DRAFT-needs-2nd-annotator-validation,2.39,1,". The 911 was a complete success from the start. In 1964 the 911 was awarded the coveted “International Car of the Year” title.
The 911 was launched in 1963 as a new generation of Porsche sports car.",LITERAL
in the fast lane,2,The sports car overtook everyone in the fast lane,DRAFT-needs-2nd-annotator-validation,2.39,2, with its 0 to 100 km/h sprint in 2.9 seconds. The 2019 Porsche 911 Carrera S Cabriolet is the new top model of the 911 Cabriolet family. It is the first model in,FIGURATIVE
in the fast lane,2,The sports car overtook everyone in the fast lane,DRAFT-needs-2nd-annotator-validation,2.39,3,". It was an electric car, with the range and performance of a sports car, at the same time as it was extremely affordable. The Tesla Model 3 was the first car to sell over 500,000 units in a single year.
The",LITERAL
in the fast lane,2,The sports car overtook everyone in the fast lane,DRAFT-needs-2nd-annotator-validation,2.39,4,". It was a real phenomenon, and it wasn’t even a new phenomenon, as the first car was produced in 1947. Since then, the sports car has been conquering the world in a variety of forms, and its popularity has only",LITERAL
in the fast lane,2,The sports car overtook everyone in the fast lane,DRAFT-needs-2nd-annotator-validation,3.59,0,". It was the fastest car on the track, and it was the first car to make the lap time under 1:20. But there was one problem: it was so fast, it couldn’t stop.
It was the fastest car on the",UNPARSEABLE
in the fast lane,2,The sports car overtook everyone in the fast lane,DRAFT-needs-2nd-annotator-validation,3.59,1," with a new car that was the perfect combination of luxury and power. The Lamborghini Huracan is the new king of the hill. It’s a car that combines the power of a supercar with the luxury of a Lamborghini.
The Lamb",FIGURATIVE
in the fast lane,2,The sports car overtook everyone in the fast lane,DRAFT-needs-2nd-annotator-validation,3.59,2,". The new Mercedes-AMG GT R is the fastest and most agile AMG production car ever, and is the most powerful four-seater in the world. With a top speed of 326 km/h and a 0-100 km/h",FIGURATIVE
in the fast lane,2,The sports car overtook everyone in the fast lane,DRAFT-needs-2nd-annotator-validation,3.59,3,", with the Lamborghini Aventador LP700-4 SV becoming the world’s fastest production car after it was clocked doing 225.6mph (363km/h) at the Volkswagen Group’s test track in Ehra-Lessien,",FIGURATIVE
in the fast lane,2,The sports car overtook everyone in the fast lane,DRAFT-needs-2nd-annotator-validation,3.59,4,", and the results are in for the 2019 Car of the Year. The winner is the BMW M850i xDrive. The winner was revealed at a gala ceremony held in the evening of the second day of the Geneva Motor Show. The",FIGURATIVE
in the fast lane,2,The sports car overtook everyone in the fast lane,DRAFT-needs-2nd-annotator-validation,4.78,0,". It is a popular and a very good sports car. The car has a very good performance. It is a very good and a powerful car.
The car has a very good performance. It is a very good and a powerful car. The car",LITERAL
in the fast lane,2,The sports car overtook everyone in the fast lane,DRAFT-needs-2nd-annotator-validation,4.78,1,". In fact, the 911 Carrera S is one of the most powerful cars in the world. The 911 Carrera S can accelerate from 0-100 km/h in just 3.7 seconds. It is one of the fastest",FIGURATIVE
in the fast lane,2,The sports car overtook everyone in the fast lane,DRAFT-needs-2nd-annotator-validation,4.78,2,". It was a hit.
The 1967 Camaro Z/28 was the first of the great muscle cars, and it’s still a favorite with collectors today.
The 1969 Camaro was the first of the second-generation Camaros",FIGURATIVE
in the fast lane,2,The sports car overtook everyone in the fast lane,DRAFT-needs-2nd-annotator-validation,4.78,3,". It has a 0 to 60 mph time of 3.6 seconds, a top speed of 183 mph and can accelerate from 0 to 100 mph in 6.3 seconds. It also has an 8-speed automatic",LITERAL
in the fast lane,2,The sports car overtook everyone in the fast lane,DRAFT-needs-2nd-annotator-validation,4.78,4,". And it will be interesting to see if the 2019 Ford Mustang Bullitt can do the same.
If you are looking for a new Ford Mustang in the Las Vegas area, you'll be pleased to know that we have a few models to",LITERAL
spill the beans,1,"Under pressure from the reporters, the assistant finally decided to spill the beans",DRAFT-needs-2nd-annotator-validation,-4.78,0," bag. He said, “It was a little girl who was just a few years old. She was playing with her dolls, when her mother asked her to do some work. The girl started crying. The mother asked her why she was crying.",FIGURATIVE
spill the beans,1,"Under pressure from the reporters, the assistant finally decided to spill the beans",DRAFT-needs-2nd-annotator-validation,-4.78,1," bucket. The assistant told reporters that they have sent a letter to the chief to stop the demolition work in the afternoon. The reporter asked the assistant when they got the letter. The assistant replied that they received the letter at 4 pm, and the",FIGURATIVE
spill the beans,1,"Under pressure from the reporters, the assistant finally decided to spill the beans",DRAFT-needs-2nd-annotator-validation,-4.78,2," bag, and said that he had not seen the scene, but the witness said that the scene was the two people fighting, the woman was beaten to death.
The witness said that he had seen the two people fighting, and the woman was beaten to",LITERAL
spill the beans,1,"Under pressure from the reporters, the assistant finally decided to spill the beans",DRAFT-needs-2nd-annotator-validation,-4.78,3,"’s secret. She revealed that she and the rest of the team had to work in the dark.
“The light was switched off,” she said, “because the boss was afraid that the reporters would see the team and would know that we were working on",LITERAL
spill the beans,1,"Under pressure from the reporters, the assistant finally decided to spill the beans",DRAFT-needs-2nd-annotator-validation,-4.78,4," out. The reporters were very interested in this news. In the past few days, the reporters have been chasing after the assistant. The assistant has been very elusive. The reporters did not know where the assistant was. After the assistant came out, the",LITERAL
spill the beans,1,"Under pressure from the reporters, the assistant finally decided to spill the beans",DRAFT-needs-2nd-annotator-validation,-3.59,0," from the basket.
She was surprised to see that there were two identical baskets, one with a piece of cloth on the top, and the other with a piece of paper.
After a few seconds, the assistant took out the basket with the cloth and",INCOHERENT
spill the beans,1,"Under pressure from the reporters, the assistant finally decided to spill the beans",DRAFT-needs-2nd-annotator-validation,-3.59,1," of the box and revealed the following: ""The box is a gift for the son of the owner of the restaurant. The box is a gift for the son of the owner of the restaurant. The box is a gift for the son of the owner",FIGURATIVE
spill the beans,1,"Under pressure from the reporters, the assistant finally decided to spill the beans",DRAFT-needs-2nd-annotator-validation,-3.59,2,". “Oh, this is a very sensitive matter. I can’t tell you. You are a reporter. You should know this. You should have known this. You are a reporter. I can’t tell you. I can’t tell you.",FIGURATIVE
spill the beans,1,"Under pressure from the reporters, the assistant finally decided to spill the beans",DRAFT-needs-2nd-annotator-validation,-3.59,3," that was buried in the basement. The old man, who was about 70 years old, was very proud of himself for finding the beans, and was very excited to show them to the reporters.
The reporters immediately started to take pictures of the beans",FIGURATIVE
spill the beans,1,"Under pressure from the reporters, the assistant finally decided to spill the beans",DRAFT-needs-2nd-annotator-validation,-3.59,4," bag.
The reporters asked: ""How many people died in the explosion?""
The assistant replied: ""I don't know.""
The reporters asked: ""How many people were injured?""
The assistant replied: ""I don't know.""
The reporters asked:",FIGURATIVE
spill the beans,1,"Under pressure from the reporters, the assistant finally decided to spill the beans",DRAFT-needs-2nd-annotator-validation,-2.39,0," and said that the beans are the only thing that can be eaten in the 10 days before the Spring Festival, but it is not easy to eat. It is not easy to eat, and it is not easy to eat. It is not easy",LITERAL
spill the beans,1,"Under pressure from the reporters, the assistant finally decided to spill the beans",DRAFT-needs-2nd-annotator-validation,-2.39,1," of the president.
The reporters asked: ""Mr. Assistant, what's the beans of the president?""
The assistant said: ""The beans of the president are like this: there are five beans, one is white, one is yellow, one is",INCOHERENT
spill the beans,1,"Under pressure from the reporters, the assistant finally decided to spill the beans",DRAFT-needs-2nd-annotator-validation,-2.39,2,". He said: ""The director is still in the bathroom.""
The reporter immediately followed the assistant into the bathroom, and when the assistant entered the bathroom, the director was in the bathtub, and the reporter immediately took out his camera and photographed the director",LITERAL
spill the beans,1,"Under pressure from the reporters, the assistant finally decided to spill the beans",DRAFT-needs-2nd-annotator-validation,-2.39,3,".
The reporter asked, ""Did you hear that the police are going to arrest you?"" The assistant replied, ""Yes. I heard it too. I also heard that they are going to arrest the boss. But I heard that they are only going",LITERAL
spill the beans,1,"Under pressure from the reporters, the assistant finally decided to spill the beans",DRAFT-needs-2nd-annotator-validation,-2.39,4,". ""Yes, that was him. But he's not here now.""
The reporter was so excited that he forgot to ask the assistant why the man left his own event. ""Well, he was so happy that he couldn't wait to tell us",FIGURATIVE
spill the beans,1,"Under pressure from the reporters, the assistant finally decided to spill the beans",DRAFT-needs-2nd-annotator-validation,-1.2,0,". He said that the reason why the price of the new car is so high is because of the raw materials, but also because of the cost of R & D. As for the R & D cost, the assistant said that the new car is",FIGURATIVE
spill the beans,1,"Under pressure from the reporters, the assistant finally decided to spill the beans",DRAFT-needs-2nd-annotator-validation,-1.2,1,".
The reporter then asked, “What’s your name, assistant?”
The assistant answered, “My name is Bao.”
The reporter asked, “What’s your surname, Bao?”
The assistant answered, “My surname is Bao",FIGURATIVE
spill the beans,1,"Under pressure from the reporters, the assistant finally decided to spill the beans",DRAFT-needs-2nd-annotator-validation,-1.2,2,". He told the reporters that he was just a messenger, and he was not the one who made the decision. He said that the decision was made by the vice president, and he was just following orders. The reporters were not satisfied with this answer",FIGURATIVE
spill the beans,1,"Under pressure from the reporters, the assistant finally decided to spill the beans",DRAFT-needs-2nd-annotator-validation,-1.2,3,". After a long silence, he said, ""There was a case of a man who lost his wife and three children in a car accident. He was so devastated that he could not even stand up. He just sat there in a daze,",FIGURATIVE
spill the beans,1,"Under pressure from the reporters, the assistant finally decided to spill the beans",DRAFT-needs-2nd-annotator-validation,-1.2,4,. He said that the reason for the delay was that the government was planning to issue a special order to deal with the case. The reporters were stunned and asked him to explain. The assistant said that the special order was the result of the investigation conducted,LITERAL
spill the beans,1,"Under pressure from the reporters, the assistant finally decided to spill the beans",DRAFT-needs-2nd-annotator-validation,0.0,0,".
It was a story he was not too proud of, but at least he would be able to get out of the job.
The assistant, who was just promoted to the position, was assigned to go to a nearby town to investigate the mysterious death",LITERAL
spill the beans,1,"Under pressure from the reporters, the assistant finally decided to spill the beans",DRAFT-needs-2nd-annotator-validation,0.0,1,. The story was that the company was in serious financial trouble and that the new owner was going to shut down the plant. The company had been bought by a private equity firm and they had decided to sell the plant and move all the jobs to China,FIGURATIVE
spill the beans,1,"Under pressure from the reporters, the assistant finally decided to spill the beans",DRAFT-needs-2nd-annotator-validation,0.0,2,. He revealed that the first two candidates to be interviewed by the committee were two very attractive women. The first one was a 28-year-old blonde with a voluptuous figure and perfect breasts. The second was a 27-year-old brunette with a,LITERAL
spill the beans,1,"Under pressure from the reporters, the assistant finally decided to spill the beans",DRAFT-needs-2nd-annotator-validation,0.0,3,". But the reporters were not satisfied with the answer, and kept asking, ""How much do you make?"" ""What do you do with the money?"" ""What's your job title?"" ""What's your family name?"" ""What do you do",FIGURATIVE
spill the beans,1,"Under pressure from the reporters, the assistant finally decided to spill the beans",DRAFT-needs-2nd-annotator-validation,0.0,4,". “You see, we had a problem,” he said. “We had a problem with the toilets.”
“With the toilets?” someone asked. “What do you mean you had a problem with the toilets?”
“The toilets would not flush,”",LITERAL
spill the beans,1,"Under pressure from the reporters, the assistant finally decided to spill the beans",DRAFT-needs-2nd-annotator-validation,1.2,0,". He took out a pen and a piece of paper, and began writing. The reporters began to crowd around him, and the air was filled with the sound of pen scratching against paper.
The assistant wrote, “The chief of police is in the",FIGURATIVE
spill the beans,1,"Under pressure from the reporters, the assistant finally decided to spill the beans",DRAFT-needs-2nd-annotator-validation,1.2,1,". ""The whole world knows that the 'Kaminoan' is a clone of Obi-Wan Kenobi. The 'Sith' is a clone of Darth Sidious. And the 'Droid' is a clone of R2",LITERAL
spill the beans,1,"Under pressure from the reporters, the assistant finally decided to spill the beans",DRAFT-needs-2nd-annotator-validation,1.2,2,". ""It's a new kind of car,"" he said, ""and it's got a really weird name. We can't tell you what it is, but it's a really cool car.""
""Really?"" the reporters asked, hoping for more",FIGURATIVE
spill the beans,1,"Under pressure from the reporters, the assistant finally decided to spill the beans",DRAFT-needs-2nd-annotator-validation,1.2,3,". “Yes, it’s true. The two of us have been seeing each other for a while now. We have been trying to keep it quiet for a while, but I guess the cat is out of the bag. Our relationship is not something",FIGURATIVE
spill the beans,1,"Under pressure from the reporters, the assistant finally decided to spill the beans",DRAFT-needs-2nd-annotator-validation,1.2,4,". “It’s a woman,” she said. “We found her in the basement. She was unconscious. She had been there for a while. She was naked. We had to cover her up. She’s been there ever since.”
The reporters",FIGURATIVE
spill the beans,1,"Under pressure from the reporters, the assistant finally decided to spill the beans",DRAFT-needs-2nd-annotator-validation,2.39,0,". The police were looking for the boy who had stolen the car. He was tall, about 18 years old, and had been seen getting into a white car. It was the only car in the area. The police were sure it was the",FIGURATIVE
spill the beans,1,"Under pressure from the reporters, the assistant finally decided to spill the beans",DRAFT-needs-2nd-annotator-validation,2.39,1,". ""Yes, we have a new plan for the coming year. We're going to give the students a new way to make a living. It's a new way to make money.""
""Sounds like a good idea,"" one reporter said, """,LITERAL
spill the beans,1,"Under pressure from the reporters, the assistant finally decided to spill the beans",DRAFT-needs-2nd-annotator-validation,2.39,2,". He said that the company had been hit by a data breach, and the hackers had stolen the email addresses and passwords of all its employees. This was just the tip of the iceberg, however, as the hackers had also obtained access to the company",FIGURATIVE
spill the beans,1,"Under pressure from the reporters, the assistant finally decided to spill the beans",DRAFT-needs-2nd-annotator-validation,2.39,3,". ""We are under pressure from our superiors to get a result,"" he said. ""We are not allowed to take any risks.""
What are the possible causes of the assistant's hesitation? Select the best answer from the list.
A. He",FIGURATIVE
spill the beans,1,"Under pressure from the reporters, the assistant finally decided to spill the beans",DRAFT-needs-2nd-annotator-validation,2.39,4,. The assistant then revealed that the “secret” to the company’s success was their “secret sauce”. They used a proprietary blend of “magic beans” and “secret sauce” to make their “magic beans” “secret”. The reporters were stunned,FIGURATIVE
spill the beans,1,"Under pressure from the reporters, the assistant finally decided to spill the beans",DRAFT-needs-2nd-annotator-validation,3.59,0,". “You don’t understand,” she said. “The company’s policy is that we cannot comment on anything we are not supposed to comment on. If we do, we could be in big trouble.”
I found this a bit strange. I have",LITERAL
spill the beans,1,"Under pressure from the reporters, the assistant finally decided to spill the beans",DRAFT-needs-2nd-annotator-validation,3.59,1,", and began to tell the truth.
She said that in order to ensure the smoothness of the operation of the hospital, the hospital has a strict policy on the disposal of medical waste. The hospital has a special medical waste disposal room, and all",FIGURATIVE
spill the beans,1,"Under pressure from the reporters, the assistant finally decided to spill the beans",DRAFT-needs-2nd-annotator-validation,3.59,2,". It was a secret, and a big one. He was the only one who knew the truth, and he was afraid that if he told the reporters, the truth would get out.
The reporters kept asking, “Why is it a secret?”",FIGURATIVE
spill the beans,1,"Under pressure from the reporters, the assistant finally decided to spill the beans",DRAFT-needs-2nd-annotator-validation,3.59,3,".
“First, we have no intention to close the hospital. We are just going to renovate the hospital. Second, the hospital is under the control of the government. We can’t say anything without the government’s permission. Third, we have",LITERAL
spill the beans,1,"Under pressure from the reporters, the assistant finally decided to spill the beans",DRAFT-needs-2nd-annotator-validation,3.59,4,". He confessed that his boss had indeed paid the bribe and had collected the 10,000 baht from the police. The police officer was also present, and he agreed to testify that the bribe was indeed paid to him.
The assistant",FIGURATIVE
spill the beans,1,"Under pressure from the reporters, the assistant finally decided to spill the beans",DRAFT-needs-2nd-annotator-validation,4.78,0,". He revealed that the 25-year-old was the victim of a rape. The police had taken the case. The victim was being treated at a hospital.
But the police were not able to trace the accused. The victim’s family members had gone",LITERAL
spill the beans,1,"Under pressure from the reporters, the assistant finally decided to spill the beans",DRAFT-needs-2nd-annotator-validation,4.78,1,". She gave the reporters a copy of the ""Patriot Act"" which has been passed by the U.S. Senate. She also told the reporters that they could read the document for themselves.
One of the reporters, a guy named Peter,",FIGURATIVE
spill the beans,1,"Under pressure from the reporters, the assistant finally decided to spill the beans",DRAFT-needs-2nd-annotator-validation,4.78,2,". ""They have been on the verge of a mutiny. There are many cases of soldiers deserting, and the army is losing soldiers every day. The soldiers are not allowed to even write letters to their families. The government is not even allowing",FIGURATIVE
spill the beans,1,"Under pressure from the reporters, the assistant finally decided to spill the beans",DRAFT-needs-2nd-annotator-validation,4.78,3,. The name of the man was Koo. He was the head of the security department at the school. He was also the one who had called the police and reported that a group of students were bullying a student. As the reporters were getting ready,FIGURATIVE
spill the beans,1,"Under pressure from the reporters, the assistant finally decided to spill the beans",DRAFT-needs-2nd-annotator-validation,4.78,4,". It was the “secret sauce” of the company’s success. The answer was simple: it was the team’s willingness to embrace change. The company’s leaders had made it clear that they would not tolerate complacency, and the team had responded",FIGURATIVE
spill the beans,2,"While cooking, the clumsy chef managed to spill the beans",DRAFT-needs-2nd-annotator-validation,-4.78,0," with milk into the pot, and then he tried to clean it up. He used the spoon to push the milk out of the pot. But he accidentally pushed it to the other end, and the milk got all over the floor. How much milk",LITERAL
spill the beans,2,"While cooking, the clumsy chef managed to spill the beans",DRAFT-needs-2nd-annotator-validation,-4.78,1," into the soup. In order to save the dish, he took a fork and mixed the soup. When the soup was ready, he tasted it and discovered that the soup had become sweet. In order to find out the reason for this, the chef",FIGURATIVE
spill the beans,2,"While cooking, the clumsy chef managed to spill the beans",DRAFT-needs-2nd-annotator-validation,-4.78,2," with his pan. He quickly realized that the flour he was using had been contaminated with some sort of bacteria that caused a sudden increase in the population of the bacteria, which led to the release of toxic substances that caused the flour to spontaneously combust.
The",LITERAL
spill the beans,2,"While cooking, the clumsy chef managed to spill the beans",DRAFT-needs-2nd-annotator-validation,-4.78,3," box of spices. You need to find a way to clean up the mess.
The game is in the style of an arcade game. You need to move the mouse to the right and left, and press the space bar to clean up the spilled spices",LITERAL
spill the beans,2,"While cooking, the clumsy chef managed to spill the beans",DRAFT-needs-2nd-annotator-validation,-4.78,4," juice on the table. She immediately rushed to clean the table with a cloth, but when she was done, she found out that she had also spilled the juice on the floor. She went to clean the floor and spilled the juice on the sofa.",FIGURATIVE
spill the beans,2,"While cooking, the clumsy chef managed to spill the beans",DRAFT-needs-2nd-annotator-validation,-3.59,0," of oil. The oil spread out and formed a thin layer on the kitchen floor. The chef immediately noticed the oil and ran to the kitchen sink. He grabbed the nearest sponge, squeezed it, and rubbed the oil away. But the sponge was not",FIGURATIVE
spill the beans,2,"While cooking, the clumsy chef managed to spill the beans",DRAFT-needs-2nd-annotator-validation,-3.59,1," sauce on the floor. The sauce quickly spread and began to dry. What should the chef do? Choose the correct answer:
A. The sauce should be cleaned up with a wet cloth.
B. The sauce should be cleaned up with a dry cloth",LITERAL
spill the beans,2,"While cooking, the clumsy chef managed to spill the beans",DRAFT-needs-2nd-annotator-validation,-3.59,2," of a large pot of water. He immediately panicked, but then remembered that he had a spare pot, so he emptied the water into it and put the pot on the stove. The chef turned the heat on high, but to his dismay, the",LITERAL
spill the beans,2,"While cooking, the clumsy chef managed to spill the beans",DRAFT-needs-2nd-annotator-validation,-3.59,3," oil on the floor, and now the floor is on fire. To extinguish the fire, the chef must find the right amount of water to put on the fire. The water is represented by the blue squares. The water must be poured in the",FIGURATIVE
spill the beans,2,"While cooking, the clumsy chef managed to spill the beans",DRAFT-needs-2nd-annotator-validation,-3.59,4, of oil on the counter. The oil spread on the counter and formed a thin layer of oil on the counter. The oil formed a thin layer of oil on the counter. The oil formed a thin layer of oil on the counter. The oil formed,LITERAL
spill the beans,2,"While cooking, the clumsy chef managed to spill the beans",DRAFT-needs-2nd-annotator-validation,-2.39,0," on the floor. When the chef saw the beans, he thought that he had lost his work. But when he looked closer, he found that the beans were not completely crushed, so he tried to find a way to use them. What did he",FIGURATIVE
spill the beans,2,"While cooking, the clumsy chef managed to spill the beans",DRAFT-needs-2nd-annotator-validation,-2.39,1," of oil on the kitchen floor. He had to rush to clean the oil and make sure that the oil does not spread all over the floor. Can you help him with that?
Use the arrow keys to move the mop around the floor. Click the",FIGURATIVE
spill the beans,2,"While cooking, the clumsy chef managed to spill the beans",DRAFT-needs-2nd-annotator-validation,-2.39,2," on the floor. After the incident, the chef noticed that the spilled beans have formed a shape of a heart. What could the shape be? Please help to calculate the area of the shape.

#1

The area of the shape is 6",INCOHERENT
spill the beans,2,"While cooking, the clumsy chef managed to spill the beans",DRAFT-needs-2nd-annotator-validation,-2.39,3," into the pot of boiling soup. How much of the soup is left? The soup volume is 4 liters. The beans volume is 0.2 liters.
The soup volume is 4 liters.
The beans volume is 0.2 liters",LITERAL
spill the beans,2,"While cooking, the clumsy chef managed to spill the beans",DRAFT-needs-2nd-annotator-validation,-2.39,4," in the kitchen sink. The chef is a very careful person, and would never let the beans fall on the floor. He is also very quick, and is able to catch the beans in the sink before they hit the floor. The chef is also",LITERAL
spill the beans,2,"While cooking, the clumsy chef managed to spill the beans",DRAFT-needs-2nd-annotator-validation,-1.2,0," from the pot. As a result, he has to go through a lot of trouble to get the beans back into the pot. Help him do that.",LITERAL
spill the beans,2,"While cooking, the clumsy chef managed to spill the beans",DRAFT-needs-2nd-annotator-validation,-1.2,1," into the pan. What happened next was not only hilarious, but also a great lesson on how to handle a hot pan.
The chef quickly realized what he had done and frantically tried to remove the beans from the pan. But as he began to",FIGURATIVE
spill the beans,2,"While cooking, the clumsy chef managed to spill the beans",DRAFT-needs-2nd-annotator-validation,-1.2,2," on the floor. The beans have been mixed with the dirt, and the chef can no longer tell which are the beans and which are the dirt. He wants to know how many beans there are in total.
To solve this problem, he can use",LITERAL
spill the beans,2,"While cooking, the clumsy chef managed to spill the beans",DRAFT-needs-2nd-annotator-validation,-1.2,3," of chili peppers on the floor. As a result, the beans have scattered all over the kitchen. The chef wants to make a list of all the beans on the floor. Help him to write a program that will calculate the number of beans on the",LITERAL
spill the beans,2,"While cooking, the clumsy chef managed to spill the beans",DRAFT-needs-2nd-annotator-validation,-1.2,4, on the floor. The beans were spilled all over the floor and she has no idea how to clean them up. Help the chef clean the beans from the floor by using the mouse to click and drag the beans from the floor to the garbage bin.,LITERAL
spill the beans,2,"While cooking, the clumsy chef managed to spill the beans",DRAFT-needs-2nd-annotator-validation,0.0,0," on his plan to assassinate the president of the United States.
While cooking, the clumsy chef managed to spill the beans on his plan to assassinate the president of the United States. When he was arrested, the FBI found a book on the art",LITERAL
spill the beans,2,"While cooking, the clumsy chef managed to spill the beans",DRAFT-needs-2nd-annotator-validation,0.0,1," on a secret plot to destroy the world. Now it’s up to you to stop the evil villain from unleashing his evil plan and save the world! In this exciting cooking game, you will have to prepare a delicious meal, collect the necessary ingredients",LITERAL
spill the beans,2,"While cooking, the clumsy chef managed to spill the beans",DRAFT-needs-2nd-annotator-validation,0.0,2," all over the floor. The chef was furious. He yelled at the housekeeper for not being careful. The housekeeper apologized and said that she was not to blame. It was the fault of the kitchen helper, who had forgotten to take the beans",LITERAL
spill the beans,2,"While cooking, the clumsy chef managed to spill the beans",DRAFT-needs-2nd-annotator-validation,0.0,3," on a plate of beans. The beans were too hot to touch, but the chef was not deterred. He carefully scooped up the beans with his bare hands and placed them in the pot. He then proceeded to stir them around until they were",LITERAL
spill the beans,2,"While cooking, the clumsy chef managed to spill the beans",DRAFT-needs-2nd-annotator-validation,0.0,4,", and a lot of them, into the sauce. Now you need to gather all the beans together, so that you can cook them for the rest of the meal.
In this game, you need to click on the beans to collect them. The",INCOHERENT
spill the beans,2,"While cooking, the clumsy chef managed to spill the beans",DRAFT-needs-2nd-annotator-validation,1.2,0," on the stove, causing the oil to spill on the stove. The oil splattered on the stove, causing the oil to splash on the stove. The oil splattered on the stove, causing the oil to splash on the stove. The oil spl",LITERAL
spill the beans,2,"While cooking, the clumsy chef managed to spill the beans",DRAFT-needs-2nd-annotator-validation,1.2,1,". The sauce was poured over the floor. In order to save the dish, the cook had to quickly mix the ingredients together to create a new dish.",LITERAL
spill the beans,2,"While cooking, the clumsy chef managed to spill the beans",DRAFT-needs-2nd-annotator-validation,1.2,2," and the sauce fell on the floor. What to do? There is no time to lose and the sauce must be recovered as soon as possible. In order to do this, you must be very fast and you must be able to react in a precise",FIGURATIVE
spill the beans,2,"While cooking, the clumsy chef managed to spill the beans",DRAFT-needs-2nd-annotator-validation,1.2,3," on a live TV show and the whole nation witnessed it. While the chef was busy cooking a dish on the live TV show, he accidentally spilled the beans. As a result, the beans were all over the screen. The chef was visibly shocked and",FIGURATIVE
spill the beans,2,"While cooking, the clumsy chef managed to spill the beans",DRAFT-needs-2nd-annotator-validation,1.2,4," on his head and got a small cut. The wound was cleaned, but the doctor gave him a prescription for a course of antibiotics. The patient took the pills for a week, but the wound did not heal, and the skin around it began to",FIGURATIVE
spill the beans,2,"While cooking, the clumsy chef managed to spill the beans",DRAFT-needs-2nd-annotator-validation,2.39,0," on the floor.
He quickly picked up the mess, but was worried he’d made a mess of the floor.
He started to clean it up, but then noticed a strange smell.
He was afraid he’d made a mess of the floor.",FIGURATIVE
spill the beans,2,"While cooking, the clumsy chef managed to spill the beans",DRAFT-needs-2nd-annotator-validation,2.39,1,". Luckily, his friend came to the rescue and helped him. Watch the video to see the two of them having fun together.
This is the kind of thing that happens when you have a little bit of time to spare. It’s not a big",FIGURATIVE
spill the beans,2,"While cooking, the clumsy chef managed to spill the beans",DRAFT-needs-2nd-annotator-validation,2.39,2,". Fortunately, the ingredients were still good to use, and the chef decided to combine the sauce with the pasta. This is how the chef managed to create a delicious pasta dish that has become a favorite among the residents of the city. The sauce is",LITERAL
spill the beans,2,"While cooking, the clumsy chef managed to spill the beans",DRAFT-needs-2nd-annotator-validation,2.39,3,", and now he’s trying to mop up the mess with the mop. Help the chef and keep his kitchen clean! The chef has to clean up the kitchen by mopping up the spilled food. Use the mouse to clean up the spilled food and",INCOHERENT
spill the beans,2,"While cooking, the clumsy chef managed to spill the beans",DRAFT-needs-2nd-annotator-validation,2.39,4,. The kitchen is a mess! Help the chef to clean up and prepare the food.,FIGURATIVE
spill the beans,2,"While cooking, the clumsy chef managed to spill the beans",DRAFT-needs-2nd-annotator-validation,3.59,0,", making a mess of the kitchen and the floor. As a result, the floor was covered with a layer of food, making it look like a cake. But as the chef cleaned the kitchen, he ended up making a mess of the cake as",LITERAL
spill the beans,2,"While cooking, the clumsy chef managed to spill the beans",DRAFT-needs-2nd-annotator-validation,3.59,1,". The ingredients were all over the place and there was no way they would come together to make the dish. In the end, the chef ended up serving his customers with a mess. The same thing can happen in a project when there is no proper",LITERAL
spill the beans,2,"While cooking, the clumsy chef managed to spill the beans",DRAFT-needs-2nd-annotator-validation,3.59,2,". This was not his first accident. The chef is not the only one to be concerned. The kitchen staff is also at risk. In the past, the kitchen was a very dangerous place to work. In 1906, the U.S.",LITERAL
spill the beans,2,"While cooking, the clumsy chef managed to spill the beans",DRAFT-needs-2nd-annotator-validation,3.59,3,". A fire broke out in the kitchen, and the fire brigade was called to extinguish the flames. The firemen were able to put out the fire quickly, but not before the kitchen was completely destroyed.
The fire brigade was able to put out",FIGURATIVE
spill the beans,2,"While cooking, the clumsy chef managed to spill the beans",DRAFT-needs-2nd-annotator-validation,3.59,4,", and now has a pile of mashed potatoes to clean up. The player must use a spoon to pick up the mashed potatoes and transfer them to a plate, before the timer runs out. The player must be quick to avoid the timer running out,",FIGURATIVE
spill the beans,2,"While cooking, the clumsy chef managed to spill the beans",DRAFT-needs-2nd-annotator-validation,4.78,0,". But the damage was not as bad as it could have been. Fortunately, he was able to stop the spill in time and save the day. What was he doing? He was using a fire extinguisher to put out the fire.
A fire",FIGURATIVE
spill the beans,2,"While cooking, the clumsy chef managed to spill the beans",DRAFT-needs-2nd-annotator-validation,4.78,1,". What should he do to get out of this sticky situation?
He should take a bath in the soup.
The soup is the only thing that can help him get rid of the mess.",LITERAL
spill the beans,2,"While cooking, the clumsy chef managed to spill the beans",DRAFT-needs-2nd-annotator-validation,4.78,2,". Now the entire kitchen floor is soaked in the mess. The first order of business is to clean the floor, but then it’s time for the real work: cleaning the floor. Can you help the chef clean the kitchen floor and remove all the",FIGURATIVE
spill the beans,2,"While cooking, the clumsy chef managed to spill the beans",DRAFT-needs-2nd-annotator-validation,4.78,3,": he accidentally spilled the entire contents of the pot onto the floor. Fortunately, the chef was able to scoop up the ingredients with a spoon. However, the resulting mess was a disaster. How many grams of the ingredients did the chef manage to collect",FIGURATIVE
spill the beans,2,"While cooking, the clumsy chef managed to spill the beans",DRAFT-needs-2nd-annotator-validation,4.78,4," with this latest leak. A couple of hours ago, a prototype of the Samsung Galaxy Note 10.1 was spotted online by the folks over at MySmartPrice. What's more interesting is that the device in question appears to be running Android ",FIGURATIVE
